id,name__en,name__nl,name__fr,name,wikipedia__en,gender,occupation,birth_date,given_name,original_wikiname,name__de,name__it,death_date,name__yo,wikipedia__yo,name__hu,identifier__NPG,identifier__hansard,identifier__VIAF,name__ca,wikipedia__ca,identifier__ISNI,identifier__LCAuth,identifier__BNF,identifier__SUDOC,identifier__NTA,identifier__FAST,name__new,wikipedia__new,image,name__es,wikipedia__fr,name__sv,wikipedia__sv,name__nb,name__da,name__nn,wikipedia__de,name__cy,name__ru,wikipedia__ru,name__tr,wikipedia__no,wikipedia__tr,identifier__freebase,name__gl,wikipedia__it,name__zh_hant,name__zh_cn,name__dv,name__ja,wikipedia__dv,name__cs,name__eu,name__pl,wikipedia__pl,name__id,name__sk,name__el,name__hy,name__ar,wikipedia__ar,wikipedia__el,wikipedia__id,wikipedia__ja,wikipedia__sk,name__fa,name__sh,name__sr_el,name__sr_ec,name__sr,wikipedia__fa,wikipedia__sh,wikipedia__sr,name__he,wikipedia__simple,name__zh_hans,name__zh_hk,name__zh,name__fi,wikipedia__es,wikipedia__fi,wikipedia__nl,wikipedia__zh,identifier__Britannica,name__zh_sg,name__zh_tw,name__ko,name__ta,name__et,name__hi,name__pt,name__hr,name__lt,name__bn,name__en_ca,name__en_gb,name__pt_br,name__uk,wikipedia__bn,wikipedia__commons,wikipedia__cs,wikipedia__da,wikipedia__enwikiquote,wikipedia__et,wikipedia__gl,wikipedia__he,wikipedia__hi,wikipedia__hr,wikipedia__ko,wikipedia__lt,wikipedia__pt,wikipedia__ta,wikipedia__uk,name__ka,name__ms,name__vi,name__lb,name__oc,name__min,name__ml,name__mr,name__ne,name__la,name__pa,wikipedia__ka,wikipedia__la,wikipedia__lb,wikipedia__min,wikipedia__ml,wikipedia__mr,wikipedia__ms,wikipedia__ne,wikipedia__oc,wikipedia__pa,wikipedia__vi,name__br,name__eo,name__ksh,name__mk,name__sco,wikipedia__br,wikipedia__eo,wikipedia__ksh,wikipedia__sco,identifier__IMDB,website,twitter,name__io,name__de_ch,name__an,name__be,wikipedia__an,wikipedia__be,wikipedia__enwikinews,wikipedia__eu,wikipedia__io,identifier__GND,identifier__Munzinger,family_name,identifier__sycomore,name__nds,wikipedia__ruwikinews,identifier__GTAA,wikipedia__nn,identifier__NNDB,name__rw,name__be_tarask,name__bm,name__arz,wikipedia__arz,wikipedia__be_x_old,wikipedia__bm,wikipedia__plwikiquote,wikipedia__rw,identifier__snac,identifier__senatDOTfr,identifier__AlloCine,identifier__moviemeter,identifier__elonet,identifier__PORT,identifier__kinopoisk,identifier__CSFD,identifier__filmportal_de,name__is,name__mg,wikipedia__is,wikipedia__mg,identifier__allmovie,name__diq,name__sl,wikipedia__sl,name__gd,wikipedia__gd,wikipedia__eswikisource,name__lv,wikipedia__lv,identifier__bigenc_ru,identifier__MusicBrainz,identifier__NKC,identifier__CANTIC,identifier__discogs,identifier__SFDb,identifier__SCOPE,identifier__DNF,name__qu,wikipedia__qu,name__af,name__ast,name__bar,name__co,name__de_at,name__frc,name__frp,name__fur,name__ga,name__gsw,name__ia,name__ie,name__jam,name__kab,name__kg,name__li,name__lij,name__nap,name__nds_nl,name__nrm,name__pap,name__pcd,name__pms,name__prg,name__rgn,name__rm,name__ro,name__sc,name__scn,name__sw,name__vec,name__vls,name__vmf,name__vo,name__wa,name__wo,name__zu,identifier__OLID,identifier__BNE,second_surname,name__bg,name__kk,name__az,wikipedia__az,wikipedia__bg,wikipedia__kk,wikipedia__ro,identifier__NDL,name__se,wikipedia__se,facebook,identifier__quora,wikipedia__eswikiquote,identifier__GNC,identifier__nlg,name__so,name__th,wikipedia__arwikinews,wikipedia__so,wikipedia__th,name__ku_arab,name__ku_latn,name__ku,wikipedia__ku,identifier__leonore,name__bcl,name__mwl,wikipedia__bcl,wikipedia__mwl,wikipedia__srwikinews,identifier__Oxforddnb,wikipedia__hy,identifier__UScongress,name__bs,wikipedia__bs
Q18739108,"Osbert Potter",,"Osbert Potter","Osbert Potter","Osbert Potter",male,,1956-05-08,Osbert,"Osbert Potter",,,,,,,,,,,,,,,,,,,,,,,,,,,,,,,,,,,,,,,,,,,,,,,,,"Όσμπερτ Πότερ",,,,"Όσμπερτ Πότερ",,,,,,,,,,,,,,,,,,,,,,,,,,,,,,,,,"Osbert Potter","Osbert Potter",,,,,,,,,,,,,,,,,,,,,,,,,,,,,,,,,,,,,,,,,,,,,,,,,,,,,,,,,,,,,,,,,,,,,,,,,,,,,,,,,,,,,,,,,,,,,,,,,,,,,,,,,,,,,,,,,,,,,,,,,,,,,,,,,,,,,,,,,,,,,,,,,,,,,,,,,,,,,,,,,,,,,,,,,,,,,,,,,,,,,,,,,
Q20900283,"Pedro Encarnacion","Pedro Encarnacion","Pedro Encarnacion","Pedro Encarnacion",,male,,,Pedro,,,,,,,,,,,,,,,,,,,,,,,,,,,,,,,,,,,,,,,,,,,,,,,,,,,,,,,,,,,,,,,,,,,,,,,,,,,,,,,,,,,,,,,,,,,,,,,,,,,,,,,,,,,,,,,,,,,,,,,,,,,,,,,,,,,,,,,,,,,,,,,,,,,,,,,,,,,,,,,,,,,,,,,,,,,,,,,,,,,,,,,,,,,,,,,,,,,,,,,,,,,,,,,,,,,,,,,,,,,,,,,,,,,,,,,,,,,,,,,,,,,,,,,,,,,,,,,,,,,,,,,,,,,,,,,,,
Q20900285,"Joseph A. Gomez","Joseph A. Gomez","Joseph A. Gomez","Joseph A. Gomez",,male,politician,,Joseph,,"Joseph A. Gomez",,1965-07,,,,,,,,,,,,,,,,,,"Joseph A. Gomez",,,,,,,,,,,,,,,,,,,,,,,,,,,,,,,,,,,,,,,,,,,,,,,,,"Joseph A. Gomez",,,,,,,,,,,,,,,,,,,,,,,,,,,,,,,,,,,,,,,,,,,,,,,,,,,,,,,,,,,,,,,,,,,,,,,,,,,,,,,,,,,,,,,,,,,,,,,,,,,,,,,,,,,,,,,,,,,,,,,,,,,,,,,,,,,,,,,,,,,,,,,,,,,,,,,,,,,,,,,,,,,,,,,,,,,,,,,,,,,,,,,,,,,,,,,,,,,,,,,,,,
Q20900293,"Athniel C. Ottley","Athniel C. Ottley","Athniel C. Ottley","Athniel C. Ottley",,male,politician,,,,"Athniel C. Ottley",,,,,,,,,,,,,,,,,,,,"Athniel C. Ottley",,,,,,,,,,,,,,,,,,,,,,,,,,,,,,,,,,,,,,,,,,,,,,,,,,,,,,,,,,,,,,,,,,,,,,,,,,,,,,,,,,,,,,,,,,,,,,,,,,,,,,,,,,,,,,,,,,,,,,,,,,,,,,,,,,,,,,,,,,,,,,,,,,,,,,,,,,,,,,,,,,,,,,,,,,,,,,,,,,,,,,,,,,,,,,,,,,,,,,,,,,,,,,,,,,,,,,,,,,,,,,,,,,,,,,,,,,,,,,,,,,,,,,,,,,,
Q22947729,"Ruby M. Rouss","Ruby M. Rouss","Ruby M. Rouss","Ruby M. Rouss","Ruby M. Rouss",female,politician,1921-12-03,,"Ruby M. Rouss","Ruby M. Rouss",,1988-05-08,,,,,,,,,,,,,,,,,,"Ruby M. Rouss",,,,,,,,,,,,,,,,,,,,,,,,,,,,,,,,,,,,,,,,,,,,,,,,,,,,,,,,,,,,,,,,,,,,,,,,,,,,,,,,,,,,,,,"Ruby M. Rouss",,,,,,,,,,,,,,,,,,,,,,,,,,,,,,,,,,,,,,,,,,,,,,,,,,,,,,,,,,,,,,,,,,,,,,,,,,,,,,,,,,,,,,,,,,,,,,,,,,,,,,,,,,,,,,,,,,,,,,,,,,,,,,,,,,,,,,,,,,,,,,,,,,,,,,,,,,,,,,,,,,,,
Q2819582,"Ron de Lugo","Ron de Lugo","Ron de Lugo","Ron de Lugo","Ron de Lugo",male,politician,1930-08-02,Ron,"Ron de Lugo","Ron de Lugo","Ron de Lugo",,,,"Ron de Lugo",,,,,,,,,,,,,,https://upload.wikimedia.org/wikipedia/commons/f/f5/Ron_de_Lugo.jpg,"Ron de Lugo",,,,,,,"Ron de Lugo",,,,,,,/m/01t028,,,,,,,,,,,,,,,,,,,,,,,,,,,,,,,,,,,"Ron de Lugo",,,,,,,,,,,,,,,,,,,,,,,,,,,,,,,,,,,,,,,,,,,,,,,,,,,,,,,,,,,,,,,,,,,,,,,,,,,,,,,,,,,,,,632/000132236,,,,,,,,,,,,,,,,,,,,,,,,,,,,,,,,,,,,,,,,,,,,,,,,,,,,,,,,,,,,,,,,,,,,,,,,,,,,,,,,,,,,,,,,,,,,,,,,,,,,,,,,,,,,,,,,,,D000209,,
Q28848657,"Lucinda Sewer Millin",,,"Lucinda Sewer Millin","Lucinda Sewer Millin",female,,,,"Lucinda Sewer Millin",,,,,,,,,,,,,,,,,,,,,,,,,,,,,,,,,,,,,,,,,,,,,,,,,,,,,,,,,,,,,,,,,,,,,,,,,,,,,,,,,,,,,,,,,,,,,,,,,,,,,,,,,,,,,,,,,,,,,,,,,,,,,,,,,,,,,,,,,,,,,,,,,,,,,,,,,,,,,,,,,,,,,,,,,,,,,,,,,,,,,,,,,,,,,,,,,,,,,,,,,,,,,,,,,,,,,,,,,,,,,,,,,,,,,,,,,,,,,,,,,,,,,,,,,,,,,,,,,,,,,,,,,,,,,,,,
Q28868256,"Marvin Allen Blyden",,,"Marvin Allen Blyden",,male,politician,,Marvin,,,,,,,,,,,,,,,,,,,,,,,,,,,,,,,,,,,,,,,,,,,,,,,,,,,,,,,,,,,,,,,,,,,,,,,,,,,,,,,,,,,,,,,,,,,,,,,,,,,,,,,,,,,,,,,,,,,,,,,,,,,,,,,,,,,,,,,,,,,,,,,,,,,,,,,,,,,,,,,,,,,,,,,,,,,,,,,,,,,,,,,,,,,,,,,,,,,,,,,,,,,,,,,,,,,,,,,,,,,,,,,,,,,,,,,,,,,,,,,,,,,,,,,,,,,,,,,,,,,,,,,,,,,,,,,,,
Q3038753,"Juan Francisco Luis","Juan Francisco Luis","Juan Francisco Luis","Juan Francisco Luis","Juan Francisco Luis",male,politician,1940-06-10,Juan,"Juan Francisco Luis","Juan Francisco Luis","Juan Francisco Luis",2011-06-04,,,"Juan Francisco Luis",,,,"Juan Francisco Luis",,,,,,,,,,,"Juan Francisco Luis","Juan Francisco Luis","Juan Francisco Luis",,"Juan Francisco Luis","Juan Francisco Luis","Juan Francisco Luis","Juan Francisco Luis","Juan Francisco Luis","Луис, Хуан Франко","Луис, Хуан Франко",,,,,,,,,,,,,,,,,,,,,,,,,,,,,,,,,,,,,,"胡安·弗朗西斯科·路易斯","Juan Francisco Luis",,,,,,,,,,,,,,,,,,,,,,,,,,,,,,,,,,,,,,,,,,,,,,,,,,,,,,,,,,,,,,,,,,,,,,,,,,,,,,,,,,,,,,,,,,,,,,,,,,,,,,,,,,,,,,,,,,,,,,,,,,,,,,,,,,,,,,,,,,,,,,,,,,,,,,,,,,,,,,,,,,,,,,,,,,,,,,,,,,,,,,,,,,,,,,,,,,,,,,,,,,
Q4683251,"Adlah Donastorg Jr.","Adlah Donastorg Jr.","Adlah Donastorg Jr.","Adlah Donastorg Jr.","Adlah Donastorg Jr.",male,politician,1961-12-30,,"Adlah Donastorg Jr.","Adlah Donastorg Jr.","Adlah Donastorg Jr.",,,,,,,,,,,,,,,,,,,"Adlah Donastorg Jr.",,"Adlah Donastorg Jr.",,"Adlah Donastorg Jr.","Adlah Donastorg Jr.","Adlah Donastorg Jr.",,,,,,,,,,,,,,,,,,,,,,,,,,,,,,,,,,,,,,,,,,,"Adlah Donastorg Jr.",,,,,,,,,,,,,,,,,,,,,,,,,,,,,,,,,,,,,,,,,,,,,,,,,,,,,,,,,,,,,,,,,,,,,,,,,,,,,,,,,,,,,,,,,,,,,,,,,,,,,,,,,,,,,,,,,,,,,,,,,,,,,,,,,,,,,,,,,,,,,,,,,,,,,,,,,,,,,,,,,,,,,,,,,,,,,,,,,,,,,,,,,,,,,,,,,,,,,,,,,,
Q5262040,"Derek Hodge","Derek Hodge","Derek Hodge","Derek Hodge","Derek Hodge",male,lawyer,1941-10-05,Derek,"Derek Hodge","Derek Hodge","Derek Hodge",2011-05-31,,,,,,,"Derek Hodge",,,,,,,,,,,"Derek Hodge",,"Derek Hodge",,"Derek Hodge","Derek Hodge","Derek Hodge",,,,,,,,,,,,,,,,,,,,,,,,,,,,,,,,,,,,,,,,,,,,,,,,,,,,,,,,,,,,,,,,,,,,,,,,,,,,,,,,,,,,,,,,,,,,,,,,,,,,,,,,,,,,,,,,,,,,,,,,,,,,,,,,,,,,,,,,,,,,,,,,,,,,,,,,,,,,,,,,,,,,,,,,,,,,,,,,,,,,,,,,,,,,,,,,,,,,,,,,,,,,,,,,,,,,,,,,,,,,,,,,,,,,,,,,,,,,,,,,,,,,,
Q5512335,"G. Luz A. James","G. Luz A. James","G. Luz A. James","G. Luz A. James","G. Luz A. James",male,lawyer,1926,G.,"G. Luz A. James","G. Luz A. James","G. Luz A. James",2006,,,,,,,"G. Luz A. James",,,,,,,,,,,"G. Luz A. James",,,,,,,,,,,,,,,,,,,,,,,,,,,,,,,,,,,,,,,,,,,,,,,,,"G. Luz A. James",,,,,,,,,,,,,,,,,,,,,,,,,,,,,,,,,,,,,,,,,,,,,,,,,,,,,,,,,,,,,,,,,,,,,,,,,,,,,,,,James,,,,,,,,,,,,,,,,,,,,,,,,,,,,,,,,,,,,,,,,,,,,,,,,,,,,,,,,,,,,,,,,,,,,,,,,,,,,,,,,,,,,,,,,,,,,,,,,,,,,,,,,,,,,,,,,,,,,,,,,,,
Q5550068,"Gerard Luz James","Gerard Luz James","Gerard Luz James","Gerard Luz James","Gerard Luz James",male,politician,1953-03-18,Gerard,"Gerard Luz James","Gerard Luz James","Gerard Luz James",,,,,,,,,,,,,,,,,,https://upload.wikimedia.org/wikipedia/commons/2/2a/Gerard_Luz_James.jpg,"Gerard Luz James",,"Gerard Luz James",,"Gerard Luz James","Gerard Luz James","Gerard Luz James",,,,,,,,,,,,,,,,,,,,,,,,,,,,,,,,,,,,,,,,,,,"Gerard Luz James",,,,,,,,,,,,,,,,,,,,,,,,,,,,,,,,,,,,,,,,,,,,,,,,,,,,,,,,,,,,,,,,,,,,,,,,,,,,,,,,James,,,,,,,,,,,,,,,,,,,,,,,,,,,,,,,,,,,,,,,,,,,,,,,,,,,,,,,,,,,,,,,,,,,,,,,,,,,,,,,,,,,,,,,,,,,,,,,,,,,,,,,,,,,,,,,,,,,,,,,,,,
Q6140455,"James O'Bryan, Jr.","James O'Bryan, Jr.","James O'Bryan","James O'Bryan, Jr.","James O'Bryan, Jr.",male,politician,1956-06-07,James,"James O'Bryan, Jr.","James O'Bryan, Jr.","James O'Bryan, Jr.",,,,"James O'Bryan, Jr.",,,,,,,,,,,,,,,"James O'Bryan, Jr.",,,,,,,,,,,,,,,,,,,,,,,,,,,,,,,,,,,,,,,,,,,,,,,,,"James O'Bryan, Jr.",,,,,,,,,,,,,,,,,,,,,,,,,,,,,,,,,,,,,,,,,,,,,,,,,,,,,,,,,,,,,,,,,,,,,,,,,,,,,,,,,,,,,,,,,,,,,,,,,,,,,,,,,,,,,,,,,,,,,,,,,,,,,,,,,,,,,,,,,,,,,,,,,,,,,,,,,,,,,,,,,,,,,,,,,,,,,,,,,,,,,,,,,,,,,,,,,,,,,,,,,,
Q6390443,"Kenneth Mapp","Kenneth Mapp","Kenneth Mapp","Kenneth Mapp","Kenneth Mapp",male,politician,1955-11-02,Kenneth,"Kenneth Mapp","Kenneth Mapp","Kenneth Mapp",,,,"Kenneth Mapp",,,,,,,,,,,,,,https://upload.wikimedia.org/wikipedia/commons/9/98/Kenneth_Ezra_Mapp.png,"Kenneth Mapp","Kenneth Mapp","Kenneth Mapp",,"Kenneth Mapp","Kenneth Mapp","Kenneth Mapp","Kenneth Mapp",,"Кеннет Мэпп",,,,,/m/0cz7_mc,,,"肯尼斯·馬普","肯尼斯·马普",,,,,,"Kenneth Mapp","Kenneth Mapp",,,"Κένεθ Μαπ",,,,"Κένεθ Μαπ",,,,,,,,,,,,,"Kenneth Mapp",,,,"Kenneth Mapp",,,,,,,,,,,,,,,,"Kenneth Mapp","Kenneth Mapp",,,,,,,,,,,,,,,,,,,,,,,,,,,,,,,,,,,,,,,,,,,,,,,,,,,,,,,,,,,,,,,,,,,,,,,,,,,,,,,,,,,,,,,,,,,,,,,,,,,,,,,,,,,,,,,,,,,,,,,,,,,,,,,,,,,,,,,,,,,,,,,,,,,,,,,,,,,,,,,,,,,,,,,,,,,,,,,,,,,,,,,,"Kenneth Mapp","Kenneth Mapp"
Q7915666,"Vargrave Richards","Vargrave Richards","Vargrave Richards","Vargrave Richards","Vargrave Richards",male,politician,1950-09-16,,"Vargrave Richards","Vargrave Richards","Vargrave Richards",,,,,,,,,,,,,,,,,,,"Vargrave Richards",,"Vargrave Richards",,"Vargrave Richards","Vargrave Richards","Vargrave Richards",,,,,,,,,,,,,,,,,,,,,,,,,,,,,,,,,,,,,,,,,,,"Vargrave Richards",,,,,,,,,,,,,,,,,,,,,,,,,,,,,,,,,,,,,,,,,,,,,,,,,,,,,,,,,,,,,,,,,,,,,,,,,,,,,,,,,,,,,,,,,,,,,,,,,,,,,,,,,,,,,,,,,,,,,,,,,,,,,,,,,,,,,,,,,,,,,,,,,,,,,,,,,,,,,,,,,,,,,,,,,,,,,,,,,,,,,,,,,,,,,,,,,,,,,,,,,,
