id,name__en,name__af,name__an,name__br,name__bs,name__ca,name__ceb,name__cs,name__cy,name__da,name__de,name__eo,name__es,name__et,name__eu,name__fi,name__fr,name__ga,name__gl,name__hr,name__hu,name__is,name__it,name__lb,name__lmo,name__lt,name__nds,name__nds_nl,name__nl,name__nn,name__pl,name__pms,name__pt,name__ro,name__sk,name__sl,name__sq,name__sv,name__tr,name__vec,name__wa,name__nb,name__gsw,name,wikipedia__en,gender,birth_date,death_date,given_name,original_wikiname,occupation,identifier__ISNI,identifier__VIAF,identifier__LCAuth,identifier__BNF,identifier__NPG,identifier__FAST,image,wikipedia__es,identifier__wikitree,name__ru,name__zh_hant,name__zh_cn,wikipedia__de,wikipedia__fr,identifier__freebase,website,name__zh,wikipedia__it,wikipedia__nl,wikipedia__pl,wikipedia__ru,name__de_ch,name__el,name__en_ca,name__en_gb,wikipedia__el,name__io,name__sh,wikipedia__io,wikipedia__pt,wikipedia__sh,family_name,name__ar,wikipedia__ar,wikipedia__tr,name__ja,wikipedia__zh,identifier__SUDOC
Q1281098,Craig Cannonier,,,,,,,,,,Craig Cannonier,,Craig Cannonier,,,,Craig Cannonier,,,,Craig Cannonier,,,,,,,,Craig Cannonier,,,,,,,,,,,,,,,Craig Cannonier,Craig Cannonier,male,1963,,Craig,Craig Cannonier,politician,,,,,,,https://upload.wikimedia.org/wikipedia/commons/b/bc/Craig_Cannonier.jpg,,,,,,Craig Cannonier,Craig Cannonier,/m/0pb8f9k,,克雷格·康隆尼,,,,,Craig Cannonier,Κρεγκ Κανονίερ,Craig Cannonier,Craig Cannonier,Κρεγκ Κανονίερ,,,,,,,,,,,,
Q1291036,Ewart Brown,,,,,,,,,,Ewart Brown,,Ewart Brown,,,,Ewart Brown,,,,Ewart Brown,,,,,,,,Ewart Brown,,Ewart Brown,,Ewart Brown,,,,,,,,,,,Ewart Brown,Ewart Brown,male,1946,,Ewart,Ewart Brown,politician,,313409802,,,,,https://upload.wikimedia.org/wikipedia/commons/0/07/Ewart_Brown.JPG,Ewart Brown,,,埃華特·布朗,埃华特·布朗,,Ewart Brown,/m/0269kmn,,,,,Ewart Brown,,,Γιούαρτ Μπράουν,,,Γιούαρτ Μπράουν,Ewart Brown,Ewart Brown,Ewart Brown,Ewart Brown,Ewart Brown,Brown,,,,,,
Q14946684,Russell Dismont,Russell Dismont,Russell Dismont,Russell Dismont,Russell Dismont,Russell Dismont,Russell Dismont,Russell Dismont,Russell Dismont,Russell Dismont,Russell Dismont,Russell Dismont,Russell Dismont,Russell Dismont,Russell Dismont,Russell Dismont,Russell Dismont,Russell Dismont,Russell Dismont,Russell Dismont,Russell Dismont,Russell Dismont,Russell Dismont,Russell Dismont,Russell Dismont,Russell Dismont,Russell Dismont,Russell Dismont,Russell Dismont,Russell Dismont,Russell Dismont,Russell Dismont,Russell Dismont,Russell Dismont,Russell Dismont,Russell Dismont,Russell Dismont,Russell Dismont,Russell Dismont,Russell Dismont,Russell Dismont,Russell Dismont,Russell Dismont,Russell Dismont,Russell Dismont,male,1913-06-27,2005-10-07,Russell,Russell Dismont,,,,,,,,,,,,,,,,,,,,,,,,,,,,,,,,,,,,,,,
Q15453029,Reginald Gray,,,,,,,,,,,,Reginald Gray,,,,,,,,,,,,,,,,,,,,,,,,,,,,,,,Reginald Gray,Reginald Gray (politician),male,1851,1935,Reginald,Reginald Gray (politician),barrister,,63723163,,,,,,,,,,,,,,,,,,,,,,,,,,,,,,,,,,,,
Q16588777,David Gibbons,,,,,,,,David Gibbons,,David Gibbons,,,,,,David Gibbons,,,,,,,,,,,,,,,,,,,,,,,,,,,David Gibbons,David Gibbons (politician),male,1927-06-15,2014-03-30,David,David Gibbons (politician),politician,,,,,,,,,,"Гиббонс, Дэвид",大衛·吉本斯,大卫·吉本斯,,David Gibbons,,,,,,,"Гиббонс, Дэвид",,,,,,,,,,,,,,,,,
Q16732783,Trevor Moniz,,,,,,,,,,,,,,,,,,,,,,Trevor Moniz,,,,,,,,,,,,,,,,,,,,,Trevor Moniz,Trevor Moniz,male,,,Trevor,Trevor Moniz,politician,,,,,,,https://upload.wikimedia.org/wikipedia/commons/1/1b/Trevor_Moniz.jpg,,,,,,,,,,,,,,,,,,,,,,,,,,,,,,,
Q16878583,John Barritt,,,,,,,,John Barritt,,John Barritt,,,,,,John Barritt,,,,,,,,,,,,,,,,,,,,,,,,,,,John Barritt,John Barritt,male,1916-02-14,2014-05-13,John,John Barritt,,,,,,,,,,,,,,,,,,,,,,,,,,,,,,,,,,,,,,,
Q17626860,Michael Dunkley,,,,,,,,,,Michael Dunkley,,,,,,Michael Dunkley,,,,Michael Dunkley,,,,,,,,Michael Dunkley,,Michael Dunkley,,,,,,,,,,,,,Michael Dunkley,Michael Dunkley,male,1958-06-18,,Michael,Michael Dunkley,politician,,,,,,,https://upload.wikimedia.org/wikipedia/commons/9/9f/Michael_Dunkley_2015.jpg,,,,邁克爾·鄧克利,迈克尔·邓克利,,Michael Dunkley,,,邁克爾·鄧克利,,,Michael Dunkley,,,,,,,,,,,,,,,,マイケル・ダンクリー,邁克爾·鄧克利,
Q20737649,Robert Barritt,,,,,,,,Robert Barritt,,,,,,,,Robert Barritt,,,,,,,,,,,,Robert Barritt,,,,,,,,,,,,,,,Robert Barritt,Robert Barritt,male,1927,2015-06-21,Robert,Robert Barritt,artist,,,,,,,,,,,,,,,,,,,,,,,,,,,,,,,,,,,,,,
Q22959282,Pamela Gordon,,,,,,,,,,Pamela Gordon,,,,,,Pamela Gordon,,,,,,,,,,,,Pamela Gordon,,,,,,,,,,,,,,,Pamela Gordon,Pamela Gordon (politician),female,1955,,Pamela,Pamela Gordon (politician),politician,,,,,,,,,,,,,Pamela Gordon,Pamela Gordon,,,帕梅拉·戈登,,,,,,,,,,,,,,,,,,,,,
Q23772603,Marc Bean,,,,,,,,,,,,,,,,,,,,,,,,,,,,Marc Bean,,,,,,,,,,,,,,,Marc Bean,Marc Bean,male,1974-02-19,,Marc,Marc Bean,,,,,,,,https://upload.wikimedia.org/wikipedia/commons/5/5e/Marc_Bean_PC.png,,,,,,,,,,,,,,,,,,,,,,,,,,,,,,,
Q2616239,Randy Horton,,,,,,,,,Randy Horton,Randy Horton,,Randy Horton,,,,Randy Horton,,,,Randy Horton,,Randy Horton,,,,,,Randy Horton,Randy Horton,Randy Horton,,,,,,,Randy Horton,,,,Randy Horton,,Randy Horton,Randy Horton,male,1945-01-22,,Randy,Randy Horton,association football player,,,,,,,,,,"Хортон, Рэнди",,,,Randy Horton,/m/025y7xs,,蘭迪·霍頓,Randy Horton,Randy Horton,Randy Horton,"Хортон, Рэнди",,,,,,,,,,,,,,,,,
Q26213612,Ann Cartwright DeCouto,,,,,,,,,,,,,,,,,,,,,,,,,,,,Ann Cartwright DeCouto,,,,,,,,,,,,,,,Ann Cartwright DeCouto,Ann Cartwright DeCouto,female,1941,2016-07-01,,Ann Cartwright DeCouto,,,,,,,,,,,,,,,,,,,,,,,,,,,,,,,,,,,,,,,
Q3082392,Paula Cox,,,,,,,,,,Paula Cox,,Paula Cox,,,,Paula Cox,,,,Paula Cox,,,,,,,,Paula Cox,,,,,,,,,,Paula Cox,,,,,Paula Cox,Paula Cox,female,1964,,Paula,Paula Cox,lawyer,,,,,,,https://upload.wikimedia.org/wikipedia/commons/5/5d/Paula_Cox_2010_(cropped).jpg,,,,寶拉·考克斯,宝拉·考克斯,Paula Cox,Paula Cox,/m/0ds7z3c,,,,,,,,Πόλα Κοξ,,,Πόλα Κοξ,,,,,,,بولا كوكس,بولا كوكس,Paula Cox,,,
Q3182553,John Swan,,,,,,,,,John Swan,John Swan,,John Swan,,,,John Swan,,,,John Swan,,,,,,,,John Swan,John Swan,,,,,,,,John Swan,,,,John Swan,,John Swan,John Swan (Bermudian politician),male,1935-07-03,,John,John Swan (Bermudian politician),politician,,,,,,,https://upload.wikimedia.org/wikipedia/commons/b/bb/John_Swan.jpg,,,,約翰·斯萬,约翰·斯万,John William David Swan,John Swan,/m/03fcwk,http://sirjohnswan.webs.com/,,,,,,,,,,,,,,,,,,,,,,
Q5337230,Edgar F. Gordon,,,,,,,,,,,,Edgar F. Gordon,,,,,,,,,,,,,,,,Edgar F. Gordon,,,,,,,,,,,,,,,Edgar F. Gordon,Edgar F. Gordon,male,1895-03-20,1955-04-20,Edgar,Edgar F. Gordon,physician,,,,,,,,,,,,,,,,,,,,,,,,,,,,,,,,,,,,,,
Q5345044,Edward Richards,,,,,,,,,,Edward Richards,,,,,,Edward Richards,,,,,,,,,,,,Edward Richards,,,,,,,,,,,,,,,Edward Richards,Edward Richards,male,1908-10-04,1991,Edward,Edward Richards,lawyer,,,,,,,,,,"Ричардс, Эдвард",愛德華·理查茲,爱德华·理查兹,,Edward Richards,,,,,,,"Ричардс, Эдвард",,,,,,,,,,,,,,,,,
Q5560863,Gilbert Cooper,,,,,,,,,,Gilbert Cooper,,,,,,,,,,,,Gilbert Cooper,,,,,,Gilbert Cooper,,,,,,,,,,,,,,,Gilbert Cooper,Gilbert Cooper,male,1903-07-31,1989-05-29,Gilbert,Gilbert Cooper,politician,,,,,,,,,,,,,,,,,,,,,,,,,,,,,,,,,,,,,,
Q5592941,Graham Ingham,,,,,,,,,,Graham Ingham,,Graham Ingham,,,,Graham Ingham,,,,,,Graham Ingham,,,,,,Graham Ingham,,,,,,,,,,,,,,,Graham Ingham,Graham Ingham,male,1851-01-30,1926-04-09,Graham,Graham Ingham,priest,0000 0000 8154 1829,74010677,nr94008652,135250649,mp132826,337511,,,,,,,,,,,,,,,,,,,,,,,,,,,,,,,,
Q5729335,Henry Tucker,,,,,,,,,,Henry Tucker,,,,,,Henry Tucker,,,,,,,,,,,,Henry Tucker,,,,,,,,,,,,,,,Henry Tucker,Henry Tucker (Bermudian politician),male,1903-03-14,1986-01-09,Henry,Henry Tucker (Bermudian politician),stockbroker,,4672894,,,,,,,,"Такер, Генри",,,,Henry Tucker,,,亨利·塔克,,,,"Такер, Генри",,,,,,,,,,,,,,,,,
Q6178578,Jennifer M. Smith,,,,,,,,,,Jennifer M. Smith,,Jennifer M. Smith,,,,Jennifer M. Smith,,,,Jennifer M. Smith,,,,,,,,Jennifer M. Smith,,,,,,,,,,,,,,,Jennifer M. Smith,Jennifer M. Smith,female,1947,,Jennifer,Jennifer M. Smith,politician,,,,,,,https://upload.wikimedia.org/wikipedia/commons/e/ea/J_M_Smith.png,,,,,,Jennifer M. Smith,Jennifer M. Smith,,,珍妮弗·史密斯,,,,,,,,,,,,,,,Smith,,,,,,
Q6409462,Kim Swan,,,,,,,,,,Kim Swan,,Kim Swan,,,,,,,,Kim Swan,,,,,,,,Kim Swan,,,,,,,,,,,,,,,Kim Swan,Kim Swan,male,1957-10-04,,,Kim Swan,politician,,,,,,,,,,,,,,,,,,,,,,,,,,,,,,,,,,,,,,
Q6668221,Lois Browne-Evans,,,,,,,,,,,,,,,,Lois Browne-Evans,,,,,,,,,,,,,,,,,,,,,,,,,,,Lois Browne-Evans,Lois Browne-Evans,female,1927-06-01,2007-05-29,Lois,Lois Browne-Evans,,,232537301,,,,,,,,,,,,,,,,,,,,,,,,,,,,,,,,,,,,
Q7025038,Nicholas Bayard Dill,,,,,,,,,,Nicholas Bayard Dill,,Nicholas Bayard Dill,,,,Nicholas Bayard Dill,,,,,,,,,,,,Nicholas Bayard Dill,,,,,,,,,,,,,,,Nicholas Bayard Dill,Nicholas Bayard Dill,male,1905-12-28,1993-09-10,Nicholas,Nicholas Bayard Dill,engineer,,,,,,,,Nicholas Bayard Dill,Dill-774,,,,,,,,,,,,,,,,,,,,,,,,,,,,,
Q7287829,Ralph Marshall,,,,,,,,,,Ralph Marshall,,,,,,Ralph Marshall,,,,Ralph Marshall,,Ralph Marshall,,,,,,,,,,,,,,,,,,,,,Ralph Marshall,Ralph Marshall,male,1927-05-04,2012-09-18,Ralph,Ralph Marshall,civil engineer,,,,,,,,,,Ральф Маршалл,,,,,,,,,,,,,,,,,,,,,,,,,,,,
Q7308649,Reginald Conyers,,,,,,,,,,Reginald Conyers,,,,,,,,,,,,,,,,,,Reginald Conyers,,,,,,,,,,,,,,,Reginald Conyers,Reginald Conyers,male,1879-09-03,1948-07-26,Reginald,Reginald Conyers,cricketer,,,,,,,,,,,,,,,,,,,,,,,,,,,,,,,,,,,,,,
Q8004288,William Alexander Scott,,,,,,,,,,William Alexander Scott,,William Alexander Scott,,,,William Alexander Scott,,,,,,,,,,,,William Alexander Scott,,,,,,,,,,,,,,,William Alexander Scott,Alex Scott (politician),male,1940,,William,Alex Scott (politician),,,54861,,12185725r,,,,,,,威廉·亞歷山大·斯科特,威廉·亚历山大·斯科特,,Alex Scott (Bermudes),,,,,,,,,,,,,William Alexander Scott,,William Alexander Scott,,,,,,,,,030443865
