name,sort_name,party,constituency,wikiname,term
Aila Paloniemi,"Paloniemi, Aila",Keskusta,Keski-Suomi,Aila Paloniemi,37
Aino-Kaisa Pekonen,"Pekonen, Aino-Kaisa",Vasemmistoliitto,Häme,Aino-Kaisa Pekonen,37
Alexander Stubb,"Stubb, Alexander",Kokoomus,Uusimaa,Alexander Stubb,37
Anders Adlercreutz,"Adlercreutz, Anders",RKP,Uusimaa,Anders Adlercreutz,37
Anna Kontula,"Kontula, Anna",Vasemmistoliitto,Pirkanmaa,Anna Kontula,37
Anna-Maja Henriksson,"Henriksson, Anna-Maja",RKP,Vaasa,Anna-Maja Henriksson,37
Anne Berner,"Berner, Anne",Keskusta,Uusimaa,Anne Berner,37
Anne Kalmari,"Kalmari, Anne",Keskusta,Keski-Suomi,Anne Kalmari,37
Anne Louhelainen,"Louhelainen, Anne",Uusi vaihtoehto,Häme,Anne Louhelainen,37
Anne-Mari Virolainen,"Virolainen, Anne-Mari",Kokoomus,Varsinais-Suomi,Anne-Mari Virolainen,37
Anneli Kiljunen,"Kiljunen, Anneli",Sosiaalidemokraatit,Kaakkois-Suomi,Anneli Kiljunen,37
Annika Lapintie,"Lapintie, Annika",Vasemmistoliitto,Varsinais-Suomi,Annika Lapintie,37
Annika Saarikko,"Saarikko, Annika",Keskusta,Varsinais-Suomi,Annika Saarikko,37
Antero Laukkanen,"Laukkanen, Antero",Kristillisdemokraatit,Uusimaa,Antero Laukkanen,37
Antero Vartia,"Vartia, Antero",Vihreät,Helsinki,Antero Vartia,37
Antti Häkkänen,"Häkkänen, Antti",Kokoomus,Kaakkois-Suomi,Antti Häkkänen,37
Antti Kaikkonen,"Kaikkonen, Antti",Keskusta,Uusimaa,Antti Kaikkonen,37
Antti Kurvinen,"Kurvinen, Antti",Keskusta,Vaasa,Antti Kurvinen,37
Antti Lindtman,"Lindtman, Antti",Sosiaalidemokraatit,Uusimaa,Antti Lindtman,37
Antti Rantakangas,"Rantakangas, Antti",Keskusta,Oulu,Antti Rantakangas,37
Antti Rinne,"Rinne, Antti",Sosiaalidemokraatit,Uusimaa,Antti Rinne,37
Anu Vehviläinen,"Vehviläinen, Anu",Keskusta,Savo-Karjala,Anu Vehviläinen,37
Ari Jalonen,"Jalonen, Ari",Uusi vaihtoehto,Satakunta,Ari Jalonen,37
Ari Torniainen,"Torniainen, Ari",Keskusta,Kaakkois-Suomi,Ari Torniainen,37
Arja Juvonen,"Juvonen, Arja",Perussuomalaiset,Uusimaa,Arja Juvonen,37
Arto Pirttilahti,"Pirttilahti, Arto",Keskusta,Pirkanmaa,Arto Pirttilahti,37
Arto Satonen,"Satonen, Arto",Kokoomus,Pirkanmaa,Arto Satonen,37
Ben Zyskowicz,"Zyskowicz, Ben",Kokoomus,Helsinki,Ben Zyskowicz,37
Carl Haglund,"Haglund, Carl",RKP,Uusimaa,Carl Haglund,37
Eerikki Viljanen,"Viljanen, Eerikki",Keskusta,Uusimaa,Eerikki Viljanen,37
Eero Heinäluoma,"Heinäluoma, Eero",Sosiaalidemokraatit,Helsinki,Eero Heinäluoma,37
Eero Lehti,"Lehti, Eero",Kokoomus,Uusimaa,Eero Lehti,37
Eero Suutari,"Suutari, Eero",Kokoomus,Oulu,Eero Suutari,37
Eeva-Johanna Eloranta,"Eloranta, Eeva-Johanna",Sosiaalidemokraatit,Varsinais-Suomi,Eeva-Johanna Eloranta,37
Eeva-Maria Maijala,"Maijala, Eeva-Maria",Keskusta,Lappi,Eeva-Maria Maijala,37
Elina Lepomäki,"Lepomäki, Elina",Kokoomus,Uusimaa,Elina Lepomäki,37
Elsi Katainen,"Katainen, Elsi",Keskusta,Savo-Karjala,Elsi Katainen,37
Emma Kari,"Kari, Emma",Vihreät,Helsinki,Emma Kari,37
Erkki Tuomioja,"Tuomioja, Erkki",Sosiaalidemokraatit,Helsinki,Erkki Tuomioja,37
Esko Kiviranta,"Kiviranta, Esko",Keskusta,Varsinais-Suomi,Esko Kiviranta,37
Eva Biaudet,"Biaudet, Eva",RKP,Helsinki,Eva Biaudet,37
Hanna Halmeenpää,"Halmeenpää, Hanna",Vihreät,Oulu,Hanna Halmeenpää,37
Hanna Kosonen,"Kosonen, Hanna",Keskusta,Kaakkois-Suomi,Hanna Kosonen,37
Hanna Mäntylä,"Mäntylä, Hanna",Uusi vaihtoehto,Lappi,Hanna Mäntylä,37
Hanna Sarkkinen,"Sarkkinen, Hanna",Vasemmistoliitto,Oulu,Hanna Sarkkinen,37
Hannakaisa Heikkinen,"Heikkinen, Hannakaisa",Keskusta,Savo-Karjala,Hannakaisa Heikkinen,37
Hannu Hoskonen,"Hoskonen, Hannu",Keskusta,Savo-Karjala,Hannu Hoskonen,37
Harri Jaskari,"Jaskari, Harri",Kokoomus,Pirkanmaa,Harri Jaskari,37
Harry Harkimo,"Harkimo, Harry",Kokoomus,Uusimaa,Harry Harkimo,37
Harry Wallin,"Wallin, Harry",Sosiaalidemokraatit,Vaasa,Harry Wallin,37
Heli Järvinen,"Järvinen, Heli",Vihreät,Kaakkois-Suomi,Heli Järvinen,37
Ilkka Kanerva,"Kanerva, Ilkka",Kokoomus,Varsinais-Suomi,Ilkka Kanerva,37
Ilkka Kantola,"Kantola, Ilkka",Sosiaalidemokraatit,Varsinais-Suomi,Ilkka Kantola,37
Ilmari Nurminen,"Nurminen, Ilmari",Sosiaalidemokraatit,Pirkanmaa,Ilmari Nurminen,37
Jaana Laitinen-Pesola,"Laitinen-Pesola, Jaana",Kokoomus,Satakunta,Jaana Laitinen-Pesola,37
Jaana Pelkonen,"Pelkonen, Jaana",Kokoomus,Helsinki,Jaana Pelkonen,37
Jani Mäkelä,"Mäkelä, Jani",Perussuomalaiset,Kaakkois-Suomi,Jani Mäkelä,37
Jani Toivola,"Toivola, Jani",Vihreät,Uusimaa,Jani Toivola,37
Jari Leppä,"Leppä, Jari",Keskusta,Kaakkois-Suomi,Jari Leppä,37
Jari Lindström,"Lindström, Jari",Uusi vaihtoehto,Kaakkois-Suomi,Jari Lindström,37
Jari Myllykoski,"Myllykoski, Jari",Vasemmistoliitto,Satakunta,Jari Myllykoski,37
Jari Ronkainen,"Ronkainen, Jari",Perussuomalaiset,Häme,Jari Ronkainen,37
Joakim Strand,"Strand, Joakim",RKP,Vaasa,Joakim Strand,37
Johanna Karimäki,"Karimäki, Johanna",Vihreät,Uusimaa,Johanna Karimäki,37
Johanna Ojala-Niemelä,"Ojala-Niemelä, Johanna",Sosiaalidemokraatit,Lappi,Johanna Ojala-Niemelä,37
Joona Räsänen,"Räsänen, Joona",Sosiaalidemokraatit,Uusimaa,Joona Räsänen,37
Juha Pylväs,"Pylväs, Juha",Keskusta,Oulu,Juha Pylväs,37
Juha Rehula,"Rehula, Juha",Keskusta,Häme,Juha Rehula,37
Juha Sipilä,"Sipilä, Juha",Keskusta,Oulu,Juha Sipilä,37
Juhana Vartiainen,"Vartiainen, Juhana",Kokoomus,Helsinki,Juhana Vartiainen,37
Juho Eerola,"Eerola, Juho",Perussuomalaiset,Kaakkois-Suomi,Juho Eerola,37
Jukka Gustafsson,"Gustafsson, Jukka",Sosiaalidemokraatit,Pirkanmaa,Jukka Gustafsson,37
Jukka Kopra,"Kopra, Jukka",Kokoomus,Kaakkois-Suomi,Jukka Kopra,37
Jussi Niinistö,"Niinistö, Jussi",Uusi vaihtoehto,Uusimaa,Jussi Niinistö,37
Jutta Urpilainen,"Urpilainen, Jutta",Sosiaalidemokraatit,Vaasa,Jutta Urpilainen,37
Jyrki Kasvi,"Kasvi, Jyrki",Vihreät,Uusimaa,Jyrki Kasvi,37
Kai Mykkänen,"Mykkänen, Kai",Kokoomus,Uusimaa,Kai Mykkänen,37
Kaj Turunen,"Turunen, Kaj",Uusi vaihtoehto,Kaakkois-Suomi,Kaj Turunen,37
Kalle Jokinen,"Jokinen, Kalle",Kokoomus,Häme,Kalle Jokinen (kokoomuslainen poliitikko),37
Kari Kulmala,"Kulmala, Kari",Uusi vaihtoehto,Savo-Karjala,Kari Kulmala,37
Kari Tolvanen,"Tolvanen, Kari",Kokoomus,Uusimaa,Kari Tolvanen,37
Kari Uotila,"Uotila, Kari",Vasemmistoliitto,Uusimaa,Kari Uotila,37
Katja Hänninen,"Hänninen, Katja",Vasemmistoliitto,Oulu,Katja Hänninen,37
Katja Taimela,"Taimela, Katja",Sosiaalidemokraatit,Varsinais-Suomi,Katja Taimela,37
Katri Kulmuni,"Kulmuni, Katri",Keskusta,Lappi,Katri Kulmuni,37
Kauko Juhantalo,"Juhantalo, Kauko",Keskusta,Satakunta,Kauko Juhantalo,37
Kimmo Kivelä,"Kivelä, Kimmo",Uusi vaihtoehto,Savo-Karjala,Kimmo Kivelä,37
Kimmo Tiilikainen,"Tiilikainen, Kimmo",Keskusta,Kaakkois-Suomi,Kimmo Tiilikainen,37
Krista Kiuru,"Kiuru, Krista",Sosiaalidemokraatit,Satakunta,Krista Kiuru,37
Krista Mikkonen,"Mikkonen, Krista",Vihreät,Savo-Karjala,Krista Mikkonen,37
Kristiina Salonen,"Salonen, Kristiina",Sosiaalidemokraatit,Satakunta,Kristiina Salonen,37
Lasse Hautala,"Hautala, Lasse",Keskusta,Vaasa,Lasse Hautala,37
Laura Huhtasaari,"Huhtasaari, Laura",Perussuomalaiset,Satakunta,Laura Huhtasaari,37
Lauri Ihalainen,"Ihalainen, Lauri",Sosiaalidemokraatit,Keski-Suomi,Lauri Ihalainen,37
Lea Mäkipää,"Mäkipää, Lea",Uusi vaihtoehto,Pirkanmaa,Lea Mäkipää,37
Leena Meri,"Meri, Leena",Perussuomalaiset,Uusimaa,Leena Meri,37
Lenita Toivakka,"Toivakka, Lenita",Kokoomus,Kaakkois-Suomi,Lenita Toivakka,37
Li Andersson,"Andersson, Li",Vasemmistoliitto,Varsinais-Suomi,Li Andersson,37
Maarit Feldt-Ranta,"Feldt-Ranta, Maarit",Sosiaalidemokraatit,Uusimaa,Maarit Feldt-Ranta,37
Mari-Leena Talvitie,"Talvitie, Mari-Leena",Kokoomus,Oulu,Mari-Leena Talvitie,37
Maria Guzenina,"Guzenina, Maria",Sosiaalidemokraatit,Uusimaa,Maria Guzenina,37
Maria Lohela,"Lohela, Maria",Uusi vaihtoehto,Varsinais-Suomi,Maria Lohela,37
Maria Tolppanen,"Tolppanen, Maria",Sosiaalidemokraatit,Vaasa,Maria Tolppanen,37
Marisanna Jarva,"Jarva, Marisanna",Keskusta,Oulu,Marisanna Jarva,37
Markku Eestilä,"Eestilä, Markku",Kokoomus,Savo-Karjala,Markku Eestilä,37
Markku Pakkanen,"Pakkanen, Markku",Keskusta,Kaakkois-Suomi,Markku Pakkanen,37
Markku Rossi,"Rossi, Markku",Keskusta,Savo-Karjala,Markku Rossi,37
Markus Lohi,"Lohi, Markus",Keskusta,Lappi,Markus Lohi,37
Markus Mustajärvi,"Mustajärvi, Markus",Vasemmistoliitto,Lappi,Markus Mustajärvi,37
Martti Mölsä,"Mölsä, Martti",Uusi vaihtoehto,Pirkanmaa,Martti Mölsä,37
Martti Talja,"Talja, Martti",Keskusta,Häme,Martti Talja,37
Mats Löfström,"Löfström, Mats",Åländsk Samling,Ahvenanmaa,Mats Löfström,37
Mats Nylund,"Nylund, Mats",RKP,Vaasa,Mats Nylund,37
Matti Semi,"Semi, Matti",Vasemmistoliitto,Savo-Karjala,Matti Semi,37
Matti Torvinen,"Torvinen, Matti",Uusi vaihtoehto,Lappi,Matti Torvinen,37
Matti Vanhanen,"Vanhanen, Matti",Keskusta,Uusimaa,Matti Vanhanen,37
Mauri Pekkarinen,"Pekkarinen, Mauri",Keskusta,Keski-Suomi,Mauri Pekkarinen,37
Merja Mäkisalo-Ropponen,"Mäkisalo-Ropponen, Merja",Sosiaalidemokraatit,Savo-Karjala,Merja Mäkisalo-Ropponen,37
Mika Kari,"Kari, Mika",Sosiaalidemokraatit,Häme,Mika Kari,37
Mika Lintilä,"Lintilä, Mika",Keskusta,Vaasa,Mika Lintilä,37
Mika Niikko,"Niikko, Mika",Perussuomalaiset,Uusimaa,Mika Niikko,37
Mika Raatikainen,"Raatikainen, Mika",Perussuomalaiset,Helsinki,Mika Raatikainen,37
Mikaela Nylander,"Nylander, Mikaela",RKP,Uusimaa,Mikaela Nylander,37
Mikko Alatalo,"Alatalo, Mikko",Keskusta,Pirkanmaa,Mikko Alatalo,37
Mikko Kärnä,"Kärnä, Mikko",Keskusta,Lappi,Mikko Kärnä,37
Mikko Savola,"Savola, Mikko",Keskusta,Vaasa,Mikko Savola,37
Mirja Vehkaperä,"Vehkaperä, Mirja",Keskusta,Oulu,Mirja Vehkaperä,37
Nasima Razmyar,"Razmyar, Nasima",Sosiaalidemokraatit,Helsinki,Nasima Razmyar,37
Niilo Keränen,"Keränen, Niilo",Keskusta,Oulu,Niilo Keränen,37
Olavi Ala-Nissilä,"Ala-Nissilä, Olavi",Keskusta,Varsinais-Suomi,Olavi Ala-Nissilä,37
Olli Immonen,"Immonen, Olli",Perussuomalaiset,Oulu,Olli Immonen,37
Olli Rehn,"Rehn, Olli",Keskusta,Helsinki,Olli Rehn,37
Olli-Poika Parviainen,"Parviainen, Olli-Poika",Vihreät,Pirkanmaa,Olli-Poika Parviainen,37
Outi Alanko-Kahiluoto,"Alanko-Kahiluoto, Outi",Vihreät,Helsinki,Outi Alanko-Kahiluoto,37
Outi Mäkelä,"Mäkelä, Outi",Kokoomus,Uusimaa,Outi Mäkelä,37
Ozan Yanar,"Yanar, Ozan",Vihreät,Helsinki,Ozan Yanar,37
Paavo Arhinmäki,"Arhinmäki, Paavo",Vasemmistoliitto,Helsinki,Paavo Arhinmäki,37
Paavo Väyrynen,"Väyrynen, Paavo",Keskusta,Lappi,Paavo Väyrynen,37
Paula Lehtomäki,"Lehtomäki, Paula",Keskusta,Helsinki,Paula Lehtomäki,37
Paula Risikko,"Risikko, Paula",Kokoomus,Vaasa,Paula Risikko,37
Pauli Kiuru,"Kiuru, Pauli",Kokoomus,Pirkanmaa,Pauli Kiuru,37
Pekka Haavisto,"Haavisto, Pekka",Vihreät,Helsinki,Pekka Haavisto,37
Pekka Puska,"Puska, Pekka",Keskusta,Helsinki,Pekka Puska,37
Pentti Oinonen,"Oinonen, Pentti",Uusi vaihtoehto,Savo-Karjala,Pentti Oinonen,37
Pertti Hakanen,"Hakanen, Pertti",Keskusta,Pirkanmaa,Pertti Hakanen,37
Pertti Salolainen,"Salolainen, Pertti",Kokoomus,Helsinki,Pertti Salolainen,37
Peter Östman,"Östman, Peter",Kristillisdemokraatit,Vaasa,Peter Östman,37
Petri Honkonen,"Honkonen, Petri",Keskusta,Keski-Suomi,Petri Honkonen,37
Petteri Orpo,"Orpo, Petteri",Kokoomus,Varsinais-Suomi,Petteri Orpo,37
Pia Kauma,"Kauma, Pia",Kokoomus,Uusimaa,Pia Kauma,37
Pia Viitanen,"Viitanen, Pia",Sosiaalidemokraatit,Pirkanmaa,Pia Viitanen,37
Pilvi Torsti,"Torsti, Pilvi",Sosiaalidemokraatit,Helsinki,Pilvi Torsti,37
Pirkko Mattila,"Mattila, Pirkko",Uusi vaihtoehto,Oulu,Pirkko Mattila,37
Pirkko Ruohonen-Lerner,"Ruohonen-Lerner, Pirkko",Perussuomalaiset,Uusimaa,Pirkko Ruohonen-Lerner,37
Päivi Räsänen,"Räsänen, Päivi",Kristillisdemokraatit,Häme,Päivi Räsänen,37
Rami Lehto,"Lehto, Rami",Perussuomalaiset,Häme,Rami Lehto,37
Reijo Hongisto,"Hongisto, Reijo",Uusi vaihtoehto,Vaasa,Reijo Hongisto,37
Riitta Myller,"Myller, Riitta",Sosiaalidemokraatit,Savo-Karjala,Riitta Myller,37
Ritva Elomaa,"Elomaa, Ritva",Perussuomalaiset,Varsinais-Suomi,Ritva Elomaa,37
Saara-Sofia Sirén,"Sirén, Saara-Sofia",Kokoomus,Varsinais-Suomi,Saara-Sofia Sirén,37
Sami Savio,"Savio, Sami",Perussuomalaiset,Pirkanmaa,Sami Savio,37
Sampo Terho,"Terho, Sampo",Uusi vaihtoehto,Helsinki,Sampo Terho,37
Sanna Lauslahti,"Lauslahti, Sanna",Kokoomus,Uusimaa,Sanna Lauslahti,37
Sanna Marin,"Marin, Sanna",Sosiaalidemokraatit,Pirkanmaa,Sanna Marin,37
Sanni Grahn-Laasonen,"Grahn-Laasonen, Sanni",Kokoomus,Häme,Sanni Grahn-Laasonen,37
Sari Essayah,"Essayah, Sari",Kristillisdemokraatit,Savo-Karjala,Sari Essayah,37
Sari Multala,"Multala, Sari",Kokoomus,Uusimaa,Sari Multala,37
Sari Raassina,"Raassina, Sari",Kokoomus,Savo-Karjala,Sari Raassina,37
Sari Sarkomaa,"Sarkomaa, Sari",Kokoomus,Helsinki,Sari Sarkomaa,37
Sari Tanus,"Tanus, Sari",Kristillisdemokraatit,Pirkanmaa,Sari Tanus,37
Satu Hassi,"Hassi, Satu",Vihreät,Pirkanmaa,Satu Hassi,37
Satu Taavitsainen,"Taavitsainen, Satu",Sosiaalidemokraatit,Kaakkois-Suomi,Satu Taavitsainen,37
Seppo Kääriäinen,"Kääriäinen, Seppo",Keskusta,Savo-Karjala,Seppo Kääriäinen,37
Silvia Modig,"Modig, Silvia",Vasemmistoliitto,Helsinki,Silvia Modig,37
Simon Elo,"Elo, Simon",Uusi vaihtoehto,Uusimaa,Simon Elo,37
Sinuhe Wallinheimo,"Wallinheimo, Sinuhe",Kokoomus,Keski-Suomi,Sinuhe Wallinheimo,37
Sirkka-Liisa Anttila,"Anttila, Sirkka-Liisa",Keskusta,Häme,Sirkka-Liisa Anttila,37
Sirpa Paatero,"Paatero, Sirpa",Sosiaalidemokraatit,Kaakkois-Suomi,Sirpa Paatero,37
Sofia Vikman,"Vikman, Sofia",Kokoomus,Pirkanmaa,Sofia Vikman,37
Stefan Wallin,"Wallin, Stefan",RKP,Varsinais-Suomi,Stefan Wallin,37
Suna Kymäläinen,"Kymäläinen, Suna",Sosiaalidemokraatit,Kaakkois-Suomi,Suna Kymäläinen,37
Susanna Huovinen,"Huovinen, Susanna",Sosiaalidemokraatit,Keski-Suomi,Susanna Huovinen,37
Susanna Koski,"Koski, Susanna",Kokoomus,Vaasa,Susanna Koski,37
Tapani Tölli,"Tölli, Tapani",Keskusta,Oulu,Tapani Tölli,37
Tarja Filatov,"Filatov, Tarja",Sosiaalidemokraatit,Häme,Tarja Filatov,37
Teuvo Hakkarainen,"Hakkarainen, Teuvo",Perussuomalaiset,Keski-Suomi,Teuvo Hakkarainen,37
Thomas Blomqvist,"Blomqvist, Thomas",RKP,Uusimaa,Thomas Blomqvist,37
Tiina Elovaara,"Elovaara, Tiina",Uusi vaihtoehto,Pirkanmaa,Tiina Elovaara,37
Timo Harakka,"Harakka, Timo",Sosiaalidemokraatit,Uusimaa,Timo Harakka,37
Timo Heinonen,"Heinonen, Timo",Kokoomus,Häme,Timo Heinonen (poliitikko),37
Timo Kalli,"Kalli, Timo",Keskusta,Satakunta,Timo Kalli,37
Timo Korhonen,"Korhonen, Timo",Keskusta,Oulu,Timo Korhonen,37
Timo Soini,"Soini, Timo",Uusi vaihtoehto,Uusimaa,Timo Soini,37
Toimi Kankaanniemi,"Kankaanniemi, Toimi",Perussuomalaiset,Keski-Suomi,Toimi Kankaanniemi,37
Tom Packalén,"Packalén, Tom",Perussuomalaiset,Helsinki,Tom Packalén,37
Touko Aalto,"Aalto, Touko",Vihreät,Keski-Suomi,Touko Aalto,37
Tuomo Puumala,"Puumala, Tuomo",Keskusta,Vaasa,Tuomo Puumala,37
Tuula Haatainen,"Haatainen, Tuula",Sosiaalidemokraatit,Helsinki,Tuula Haatainen,37
Tytti Tuppurainen,"Tuppurainen, Tytti",Sosiaalidemokraatit,Oulu,Tytti Tuppurainen,37
Ulla Parviainen,"Parviainen, Ulla",Keskusta,Oulu,Ulla Parviainen,37
Veera Ruoho,"Ruoho, Veera",Kokoomus,Uusimaa,Veera Ruoho,37
Veronica Rehn-Kivi,"Rehn-Kivi, Veronica",RKP,Uusimaa,Veronica Rehn-Kivi,37
Vesa-Matti Saarakkala,"Saarakkala, Vesa-Matti",Uusi vaihtoehto,Vaasa,Vesa-Matti Saarakkala,37
Ville Niinistö,"Niinistö, Ville",Vihreät,Varsinais-Suomi,Ville Niinistö,37
Ville Skinnari,"Skinnari, Ville",Sosiaalidemokraatit,Häme,Ville Skinnari,37
Ville Tavio,"Tavio, Ville",Perussuomalaiset,Varsinais-Suomi,Ville Tavio,37
Ville Vähämäki,"Vähämäki, Ville",Perussuomalaiset,Oulu,Ville Vähämäki,37
Wille Rydman,"Rydman, Wille",Kokoomus,Helsinki,Wille Rydman,37
