id,name,sort_name,email,twitter,facebook,group,group_id,area_id,area,chamber,term,start_date,end_date,image,gender
38e82090-11a9-4284-a48a-7cac2b3e16e9,Abdulwahab Darawshe,Abdulwahab Darawshe,,,,Arab Democratic Party,arab_democratic_party,,,Knesset,13,,,http://www.knesset.gov.il/mk/images/members/darawshe_abed.jpg,male
bcac1e99-7f2f-46a8-bafd-aeb599436e9e,Abraham Hirchson,Abraham Hirchson,,,,Likud,likud,,,Knesset,13,,,http://www.knesset.gov.il/mk/images/members/hirshson_avraham.jpg,male
b8b3e611-1103-46ae-a5f5-6b6fcdf85030,Alex Goldfarb,Alex Goldfarb,,,,Atid,atid,,,Knesset,13,,,http://www.knesset.gov.il/mk/images/members/goldfarb_alex.jpg,male
0faf48a7-a0a7-476e-84d3-12f48f32859b,Amir Peretz,Amir Peretz,,amirperetz,,Israel Labor Party,israel_labor_party,,,Knesset,13,,,http://www.knesset.gov.il/mk/images/members/peretz_amir.jpg,male
5ae5a0b3-ed59-4cd9-917c-296aa1faa56a,Amnon Rubinstein,Amnon Rubinstein,,,,Meretz,meretz,,,Knesset,13,,,http://www.knesset.gov.il/mk/images/members/rubinstein_amnon.jpg,male
7a1fac69-6ae2-4e3f-813d-cb6a77fadebb,Arieh Gamliel,Arieh Gamliel,,,,Shas,shas,,,Knesset,13,,,http://www.knesset.gov.il/mk/images/members/gamliel_arye.jpg,male
3361b808-8609-4fe4-9afa-825a02221a3f,Ariel Sharon,Ariel Sharon,,,,Likud,likud,,,Knesset,13,,,http://www.knesset.gov.il/mk/images/members/sharon_ariel.jpg,male
f5b4253b-5007-4468-85fc-3926cc91b6b1,Ariel Weinstein,Ariel Weinstein,,,,Likud,likud,,,Knesset,13,1993-12-30,1996-03-10,http://www.knesset.gov.il/mk/images/members/weinstein_ariel.jpg,male
e1b6527c-5689-4471-ad05-f749f0cb9398,Aryeh Machluf Deri,Aryeh Machluf Deri,,ariyederi,,Shas,shas,,,Knesset,13,,,http://www.knesset.gov.il/mk/images/members/deri_aryeh.jpg,male
b487ae18-cd4d-4a75-9fe3-93fd85693098,Asaad Asaad,Asaad Asaad,,,,Likud,likud,,,Knesset,13,,,http://www.knesset.gov.il/mk/images/members/asad_asad.jpg,male
487e8d6b-f970-4303-8d1b-e148999665e2,Avigdor Kahalani,Avigdor Kahalani,,,,The Third Way,the_third_way,,,Knesset,13,,,http://www.knesset.gov.il/mk/images/members/kahalani_avigdor.jpg,male
8d2c9929-711c-402f-aaaf-cb168a4d7196,Avner-Hai Shaki,Avner-Hai Shaki,,,,National Religious Party,national_religious_party,,,Knesset,13,,,http://www.knesset.gov.il/mk/images/members/shaki_avner.jpg,male
f48cc0e0-a131-4961-946d-89e420d2ea6a,Avraham Burg,Avraham Burg,,,,Israel Labor Party,israel_labor_party,,,Knesset,13,,1995-07-05,http://www.knesset.gov.il/mk/images/members/burg_avraham.jpg,male
d8bafedb-e0c4-449c-be54-bdcca0b1bf0d,Avraham Ravitz,Avraham Ravitz,,,,Degel Hatorah,degel_hatorah,,,Knesset,13,1992-07-16,,http://www.knesset.gov.il/mk/images/members/ravitz_avraham.jpg,male
f28aa761-4ad6-4478-8602-731e8eee99c8,Avraham Shochat,Avraham Shochat,,,,Israel Labor Party,israel_labor_party,,,Knesset,13,,,http://www.knesset.gov.il/mk/images/members/shohat_avraham.jpg,male
56073b46-a727-4b22-8ae9-18fb1ddf2e29,Avraham Verdiger,Avraham Verdiger,,,,Agudat Yisrael,agudat_yisrael,,,Knesset,13,1994-06-28,,http://www.knesset.gov.il/mk/images/members/verdiger_avraham.jpg,male
429e722c-5544-4b35-b74a-b62a3ee34ac5,Avraham Yosef Schapira,Avraham Yosef Schapira,,,,Agudat Yisrael,agudat_yisrael,,,Knesset,13,,,http://www.knesset.gov.il/mk/images/members/shapira_avraham.jpg,male
86ee311f-3fce-4790-97dc-5609284bd001,Benjamin Temkin,Benjamin Temkin,,,,Meretz,meretz,,,Knesset,13,,,http://www.knesset.gov.il/mk/images/members/tamkin_binyamin.jpg,male
e885815f-63e6-441f-bd5d-29c0da3e7403,Binyamin (Fouad) Ben-Eliezer,Binyamin (Fouad) Ben-Eliezer,,,,Israel Labor Party,israel_labor_party,,,Knesset,13,,,http://www.knesset.gov.il/mk/images/members/beneliezer_binyamin.jpg,male
670c4383-2e03-4a03-b6b1-0e2584476c6d,Dan Tichon,Dan Tichon,,,,Likud,likud,,,Knesset,13,,,http://www.knesset.gov.il/mk/images/members/tichon_dan.jpg,male
13c04a44-b79f-4078-952c-81e6e94c4368,David Mena,David Mena,,,,Likud,likud,,,Knesset,13,,,http://www.knesset.gov.il/mk/images/members/mana_david.jpg,male
c64697d0-ed61-4b82-80e4-aa9ac7792dd1,David Zucker,David Zucker,,,,Meretz,meretz,,,Knesset,13,,,http://www.knesset.gov.il/mk/images/members/zuker_david.jpg,male
4eaaddcf-1336-48d2-9741-65ac0dd2a1b5,Dov Shilansky,Dov Shilansky,,,,Likud,likud,,,Knesset,13,,,http://www.knesset.gov.il/mk/images/members/shilanski_dov.jpg,male
2e00719e-f134-47d4-bec5-590c7583aa04,Efraim Gur,Efraim Gur,,,,Single MK - Efraim Gur,single_mk_-_efraim_gur,,,Knesset,13,,,http://www.knesset.gov.il/mk/images/members/gur_efraim.jpg,male
f381c3fe-87c2-4266-802c-1e42b9d747be,Ehud Olmert,Ehud Olmert,,,,Likud,likud,,,Knesset,13,,,http://www.knesset.gov.il/mk/images/members/olmert_ehud.jpg,male
79b5c853-11b4-46a7-a5dd-427ad6c8b782,Eli Ben-Menachem,Eli Ben-Menachem,,,,Israel Labor Party,israel_labor_party,,,Knesset,13,,,http://www.knesset.gov.il/mk/images/members/benmenachem_eli.jpg,male
85f150f1-26ce-438d-baa2-c6f109555c49,Eli Dayan,Eli Dayan,,,,Israel Labor Party,israel_labor_party,,,Knesset,13,,,http://www.knesset.gov.il/mk/images/members/dayan_eli.jpg,male
56e2d571-8f09-4d18-8673-7818949fed31,Eliahu Ben Elissar,Eliahu Ben Elissar,,,,Likud,likud,,,Knesset,13,,,http://www.knesset.gov.il/mk/images/members/benelisar_eli.jpg,male
544aa90d-285c-4b72-b256-5afd9d73d059,Elie Goldschmidt,Elie Goldschmidt,,,,Israel Labor Party,israel_labor_party,,,Knesset,13,,,http://www.knesset.gov.il/mk/images/members/goldshmidt_eli.jpg,male
0f76cb2f-b7d9-4107-9898-1e0b43a440f2,Esther Salmovitz,Esther Salmovitz,,,,Atid,atid,,,Knesset,13,,,http://www.knesset.gov.il/mk/images/members/salmanovitch_esther.jpg,female
14a7957c-c911-4665-99f0-f08ff6956c2d,Gedalya Gal,Gedalya Gal,,,,Israel Labor Party,israel_labor_party,,,Knesset,13,,,http://www.knesset.gov.il/mk/images/members/gal_gedalia.jpg,male
fcacf0c1-c85c-4722-b399-231e1f24bdca,Gideon Patt,Gideon Patt,,,,Likud,likud,,,Knesset,13,,,http://www.knesset.gov.il/mk/images/members/pat_gidon.jpg,male
4c026932-fab5-43f9-8b8e-67c785d31d28,Gideon Sagee,Gideon Sagee,,,,Israel Labor Party,israel_labor_party,,,Knesset,13,,,http://www.knesset.gov.il/mk/images/members/sagi_gidon.jpg,male
1d1fa328-c1be-48e4-b4b4-ea87132045f2,Gonen Segev,Gonen Segev,,,,Yi-ud,yi-ud,,,Knesset,13,,,http://www.knesset.gov.il/mk/images/members/segev_gonen.jpg,male
78e56f00-e229-4100-8c8a-08d30e5d63a2,Haim Dayan,Haim Dayan,,,,Tzomet,tzomet,,,Knesset,13,,,http://www.knesset.gov.il/mk/images/members/dayan_chaim.jpg,male
d90274d2-6856-4b2d-8f6b-bf2e8e14dfe2,Haim Kaufman,Haim Kaufman,,,,Likud,likud,,,Knesset,13,,1995-08-07,http://www.knesset.gov.il/mk/images/members/kaufman_haim.jpg,male
57b4afb8-1d88-415b-9d4b-a079f172f1c9,Haim Ramon,Haim Ramon,,,,Israel Labor Party,israel_labor_party,,,Knesset,13,,,http://www.knesset.gov.il/mk/images/members/ramon_haim.jpg,male
9106fa52-5af8-4fca-a57c-2eeaf1f3ac54,Haneh Hadad,Haneh Hadad,,,,Israel Labor Party,israel_labor_party,,,Knesset,13,1995-07-05,,http://www.knesset.gov.il/mk/images/members/hadad_hana.jpg,male
584cd59e-902d-4c1f-8061-1bf0b3ccca21,Israel Kessar,Israel Kessar,,,,Israel Labor Party,israel_labor_party,,,Knesset,13,,,http://www.knesset.gov.il/mk/images/members/keisar_yisrael.jpg,male
e14067e8-6038-4207-88f8-58990b3ff999,Jacob Shefi,Jacob Shefi,,,,Israel Labor Party,israel_labor_party,,,Knesset,13,,,http://www.knesset.gov.il/mk/images/members/shefi_yaakov.jpg,male
d5ef6e44-b798-4459-ae43-c928dde1712e,Joseph Azran,Joseph Azran,,,,Single MK - Joseph Azran,single_mk_-_joseph_azran,,,Knesset,13,,,http://www.knesset.gov.il/mk/images/members/azran_yosef.jpg,male
80896ade-04e3-499d-8c33-61e2cb3fb9e2,Joseph Bagad,Joseph Bagad,,,,Single MK - Joseph Bagad,single_mk_-_joseph_bagad,,,Knesset,13,,,http://www.knesset.gov.il/mk/images/members/bagad_yosef.jpg,male
2edd9296-9401-4d29-8973-e016a0e4a1b9,Masha Lubelsky,Masha Lubelsky,,,,Israel Labor Party,israel_labor_party,,,Knesset,13,,,http://www.knesset.gov.il/mk/images/members/lubolski_masha.jpg,female
8259bb3f-71ca-4bb4-b8cd-b11dfebdc2cf,Meir Sheetrit,Meir Sheetrit,,,,Likud,likud,,,Knesset,13,,,http://www.knesset.gov.il/mk/images/members/shitrit_meir.jpg,male
85b95f2c-c032-445e-b1a1-65500a20255f,Micha Goldman,Micha Goldman,,,,Israel Labor Party,israel_labor_party,,,Knesset,13,,,http://www.knesset.gov.il/mk/images/members/goldman_micha.jpg,male
77448deb-5ec0-4330-8a25-26d38a12b50c,Michael Harish,Michael Harish,,,,Israel Labor Party,israel_labor_party,,,Knesset,13,,,http://www.knesset.gov.il/mk/images/members/harish_michael.jpg,male
22693986-e4f8-4c45-a9fa-450198b91aef,Michael Ratzon,Michael Ratzon,,,,Likud,likud,,,Knesset,13,1996-03-10,,http://www.knesset.gov.il/mk/images/members/ratzon_michael.jpg,male
a7d5edac-a8dd-4cd6-acae-c0c0404405c0,Mordechai Gur,Mordechai Gur,,,,Israel Labor Party,israel_labor_party,,,Knesset,13,,1995-07-16,http://www.knesset.gov.il/mk/images/members/gur_mordechai.jpg,male
a5b4c8d3-847e-4984-b2e1-a545abb3a70b,Moshe Gafni,Moshe Gafni,,,,Degel Hatorah,degel_hatorah,,,Knesset,13,1994-06-28,,http://www.knesset.gov.il/mk/images/members/gafni_moshe.jpg,male
0cfd516d-79ae-4f40-85ef-2f0eecb22aa6,Moshe Katsav,Moshe Katsav,,,,Likud,likud,,,Knesset,13,,,http://www.knesset.gov.il/mk/images/members/katzav_moshe.jpg,male
ff0396a3-d234-4d5b-8627-0c8f1f626f06,Moshe Maya,Moshe Maya,,,,Shas,shas,,,Knesset,13,,,http://www.knesset.gov.il/mk/images/members/maya_moshe.jpg,male
7896bdcd-f9b4-447f-8dde-4a29423f57d9,Moshe Nissim,Moshe Nissim,,,,Likud,likud,,,Knesset,13,,,http://www.knesset.gov.il/mk/images/members/nisim_moshe.jpg,male
c435c446-6030-47ef-8d07-1aa567bb7f2e,Moshe Peled,Moshe Peled,,,,Tzomet,tzomet,,,Knesset,13,,,http://www.knesset.gov.il/mk/images/members/peled_moshe.jpg,male
2a147d97-2408-452e-a1f3-de0dfaa65127,Moshe Shahal,Moshe Shahal,,,,Israel Labor Party,israel_labor_party,,,Knesset,13,,,http://www.knesset.gov.il/mk/images/members/shahal_moshe.jpg,male
639f25e0-bf05-4b41-ad1b-de030ad5421c,Naomi Blumenthal,Naomi Blumenthal,,,,Likud,likud,,,Knesset,13,,,http://www.knesset.gov.il/mk/images/members/blumental_naomi.jpg,female
dd205567-8cd2-4b2b-83d4-421664a1ad10,Nava Arad,Nava Arad,,,,Single MK - Nava Arad,single_mk_-_nava_arad,,,Knesset,13,1995-11-05,,http://www.knesset.gov.il/mk/images/members/arad_nava.jpg,female
5d19607c-49b2-4108-8fcb-16373d466af2,Ora Namir,Ora Namir,,,,Israel Labor Party,israel_labor_party,,,Knesset,13,,1996-05-21,http://www.knesset.gov.il/mk/images/members/namir_ora.jpg,female
40d88050-7244-4046-81d7-d2c170de51a4,Ori Orr,Ori Orr,,,,Israel Labor Party,israel_labor_party,,,Knesset,13,,,http://www.knesset.gov.il/mk/images/members/or_uri.jpg,male
86a45b7d-1983-48df-8ced-06493fa15545,Ovadia Eli,Ovadia Eli,,,,Likud,likud,,,Knesset,13,,,http://www.knesset.gov.il/mk/images/members/eli_ovadia.jpg,male
1fa2a9b1-8ee6-4c24-843b-a7ce5d4a21f9,Pini Badash,Pini Badash,,,,Tzomet,tzomet,,,Knesset,13,,,http://www.knesset.gov.il/mk/images/members/badash_pini.jpg,male
a841aadb-19b3-4dd2-a597-197796148e5b,Rafael Eitan,Rafael Eitan,,,,Tzomet,tzomet,,,Knesset,13,,,http://www.knesset.gov.il/mk/images/members/eitan_refael.jpg,male
68443f6d-4eb7-420e-980f-fe5803836ae0,Rafi Elul,Rafi Elul,,,,Israel Labor Party,israel_labor_party,,,Knesset,13,,,http://www.knesset.gov.il/mk/images/members/elul_refael.jpg,male
3cd3729f-8cd9-4abf-a0b8-b5bddb0bfde2,Raphael Edery,Raphael Edery,,,,Israel Labor Party,israel_labor_party,,,Knesset,13,,,http://www.knesset.gov.il/mk/images/members/edri_refael.jpg,male
4e6bb2ad-52f3-4739-bcaa-9c07c9629b99,Raphael Pinchasi,Raphael Pinchasi,,,,Shas,shas,,,Knesset,13,,,http://www.knesset.gov.il/mk/images/members/pinhasi_refael.jpg,male
2cf593ae-4e7a-497d-b475-69585cf35ad3,Ron Nachman,Ron Nachman,,,,Likud,likud,,,Knesset,13,,,http://www.knesset.gov.il/mk/images/members/nachman_ron.jpg,male
4cf98067-6a93-4ba0-a7c4-d2112652347c,Roni Milo,Roni Milo,,,,Likud,likud,,,Knesset,13,,1993-12-30,http://www.knesset.gov.il/mk/images/members/milo_roni.jpg,male
532c4d2b-5527-45f3-a0b5-784f125e7700,Samuel Avital,Samuel Avital,,,,Israel Labor Party,israel_labor_party,,,Knesset,13,,,http://www.knesset.gov.il/mk/images/members/avital_shmuel.jpg,male
35f183d8-c889-45f4-b312-956aeecb8c81,Shaul Gutman,Shaul Gutman,,,,Right Israel,right_israel,,,Knesset,13,,,http://www.knesset.gov.il/mk/images/members/gutman_shaul.jpg,male
ac4ee627-3936-4926-bb88-a506a0a4fb83,Shimon Peres,Shimon Peres,,,,Israel Labor Party,israel_labor_party,,,Knesset,13,,,http://www.knesset.gov.il/mk/images/members/peres_shimon.jpg,male
10e3a51a-4d4e-4774-b94e-1fbc31d3de55,Shimon Shetreet,Shimon Shetreet,,,,Israel Labor Party,israel_labor_party,,,Knesset,13,,,http://www.knesset.gov.il/mk/images/members/shitrit_shimon.jpg,male
ba52528e-6e4f-4cec-a364-9ca043f18185,Shlomo Benizri,Shlomo Benizri,,,,Shas,shas,,,Knesset,13,,,http://www.knesset.gov.il/mk/images/members/benizri_shlomo.jpg,male
2a17e26a-f874-4381-b1b5-eb35cc183106,Shlomo Bohbot,Shlomo Bohbot,,,,Israel Labor Party,israel_labor_party,,,Knesset,13,,,http://www.knesset.gov.il/mk/images/members/bochvot_shlomo.jpg,male
8af48b76-8f16-4cb5-a198-9ea99793ae71,Shulamit Aloni,Shulamit Aloni,,,,Meretz,meretz,,,Knesset,13,,,http://www.knesset.gov.il/mk/images/members/aloni_shulamit.jpg,female
b97bb24c-8aa7-4688-9ebd-73848a11be7f,Silvan Shalom,Silvan Shalom,,SilvanShalom,,Likud,likud,,,Knesset,13,,,http://www.knesset.gov.il/mk/images/members/shalom_silvan.jpg,male
b0d91488-41bb-4227-a6b2-348c6b192f67,Talab El-Sana,Talab El-Sana,,,,Arab Democratic Party,arab_democratic_party,,,Knesset,13,,,http://www.knesset.gov.il/mk/images/members/elsana_taleb.jpg,male
954bb7c3-4234-4876-8371-1861f4617416,Tamar Gozansky,Tamar Gozansky,,,,Hadash,hadash,,,Knesset,13,,,http://www.knesset.gov.il/mk/images/members/gozansky_tamar.jpg,female
5c2cd6eb-f219-4db7-8250-8d14217a0402,Tawfik Zayyad,Tawfik Zayyad,,,,Hadash,hadash,,,Knesset,13,,1994-07-05,http://www.knesset.gov.il/mk/images/members/ziyad_taufik.jpg,male
1ab50f3e-77c0-49c9-a7da-f5e98037d557,Uzi Baram,Uzi Baram,,,,Israel Labor Party,israel_labor_party,,,Knesset,13,,,http://www.knesset.gov.il/mk/images/members/baram_uzi.jpg,male
ae125e33-9cd8-451e-815a-748a74891fdb,Walid Sadik,Walid Sadik,,,,Meretz,meretz,,,Knesset,13,,,http://www.knesset.gov.il/mk/images/members/walid_haj.jpg,male
08a32c5a-3375-4b04-ae7a-07f9ca0556eb,Yaakov Shamay,Yaakov Shamay,,,,Likud,likud,,,Knesset,13,,,http://www.knesset.gov.il/mk/images/members/shamai_yaakov.jpg,male
a123b87b-ecba-4ec9-8d46-b6248d0770b6,Yael Dayan,Yael Dayan,,,,Israel Labor Party,israel_labor_party,,,Knesset,13,,,http://www.knesset.gov.il/mk/images/members/dayan_yael.jpg,female
02217986-cd90-4082-ba0c-bc5e9bf52f46,Yair Tsaban,Yair Tsaban,,,,Meretz,meretz,,,Knesset,13,,,http://www.knesset.gov.il/mk/images/members/zaban_yair.jpg,male
d4477229-47a8-4cdb-8302-2ad74c2ac7b1,Yigal Bibi,Yigal Bibi,,,,National Religious Party,national_religious_party,,,Knesset,13,,,http://www.knesset.gov.il/mk/images/members/bibi_yigal.jpg,male
5f7f747b-bff5-40fd-8404-d5b398bd379f,Yitzhak Haim Peretz,Yitzhak Haim Peretz,,,,United Torah Judaism,united_torah_judaism,,,Knesset,13,,1992-07-16,http://www.knesset.gov.il/mk/images/members/peretz_yizhak.jpg,male
c4d999a6-4c6d-47b2-b197-91023b284438,Yitzhak Rabin,Yitzhak Rabin,,,,Israel Labor Party,israel_labor_party,,,Knesset,13,,1995-11-05,http://www.knesset.gov.il/mk/images/members/rabin_yizhak.jpg,male
a4867d5f-d192-44c2-8e0d-8692528d2fd2,Yitzhak Shamir,Yitzhak Shamir,,,,Likud,likud,,,Knesset,13,,,http://www.knesset.gov.il/mk/images/members/shamir_yitzhak.jpg,male
23ca08c2-7c98-481b-b2a2-30f556a45e4d,Yoram Lass,Yoram Lass,,,,Israel Labor Party,israel_labor_party,,,Knesset,13,,,http://www.knesset.gov.il/mk/images/members/lass_yoram.jpg,male
2a40c4fd-a91d-4e26-b052-0e7074690bc0,Yosef Ahimeir,Yosef Ahimeir,,,,Likud,likud,,,Knesset,13,1995-08-07,,http://www.knesset.gov.il/mk/images/members/acimeir_yosef.jpg,male
1158712d-dc05-4eac-9e34-d9dabb633041,Yosef Vanunu,Yosef Vanunu,,,,Israel Labor Party,israel_labor_party,,,Knesset,13,,,http://www.knesset.gov.il/mk/images/members/vanunu_yosef.jpg,male
ab42c3b5-a080-4f07-9072-e081d90501a1,Yossi Beilin,Yossi Beilin,,,,Israel Labor Party,israel_labor_party,,,Knesset,13,,,http://www.knesset.gov.il/mk/images/members/beilin_yosef.jpg,male
4b3b4b07-170c-4fd9-9453-a80f0e468e3d,Yossi Sarid,Yossi Sarid,,,,Meretz,meretz,,,Knesset,13,,,http://www.knesset.gov.il/mk/images/members/sarid_yossi.jpg,male
30608fa3-9888-488e-89dc-4979bf53594f,Ze`ev Binyamin Begin,Ze`ev Binyamin Begin,,,,Likud,likud,,,Knesset,13,,,http://www.knesset.gov.il/mk/images/members/begin_beni.jpg,male
