id,name,sort_name,email,twitter,facebook,group,group_id,area_id,area,chamber,term,start_date,end_date,image,gender
98a9b3f1-4dc2-4157-9cdc-0074e9e8fd08,Abba Eban,Abba Eban,,,,Alignment,alignment,,,Knesset,11,,,http://www.knesset.gov.il/mk/images/members/eban_aba.jpg,male
38e82090-11a9-4284-a48a-7cac2b3e16e9,Abdulwahab Darawshe,Abdulwahab Darawshe,,,,Arab Democratic Party,arab_democratic_party,,,Knesset,11,,,http://www.knesset.gov.il/mk/images/members/darawshe_abed.jpg,male
0c825e4e-e3e8-4ef4-8f03-c27fb905cf74,Adiel Amorai,Adiel Amorai,,,,Alignment,alignment,,,Knesset,11,,1988-10-31,http://www.knesset.gov.il/mk/images/members/amurai_adi.jpg,male
cd1d1e3e-2db1-4b9c-8790-539bbd2f0e07,Aharon Abuhatssira,Aharon Abuhatssira,,,,Likud,likud,,,Knesset,11,,,http://www.knesset.gov.il/mk/images/members/abuchazera_aharon.jpg,male
6568a0f2-b21c-45b1-b985-0d7d0965397b,Aharon Harel,Aharon Harel,,,,Alignment,alignment,,,Knesset,11,,1988-05-10,http://www.knesset.gov.il/mk/images/members/harel_aharon.jpg,male
5ae5a0b3-ed59-4cd9-917c-296aa1faa56a,Amnon Rubinstein,Amnon Rubinstein,,,,Shinui - Center Party,shinui_-_center_party,,,Knesset,11,,,http://www.knesset.gov.il/mk/images/members/rubinstein_amnon.jpg,male
3361b808-8609-4fe4-9afa-825a02221a3f,Ariel Sharon,Ariel Sharon,,,,Likud,likud,,,Knesset,11,,,http://www.knesset.gov.il/mk/images/members/sharon_ariel.jpg,male
f5b4253b-5007-4468-85fc-3926cc91b6b1,Ariel Weinstein,Ariel Weinstein,,,,Likud,likud,,,Knesset,11,,,http://www.knesset.gov.il/mk/images/members/weinstein_ariel.jpg,male
8d2c9929-711c-402f-aaaf-cb168a4d7196,Avner-Hai Shaki,Avner-Hai Shaki,,,,National Religious Party,national_religious_party,,,Knesset,11,,,http://www.knesset.gov.il/mk/images/members/shaki_avner.jpg,male
f28aa761-4ad6-4478-8602-731e8eee99c8,Avraham Shochat,Avraham Shochat,,,,Alignment,alignment,,,Knesset,11,1988-05-10,,http://www.knesset.gov.il/mk/images/members/shohat_avraham.jpg,male
56073b46-a727-4b22-8ae9-18fb1ddf2e29,Avraham Verdiger,Avraham Verdiger,,,,Morasha,morasha,,,Knesset,11,,,http://www.knesset.gov.il/mk/images/members/verdiger_avraham.jpg,male
429e722c-5544-4b35-b74a-b62a3ee34ac5,Avraham Yosef Schapira,Avraham Yosef Schapira,,,,Agudat Yisrael,agudat_yisrael,,,Knesset,11,,,http://www.knesset.gov.il/mk/images/members/shapira_avraham.jpg,male
e885815f-63e6-441f-bd5d-29c0da3e7403,Binyamin (Fouad) Ben-Eliezer,Binyamin (Fouad) Ben-Eliezer,,,,Alignment,alignment,,,Knesset,11,,,http://www.knesset.gov.il/mk/images/members/beneliezer_binyamin.jpg,male
8281c136-8c45-42cb-8774-70c73db393cb,Charlie Bitton,Charlie Bitton,,,,Hadash,hadash,,,Knesset,11,,,http://www.knesset.gov.il/mk/images/members/biton_charles.jpg,male
670c4383-2e03-4a03-b6b1-0e2584476c6d,Dan Tichon,Dan Tichon,,,,Likud,likud,,,Knesset,11,,,http://www.knesset.gov.il/mk/images/members/tichon_dan.jpg,male
dac3a7b7-32cd-4437-9d84-4f54edeeb260,David Danino,David Danino,,,,National Religious Party,national_religious_party,,,Knesset,11,,,http://www.knesset.gov.il/mk/images/members/danino_david.jpg,male
c64697d0-ed61-4b82-80e4-aa9ac7792dd1,David Zucker,David Zucker,,,,Civil Rights Movement,civil_rights_movement,,,Knesset,11,1986-11-26,,http://www.knesset.gov.il/mk/images/members/zuker_david.jpg,male
2a0131cc-7cb5-4903-a68b-416d42d56382,Dov Ben-Meir,Dov Ben-Meir,,,,Alignment,alignment,,,Knesset,11,,,http://www.knesset.gov.il/mk/images/members/benmeir_dov.jpg,male
4eaaddcf-1336-48d2-9741-65ac0dd2a1b5,Dov Shilansky,Dov Shilansky,,,,Likud,likud,,,Knesset,11,,,http://www.knesset.gov.il/mk/images/members/shilanski_dov.jpg,male
f381c3fe-87c2-4266-802c-1e42b9d747be,Ehud Olmert,Ehud Olmert,,,,Likud,likud,,,Knesset,11,,,http://www.knesset.gov.il/mk/images/members/olmert_ehud.jpg,male
e31ff15d-9047-4221-a1e8-f8fe2a09ce9d,Elazar Granot,Elazar Granot,,,,United Workers` Party,united_workers`_party,,,Knesset,11,,,http://www.knesset.gov.il/mk/images/members/granot_elazar.jpg,male
56e2d571-8f09-4d18-8673-7818949fed31,Eliahu Ben Elissar,Eliahu Ben Elissar,,,,Likud,likud,,,Knesset,11,,,http://www.knesset.gov.il/mk/images/members/benelisar_eli.jpg,male
539bda26-9c69-4641-9b39-da2f65d9daef,Eliezer Waldman,Eliezer Waldman,,,,Tehiya,tehiya,,,Knesset,11,,,http://www.knesset.gov.il/mk/images/members/valdman_eliezer.jpg,male
3a97b5b0-ecda-43ef-a0aa-7cd0d199fd2c,Gad Yaacobi,Gad Yaacobi,,,,Alignment,alignment,,,Knesset,11,,,http://www.knesset.gov.il/mk/images/members/yacobi_gad.jpg,male
0c37868b-1ff3-4855-950b-d17b1434e91a,Gideon Gadot,Gideon Gadot,,,,Likud,likud,,,Knesset,11,,,http://www.knesset.gov.il/mk/images/members/gadot_gidon.jpg,male
fcacf0c1-c85c-4722-b399-231e1f24bdca,Gideon Patt,Gideon Patt,,,,Likud,likud,,,Knesset,11,,,http://www.knesset.gov.il/mk/images/members/pat_gidon.jpg,male
c83c9f37-d3ef-4e52-b18e-434cbcd6a79c,Haika Grossman-Orkin,Haika Grossman-Orkin,,,,United Workers` Party,united_workers`_party,,,Knesset,11,,,http://www.knesset.gov.il/mk/images/members/grossman_chaika.jpg,female
34c79a56-0648-45da-86a3-9844a59f2083,Haim Bar-Lev,Haim Bar-Lev,,,,Alignment,alignment,,,Knesset,11,,,http://www.knesset.gov.il/mk/images/members/barlev_haim.jpg,male
d90274d2-6856-4b2d-8f6b-bf2e8e14dfe2,Haim Kaufman,Haim Kaufman,,,,Likud,likud,,,Knesset,11,,,http://www.knesset.gov.il/mk/images/members/kaufman_haim.jpg,male
19711c86-d3be-41b2-9e94-2eac1e282fbb,Haim Meir Druckman,Haim Meir Druckman,,,,National Religious Party,national_religious_party,,,Knesset,11,,,http://www.knesset.gov.il/mk/images/members/drukman_haim.jpg,male
57b4afb8-1d88-415b-9d4b-a079f172f1c9,Haim Ramon,Haim Ramon,,,,Alignment,alignment,,,Knesset,11,,,http://www.knesset.gov.il/mk/images/members/ramon_haim.jpg,male
5d9959db-aa31-415d-a021-da59d096c07c,Igael Hurvitz,Igael Hurvitz,,,,Likud,likud,,,Knesset,11,,,http://www.knesset.gov.il/mk/images/members/horvitz_yigal.jpg,male
db2cd0cf-9f25-4363-9bec-f83a94058e21,Isaac Seyger,Isaac Seyger,,,,Likud,likud,,,Knesset,11,,1985-02-05,http://www.knesset.gov.il/mk/images/members/zigar_yizhak.jpg,male
584cd59e-902d-4c1f-8061-1bf0b3ccca21,Israel Kessar,Israel Kessar,,,,Alignment,alignment,,,Knesset,11,,,http://www.knesset.gov.il/mk/images/members/keisar_yisrael.jpg,male
bde8ef49-83f9-4552-9bb3-5459a8dc3a17,Jacques Amir,Jacques Amir,,,,Alignment,alignment,,,Knesset,11,,,http://www.knesset.gov.il/mk/images/members/amir_yaacov_zak.jpg,male
8259bb3f-71ca-4bb4-b8cd-b11dfebdc2cf,Meir Sheetrit,Meir Sheetrit,,,,Likud,likud,,,Knesset,11,,,http://www.knesset.gov.il/mk/images/members/shitrit_meir.jpg,male
7d0c520a-acd3-4cc2-9c16-c8bb97e4f26e,Meir Vilner,Meir Vilner,,,,Hadash,hadash,,,Knesset,11,,,http://www.knesset.gov.il/mk/images/members/willner_meir.jpg,male
c67df109-4b09-42c6-8191-f0df19588c4a,Menachem Hacohen,Menachem Hacohen,,,,Alignment,alignment,,,Knesset,11,,,http://www.knesset.gov.il/mk/images/members/hacohen_menachem.jpg,male
70acc26c-ee0c-4691-bd6c-08aacbd50849,Michael Dekel,Michael Dekel,,,,Likud,likud,,,Knesset,11,,,http://www.knesset.gov.il/mk/images/members/dekel_michael.jpg,male
77448deb-5ec0-4330-8a25-26d38a12b50c,Michael Harish,Michael Harish,,,,Alignment,alignment,,,Knesset,11,,,http://www.knesset.gov.il/mk/images/members/harish_michael.jpg,male
a7b1d39f-f026-4043-9b03-67ef8f954379,Miriam Glazer-Taasa,Miriam Glazer-Taasa,,,,Likud,likud,,,Knesset,11,,,http://www.knesset.gov.il/mk/images/members/glazer_miriam.jpg,female
32881dd2-0a3d-4f84-9c14-0063e2996646,Mordechai Bar-On,Mordechai Bar-On,,,,Civil Rights Movement,civil_rights_movement,,,Knesset,11,,1986-11-26,http://www.knesset.gov.il/mk/images/members/baron_mordechai.jpg,male
a7d5edac-a8dd-4cd6-acae-c0c0404405c0,Mordechai Gur,Mordechai Gur,,,,Alignment,alignment,,,Knesset,11,,,http://www.knesset.gov.il/mk/images/members/gur_mordechai.jpg,male
40fbe074-b075-45ca-8e0a-790b44043030,Mordechai Virshubski,Mordechai Virshubski,,,,Civil Rights Movement,civil_rights_movement,,,Knesset,11,,,http://www.knesset.gov.il/mk/images/members/vershovsky_mordehai.jpg,male
780548aa-af14-42f6-a73a-c10c1813aae8,Moshe Arens,Moshe Arens,,,,Likud,likud,,,Knesset,11,,,http://www.knesset.gov.il/mk/images/members/arens_moshe.jpg,male
0cfd516d-79ae-4f40-85ef-2f0eecb22aa6,Moshe Katsav,Moshe Katsav,,,,Likud,likud,,,Knesset,11,,,http://www.knesset.gov.il/mk/images/members/katzav_moshe.jpg,male
7896bdcd-f9b4-447f-8dde-4a29423f57d9,Moshe Nissim,Moshe Nissim,,,,Likud,likud,,,Knesset,11,,,http://www.knesset.gov.il/mk/images/members/nisim_moshe.jpg,male
2a147d97-2408-452e-a1f3-de0dfaa65127,Moshe Shahal,Moshe Shahal,,,,Alignment,alignment,,,Knesset,11,,,http://www.knesset.gov.il/mk/images/members/shahal_moshe.jpg,male
6e13eef1-8e7e-4a10-8b8c-14c78c202721,Muhammed Wattad,Muhammed Wattad,,,,Hadash,hadash,,,Knesset,11,,,http://www.knesset.gov.il/mk/images/members/wated_machamed.jpg,male
dd205567-8cd2-4b2b-83d4-421664a1ad10,Nava Arad,Nava Arad,,,,Alignment,alignment,,,Knesset,11,,,http://www.knesset.gov.il/mk/images/members/arad_nava.jpg,female
5d19607c-49b2-4108-8fcb-16373d466af2,Ora Namir,Ora Namir,,,,Alignment,alignment,,,Knesset,11,,,http://www.knesset.gov.il/mk/images/members/namir_ora.jpg,female
86a45b7d-1983-48df-8ced-06493fa15545,Ovadia Eli,Ovadia Eli,,,,Likud,likud,,,Knesset,11,,,http://www.knesset.gov.il/mk/images/members/eli_ovadia.jpg,male
91b8f27d-a6e3-456d-9db9-266db58cf5f2,Pesach Grupper,Pesach Grupper,,,,Likud,likud,,,Knesset,11,,,http://www.knesset.gov.il/mk/images/members/gruper_pesach.jpg,male
abae218d-ab1c-4cfb-9b25-1b1601b9232a,Pinhas Goldstein,Pinhas Goldstein,,,,Likud,likud,,,Knesset,11,,,http://www.knesset.gov.il/mk/images/members/goldstein_pinchas.jpg,male
a841aadb-19b3-4dd2-a597-197796148e5b,Rafael Eitan,Rafael Eitan,,,,Tzomet,tzomet,,,Knesset,11,,,http://www.knesset.gov.il/mk/images/members/eitan_refael.jpg,male
3cd3729f-8cd9-4abf-a0b8-b5bddb0bfde2,Raphael Edery,Raphael Edery,,,,Alignment,alignment,,,Knesset,11,,,http://www.knesset.gov.il/mk/images/members/edri_refael.jpg,male
4e6bb2ad-52f3-4739-bcaa-9c07c9629b99,Raphael Pinchasi,Raphael Pinchasi,,,,Shas,shas,,,Knesset,11,,,http://www.knesset.gov.il/mk/images/members/pinhasi_refael.jpg,male
4cf98067-6a93-4ba0-a7c4-d2112652347c,Roni Milo,Roni Milo,,,,Likud,likud,,,Knesset,11,,,http://www.knesset.gov.il/mk/images/members/milo_roni.jpg,male
f35f0c17-35e1-4967-8003-e2be79a29daa,Sarah Doron,Sarah Doron,,,,Likud,likud,,,Knesset,11,,,http://www.knesset.gov.il/mk/images/members/doron_sarah.jpg,female
868acb5e-90d0-41ee-87e3-7a25e034c18a,Shimon Ben-Shlomo,Shimon Ben-Shlomo,,,,Single MK - Shimon Ben-Shlomo,single_mk_-_shimon_ben-shlomo,,,Knesset,11,,,http://www.knesset.gov.il/mk/images/members/benshlomo_shimon.jpg,male
ac4ee627-3936-4926-bb88-a506a0a4fb83,Shimon Peres,Shimon Peres,,,,Alignment,alignment,,,Knesset,11,,,http://www.knesset.gov.il/mk/images/members/peres_shimon.jpg,male
5d3be455-6795-4bd5-bcf1-d3ce4b8b3120,Shlomo Hillel,Shlomo Hillel,,,,Alignment,alignment,,,Knesset,11,,,http://www.knesset.gov.il/mk/images/members/hilel_shlomo.jpg,male
e70c5a2a-7da8-4238-b96b-3cc5d44962d7,Shoshana Arbeli-Almozlino,Shoshana Arbeli-Almozlino,,,,Alignment,alignment,,,Knesset,11,,,http://www.knesset.gov.il/mk/images/members/arbeli_shoshana.jpg,female
8af48b76-8f16-4cb5-a198-9ea99793ae71,Shulamit Aloni,Shulamit Aloni,,,,Civil Rights Movement,civil_rights_movement,,,Knesset,11,,,http://www.knesset.gov.il/mk/images/members/aloni_shulamit.jpg,female
d5369480-2f7a-4ec9-b644-2d0ea9a76ad1,Simcha Dinitz,Simcha Dinitz,,,,Alignment,alignment,,,Knesset,11,,1988-03-15,http://www.knesset.gov.il/mk/images/members/dinitz_simcha.jpg,male
5c2cd6eb-f219-4db7-8250-8d14217a0402,Tawfik Zayyad,Tawfik Zayyad,,,,Hadash,hadash,,,Knesset,11,,,http://www.knesset.gov.il/mk/images/members/ziyad_taufik.jpg,male
1ab50f3e-77c0-49c9-a7da-f5e98037d557,Uzi Baram,Uzi Baram,,,,Alignment,alignment,,,Knesset,11,,,http://www.knesset.gov.il/mk/images/members/baram_uzi.jpg,male
fb28926d-9d94-40bc-b89e-1b2481909dda,Yaakov Gil,Yaakov Gil,,,,Alignment,alignment,,,Knesset,11,1988-03-15,,http://www.knesset.gov.il/mk/images/members/gil_yakov.jpg,male
08a32c5a-3375-4b04-ae7a-07f9ca0556eb,Yaakov Shamay,Yaakov Shamay,,,,Likud,likud,,,Knesset,11,1985-02-05,,http://www.knesset.gov.il/mk/images/members/shamai_yaakov.jpg,male
21ae5921-4904-4953-9374-a88dd61dc08a,Yaakov Yosef,Yaakov Yosef,,,,Shas,shas,,,Knesset,11,,,http://www.knesset.gov.il/mk/images/members/yaakov_yosef.jpg,male
02217986-cd90-4082-ba0c-bc5e9bf52f46,Yair Tsaban,Yair Tsaban,,,,United Workers` Party,united_workers`_party,,,Knesset,11,,,http://www.knesset.gov.il/mk/images/members/zaban_yair.jpg,male
36430878-f810-408c-81b2-3b5411cdbace,Yitzhak Artzi,Yitzhak Artzi,,,,Shinui - Center Party,shinui_-_center_party,,,Knesset,11,,,http://www.knesset.gov.il/mk/images/members/artzi_yitzhak.jpg,male
5f7f747b-bff5-40fd-8404-d5b398bd379f,Yitzhak Haim Peretz,Yitzhak Haim Peretz,,,,Shas,shas,,,Knesset,11,,,http://www.knesset.gov.il/mk/images/members/peretz_yizhak.jpg,male
c4d999a6-4c6d-47b2-b197-91023b284438,Yitzhak Rabin,Yitzhak Rabin,,,,Alignment,alignment,,,Knesset,11,,,http://www.knesset.gov.il/mk/images/members/rabin_yizhak.jpg,male
a4867d5f-d192-44c2-8e0d-8692528d2fd2,Yitzhak Shamir,Yitzhak Shamir,,,,Likud,likud,,,Knesset,11,,,http://www.knesset.gov.il/mk/images/members/shamir_yitzhak.jpg,male
b2aad9ce-55fb-4860-90d4-857e48551ab0,Yoram Aridor,Yoram Aridor,,,,Likud,likud,,,Knesset,11,,,http://www.knesset.gov.il/mk/images/members/aridor_yoram.jpg,male
1eb6864c-7b83-423f-99a8-d99c5059420f,Yosef Burg,Yosef Burg,,,,National Religious Party,national_religious_party,,,Knesset,11,,,http://www.knesset.gov.il/mk/images/members/burg_yosef.jpg,male
4b3b4b07-170c-4fd9-9453-a80f0e468e3d,Yossi Sarid,Yossi Sarid,,,,Civil Rights Movement,civil_rights_movement,,,Knesset,11,,,http://www.knesset.gov.il/mk/images/members/sarid_yossi.jpg,male
