id,name,sort_name,email,twitter,facebook,group,group_id,area_id,area,chamber,term,start_date,end_date,image,gender
065aafb0-4272-42bb-ad7d-c33efa52d3a5,Abba Hushi,Abba Hushi,,,,Worker’s Party of Eretz Yisrael,worker’s_party_of_eretz_yisrael,,,Knesset,1,,1951-02-12,http://www.knesset.gov.il/mk/images/members/chushi_abba.jpg,male
5098cf60-b641-445a-995a-1b0f78814c3f,Aharon-Yaakov Greenberg,Aharon-Yaakov Greenberg,,,,United Religious Front,united_religious_front,,,Knesset,1,,,http://www.knesset.gov.il/mk/images/members/greenberg_yaakov.jpg,male
392ca7e1-a612-4765-844f-5c4e01e407a2,Akiva Govrin,Akiva Govrin,,,,Worker’s Party of Eretz Yisrael,worker’s_party_of_eretz_yisrael,,,Knesset,1,,,http://www.knesset.gov.il/mk/images/members/govrin_akiva.jpg,male
a2f08ebf-71c6-4115-888b-286951f97112,Ami Assaf,Ami Assaf,,,,Worker’s Party of Eretz Yisrael,worker’s_party_of_eretz_yisrael,,,Knesset,1,,,http://www.knesset.gov.il/mk/images/members/assaf_ami.jpg,male
27233590-74e2-4997-8d23-e7e00dd4af3d,Amin-Salim Jarjora,Amin-Salim Jarjora,,,,Nazareth Democratic Party,nazareth_democratic_party,,,Knesset,1,,,http://www.knesset.gov.il/mk/images/members/jarjura_amin.jpg,male
40a39ff0-a296-4a9e-9921-03941c8a27c7,Ari Jabotinsky,Ari Jabotinsky,,,,Single MK - Ari Jabotinsky,single_mk_-_ari_jabotinsky,,,Knesset,1,,,http://www.knesset.gov.il/mk/images/members/jabotinsky_ari.jpg,male
7c020438-f3f3-4e5d-84a1-8a9c0a8d8f2a,Aryeh Bahir,Aryeh Bahir,,,,Worker’s Party of Eretz Yisrael,worker’s_party_of_eretz_yisrael,,,Knesset,1,,,http://www.knesset.gov.il/mk/images/members/baheer_arye.jpg,male
64a56e3e-ad60-441e-a5a6-ed119004f6f2,Aryeh Ben-Eliezer,Aryeh Ben-Eliezer,,,,Herut Movement,herut_movement,,,Knesset,1,,,http://www.knesset.gov.il/mk/images/members/beneliezer_arye.jpg,male
7df8f54c-2369-4863-80e2-a22da6f47e6f,Avraham Elmalich,Avraham Elmalich,,,,Sephardim and Oriental Communities,sephardim_and_oriental_communities,,,Knesset,1,,,http://www.knesset.gov.il/mk/images/members/almalich_avraham.jpg,male
fd67f1ff-17cf-43d1-bc38-bee58845521c,Avraham Granot,Avraham Granot,,,,Progressive Party,progressive_party,,,Knesset,1,,,http://www.knesset.gov.il/mk/images/members/avraham_granot.jpg,male
1262b13c-1921-4293-b0e1-c29237fbf91e,Avraham Herzfeld,Avraham Herzfeld,,,,Worker’s Party of Eretz Yisrael,worker’s_party_of_eretz_yisrael,,,Knesset,1,,,http://www.knesset.gov.il/mk/images/members/hartzfeld_avraham.jpg,male
22fd9fb4-a4b3-417e-820a-cea4a9812e01,Avraham-Yehuda Goldrat,Avraham-Yehuda Goldrat,,,,United Religious Front,united_religious_front,,,Knesset,1,,,http://www.knesset.gov.il/mk/images/members/goldrat_avraham.jpg,male
01c5b34c-7e7e-41a1-bc5b-c3396ff527b8,Baruch Osnia,Baruch Osnia,,,,Worker’s Party of Eretz Yisrael,worker’s_party_of_eretz_yisrael,,,Knesset,1,1951-02-12,,http://www.knesset.gov.il/mk/images/members/aznia_baruch.jpg,male
80433928-50de-405d-bc91-aaf7940e8b50,Beba Idelson,Beba Idelson,,,,Worker’s Party of Eretz Yisrael,worker’s_party_of_eretz_yisrael,,,Knesset,1,,,http://www.knesset.gov.il/mk/images/members/eidelson_baba.jpg,female
84c90823-7927-4618-89cb-8e151246f92c,Ben-Zion Dinor,Ben-Zion Dinor,,,,Worker’s Party of Eretz Yisrael,worker’s_party_of_eretz_yisrael,,,Knesset,1,,,http://www.knesset.gov.il/mk/images/members/benzion_dinur.jpg,male
8bc3d5fc-fbea-4c02-8e2b-0e87c62cafdf,Chaim Ben-Asher,Chaim Ben-Asher,,,,Worker’s Party of Eretz Yisrael,worker’s_party_of_eretz_yisrael,,,Knesset,1,,,http://www.knesset.gov.il/mk/images/members/benasher_chaim.jpg,male
fa6bb838-8abc-4a6e-8863-6452eba55a81,David Bar-Rav-Hai,David Bar-Rav-Hai,,,,Worker’s Party of Eretz Yisrael,worker’s_party_of_eretz_yisrael,,,Knesset,1,,,http://www.knesset.gov.il/mk/images/members/Bar-Rav-Hai.jpg,male
7ea66087-84da-4bab-a666-f99225fe4761,David Hacohen,David Hacohen,,,,Worker’s Party of Eretz Yisrael,worker’s_party_of_eretz_yisrael,,,Knesset,1,,,http://www.knesset.gov.il/mk/images/members/hacohen_david.jpg,male
10cb68cd-d153-4930-a6aa-39bd645b6d18,Dov (Bernard) Yosef,Dov (Bernard) Yosef,,,,Worker’s Party of Eretz Yisrael,worker’s_party_of_eretz_yisrael,,,Knesset,1,,,http://www.knesset.gov.il/mk/images/members/yosef_dov.jpg,male
19300317-965b-46e4-ab5f-c0dd5cf37f84,Dov Bar-Nir,Dov Bar-Nir,,,,United Workers` Party,united_workers`_party,,,Knesset,1,,1951-04-10,http://www.knesset.gov.il/mk/images/members/no_mkphoto.jpg,male
2cafa481-dc35-4650-af07-dba63f4c7004,Eliahu Eliashar,Eliahu Eliashar,,,,Sephardim and Oriental Communities,sephardim_and_oriental_communities,,,Knesset,1,,,http://www.knesset.gov.il/mk/images/members/elisar_eliyahu.jpg,male
71834640-5e8c-4036-8842-5bc74d148825,Eliyahu Hacarmeli,Eliyahu Hacarmeli,,,,Worker’s Party of Eretz Yisrael,worker’s_party_of_eretz_yisrael,,,Knesset,1,,,http://www.knesset.gov.il/mk/images/members/hakarmeli_eliahu.jpg,male
adc99bb0-5d1e-4eca-8169-dd762033d7e1,Eliyahu-Moshe Ganchovsky,Eliyahu-Moshe Ganchovsky,,,,United Religious Front,united_religious_front,,,Knesset,1,,,http://www.knesset.gov.il/mk/images/members/genhovsky_eliyahu.jpg,male
460f1573-146e-46be-a55e-cc66813e77c6,Fayge Ilanit,Fayge Ilanit,,,,United Workers` Party,united_workers`_party,,,Knesset,1,,,http://www.knesset.gov.il/mk/images/members/ilanit_fayge.jpg,female
0e7b9991-4d62-4b7e-ab6f-cbf6b0135656,Hasya Drori,Hasya Drori,,,,Worker’s Party of Eretz Yisrael,worker’s_party_of_eretz_yisrael,,,Knesset,1,,,http://www.knesset.gov.il/mk/images/members/drori_hasya.jpg,female
63948fca-5c1e-44ca-b632-dfb92bab886f,Herzl Berger,Herzl Berger,,,,Worker’s Party of Eretz Yisrael,worker’s_party_of_eretz_yisrael,,,Knesset,1,1951-02-05,,http://www.knesset.gov.il/mk/images/members/berger_herzl.jpg,male
5312f058-a7df-4f16-868d-f21a00a6d890,Israel Bar-Yehuda,Israel Bar-Yehuda,,,,United Workers` Party,united_workers`_party,,,Knesset,1,,,http://www.knesset.gov.il/mk/images/members/baryehuda_ysrael.jpg,male
5d8f908e-22fb-4f67-a8c5-6ea2afde86dd,Israel Galili,Israel Galili,,,,United Workers` Party,united_workers`_party,,,Knesset,1,,,http://www.knesset.gov.il/mk/images/members/galili_yisrael.jpg,male
c48e3ead-da59-4e98-ab63-7eab5d879ae5,Israel Guri,Israel Guri,,,,Worker’s Party of Eretz Yisrael,worker’s_party_of_eretz_yisrael,,,Knesset,1,,,http://www.knesset.gov.il/mk/images/members/Israel-Guri.jpg,male
151dab44-ee8b-44b9-9317-b58341a4a815,Meir Argov,Meir Argov,,,,Worker’s Party of Eretz Yisrael,worker’s_party_of_eretz_yisrael,,,Knesset,1,,,http://www.knesset.gov.il/mk/images/members/argov_meir.jpg,male
7d0c520a-acd3-4cc2-9c16-c8bb97e4f26e,Meir Vilner,Meir Vilner,,,,Israel Communist Party,israel_communist_party,,,Knesset,1,,,http://www.knesset.gov.il/mk/images/members/willner_meir.jpg,male
30410570-2897-4477-a64c-8277437173dc,Menachem Bader,Menachem Bader,,,,United Workers` Party,united_workers`_party,,,Knesset,1,,,http://www.knesset.gov.il/mk/images/members/bader_menachem.jpg,male
97c0225f-42e7-4dad-bf37-f4e21b5cb97f,Mordechai Bentov,Mordechai Bentov,,,,United Workers` Party,united_workers`_party,,,Knesset,1,,,http://www.knesset.gov.il/mk/images/members/bentov_mordechai.jpg,male
364fa98f-b686-48fd-89ea-6765e5021de2,Moshe Aram,Moshe Aram,,,,United Workers` Party,united_workers`_party,,,Knesset,1,,,http://www.knesset.gov.il/mk/images/members/erem_moshe.jpg,male
e4926cac-e4d5-4e7f-a566-7cfc7a3e46ce,Moshe Ben-Ami,Moshe Ben-Ami,,,,Sephardim and Oriental Communities,sephardim_and_oriental_communities,,,Knesset,1,,,http://www.knesset.gov.il/mk/images/members/benami_moshe.jpg,male
d54243f4-6c95-4408-8e76-9d7e78639d03,Moshe Unna,Moshe Unna,,,,United Religious Front,united_religious_front,,,Knesset,1,,,http://www.knesset.gov.il/mk/images/members/una_moshe.jpg,male
744400a4-a8cd-4712-96a4-1158ba44952b,Natan Yellin-Mor,Natan Yellin-Mor,,,,Fighters List,fighters_list,,,Knesset,1,,,http://www.knesset.gov.il/mk/images/members/yalin-mor_natan.jpg,male
434984ad-0cc0-4b01-a6bd-28336d26701c,Netta Harpaz,Netta Harpaz,,,,Worker’s Party of Eretz Yisrael,worker’s_party_of_eretz_yisrael,,,Knesset,1,,,http://www.knesset.gov.il/mk/images/members/harpaz_neta.jpg,male
0404f57e-a1ff-4b29-a97e-99204e8b2f11,Peretz Bernstein,Peretz Bernstein,,,,General Zionists,general_zionists,,,Knesset,1,,,http://www.knesset.gov.il/mk/images/members/bernstein_peretz.jpg,male
f88c5ced-ff39-4432-9e46-1cc26d923c83,Refael Bash,Refael Bash,,,,Worker’s Party of Eretz Yisrael,worker’s_party_of_eretz_yisrael,,,Knesset,1,1951-05-21,,http://www.knesset.gov.il/mk/images/members/bash_refael.jpg,male
80973f6e-9672-4c8a-a7dc-7bc27e7e7718,Seif E-Din E-Zoubi,Seif E-Din E-Zoubi,,,,Nazareth Democratic Party,nazareth_democratic_party,,,Knesset,1,,,http://www.knesset.gov.il/mk/images/members/elzoabisif_aladin.jpg,male
23992d82-4c8c-4d4c-a237-529c5ae04135,Shmuel Dayan,Shmuel Dayan,,,,Worker’s Party of Eretz Yisrael,worker’s_party_of_eretz_yisrael,,,Knesset,1,,,http://www.knesset.gov.il/mk/images/members/dayan_shmuel.jpg,male
1b38a27b-9dd6-4f91-ba57-e45f839b0d1d,Shraga Goren,Shraga Goren,,,,Worker’s Party of Eretz Yisrael,worker’s_party_of_eretz_yisrael,,,Knesset,1,,,http://www.knesset.gov.il/mk/images/members/goren_shraga.jpg,male
8da49f31-1d2a-42f6-b297-951202c1e764,Uri-Zvi Greenberg,Uri-Zvi Greenberg,,,,Herut Movement,herut_movement,,,Knesset,1,,,http://www.knesset.gov.il/mk/images/members/Greenberg-Uri-Zvi.jpg,male
9c96a6ff-1848-43d9-ad23-9a8e67d2c811,Yaacov Gil (Lifschitz),Yaacov Gil (Lifschitz),,,,General Zionists,general_zionists,,,Knesset,1,,,http://www.knesset.gov.il/mk/images/members/gil_yaakov.jpg,male
bf61d0da-ee6d-4d72-a42b-69ca1e715e6f,Yaakov Chazan,Yaakov Chazan,,,,United Workers` Party,united_workers`_party,,,Knesset,1,,,http://www.knesset.gov.il/mk/images/members/hazan_yakov.jpg,male
f586d9bd-1346-4502-9e2a-eb2ca05a6529,Yechiel Duvdevani,Yechiel Duvdevani,,,,Worker’s Party of Eretz Yisrael,worker’s_party_of_eretz_yisrael,,,Knesset,1,,,http://www.knesset.gov.il/mk/images/members/duvdevani_yechiel.jpg,male
37df96fd-a66b-49ea-9099-76afc235a4ba,Yitzhak Ben-Aharon,Yitzhak Ben-Aharon,,,,United Workers` Party,united_workers`_party,,,Knesset,1,,,http://www.knesset.gov.il/mk/images/members/benaharon_yizhak.jpg,male
43355287-c109-4a18-89f6-c9c8c35858ac,Yizhar Harari,Yizhar Harari,,,,Progressive Party,progressive_party,,,Knesset,1,,,http://www.knesset.gov.il/mk/images/members/harari_izhar.jpg,male
78863b40-420a-440c-b6dc-877ee94c136c,Yohanan Bader,Yohanan Bader,,,,Herut Movement,herut_movement,,,Knesset,1,,,http://www.knesset.gov.il/mk/images/members/bader_yochanan.jpg,male
bb70cbe4-b13b-49a9-baf5-77429c89dbf2,Yosef Baratz,Yosef Baratz,,,,Worker’s Party of Eretz Yisrael,worker’s_party_of_eretz_yisrael,,,Knesset,1,,,http://www.knesset.gov.il/mk/images/members/baratz_yosef.jpg,male
1eb6864c-7b83-423f-99a8-d99c5059420f,Yosef Burg,Yosef Burg,,,,United Religious Front,united_religious_front,,,Knesset,1,,,http://www.knesset.gov.il/mk/images/members/burg_yosef.jpg,male
a6535e5b-6da9-4495-9c08-10cbad85bbc7,Yosef Efrati,Yosef Efrati,,,,Worker’s Party of Eretz Yisrael,worker’s_party_of_eretz_yisrael,,,Knesset,1,,,http://www.knesset.gov.il/mk/images/members/efrati_yosef.jpg,male
b1bc2716-eccd-450b-94b3-a33dd0a69d1d,Zalman Aran,Zalman Aran,,,,Worker’s Party of Eretz Yisrael,worker’s_party_of_eretz_yisrael,,,Knesset,1,,,http://www.knesset.gov.il/mk/images/members/aran_zalman.jpg,male
7ae27628-3f32-40a0-8f05-e828d15019f8,Zecharia Glosca,Zecharia Glosca,,,,Yemenite Association of Israel,yemenite_association_of_israel,,,Knesset,1,,,http://www.knesset.gov.il/mk/images/members/gloska_zecharya.jpg,male
1700239c-6e90-4150-b083-4a9a3a053c5d,Zerach Warhaftig,Zerach Warhaftig,,,,United Religious Front,united_religious_front,,,Knesset,1,,,http://www.knesset.gov.il/mk/images/members/warhaftig_zerach.jpg,male
a3c0159a-b62f-48f3-a239-e7816de983b0,Zvi Yehuda,Zvi Yehuda,,,,Worker’s Party of Eretz Yisrael,worker’s_party_of_eretz_yisrael,,,Knesset,1,,,http://www.knesset.gov.il/mk/images/members/yehuda_zvi.jpg,male
