id,name,image
dr_barry_elsby,Dr Barry Elsby,http://www.falklands.gov.fk/assets/Barry-Elsby-22-257x300.jpg
gavin_short,Gavin Short,http://www.falklands.gov.fk/assets/GS-2-199x300.jpg
ian_hansen,Ian Hansen,http://www.falklands.gov.fk/assets/IH-1-232x300.jpg
jan_cheek,Jan Cheek,http://www.falklands.gov.fk/assets/DSC_04761-211x300.jpg
michael_poole,Michael Poole,http://www.falklands.gov.fk/assets/Michael-Poole4-187x300.jpg
mike_summers_obe,Mike Summers OBE,http://www.falklands.gov.fk/assets/Mike-Summers-1-233x300.jpg
phyl_rendell_mbe,Phyl Rendell MBE,http://www.falklands.gov.fk/assets/Phyl-Rendell-1-173x300.jpg
roger_edwards,Roger Edwards,http://www.falklands.gov.fk/assets/Roger-Edwards-2-209x300.jpg
