id,name,sort_name,email,twitter,facebook,group,group_id,area_id,area,chamber,term,start_date,end_date,image,gender
307f3c28-ef40-4b47-80cd-2eccd31e5ecc,ANTAL István,Antal István,,,,UDMR,udmr,21,HARGHITA,Chamber of Deputies,2012,,,http://www.cdep.ro/parlamentari/l2012/Antal_Istvan.jpg,male
86eda0f4-455f-4579-87f5-8e9266f0348f,Adrian Constantin SIMIONESCU,Simionescu Adrian Constantin,,,,PSD,psd,36,TELEORMAN,Chamber of Deputies,2012,,,http://www.cdep.ro/parlamentari/l2012/SimionescuAdrian.jpg,male
13678655-9fa8-4f96-90eb-e4f31b27ef23,Adrian GURZĂU,Gurzău Adrian,,,,UNPR,unpr,13,CLUJ,Chamber of Deputies,2012,,,http://www.cdep.ro/parlamentari/l2012/Gurzau_Adrian.jpg,male
6c6428c1-e565-4a22-99b5-5481208c7b39,Adrian George SCUTARU,Scutaru Adrian George,,,,PNL,pnl,10,BUZĂU,Chamber of Deputies,2012,,2014-12-19,http://www.cdep.ro/parlamentari/l2012/ScutaruAdrianGeorge.jpg,male
9073a68c-e87f-489a-bb83-479502b7b6c3,Adrian MOCANU,Mocanu Adrian,,,,UNPR,unpr,10,BUZĂU,Chamber of Deputies,2012,,,http://www.cdep.ro/parlamentari/l2012/Mocanu_Adrian.jpg,male
3474bd3b-54ac-4767-8808-9e00f7c7420f,Adrian SOLOMON,Solomon Adrian,,,,PSD,psd,39,VASLUI,Chamber of Deputies,2012,,,http://www.cdep.ro/parlamentari/l2012/Solomon_Adrian.jpg,male
a13d772a-7a2a-4829-8bba-d1d6aa93f4af,Adrian-Alin PETRACHE,Petrache Adrian-Alin,,,,PSD,psd,42,BUCUREŞTI,Chamber of Deputies,2012,,2014-06-11,http://www.cdep.ro/parlamentari/l2012/Petrache_Adrian_Alin.jpg,male
1283deee-e752-4b95-83c8-59e829e4ea82,Adrian-Miroslav MERKA,Merka Adrian-Miroslav,,,,Minoritati,minoritati,,,Chamber of Deputies,2012,,,http://www.cdep.ro/parlamentari/l2012/Merka_Adrian_Miroslav.jpg,male
d004e6a8-628b-46d3-8848-5d4f314b7824,Adrian-Nicolae DIACONU,Diaconu Adrian-Nicolae,,,,PSD,psd,37,TIMIŞ,Chamber of Deputies,2012,,,http://www.cdep.ro/parlamentari/l2012/Diaconu_Adrian_Nicolae.jpg,male
1bc949d8-2886-4589-bfa7-b28d69e825c5,Adriana Diana TUŞA,Tuşa Adriana Diana,,,,non-attached,non-attached,42,BUCUREŞTI,Chamber of Deputies,2012,,,http://www.cdep.ro/parlamentari/l2012/TusaAdrianaDiana.jpg,male
45cdd7a1-50e8-4e23-9930-1deba6a7f905,Adriana-Doina PANĂ,Pană Adriana-Doina,,,,PSD,psd,6,BISTRIŢA-NĂSĂUD,Chamber of Deputies,2012,,,http://www.cdep.ro/parlamentari/l2012/Pana_Adriana_Doina.jpg,female
b0623653-8fdd-4faf-b50d-48063a59e283,Alexandri NICOLAE,Nicolae Alexandri,,,,PNL,pnl,31,PRAHOVA,Chamber of Deputies,2012,,,http://www.cdep.ro/parlamentari/l2012/Nicolae_Alexandri.jpg,male
1416d6e4-9f14-4f4f-83f1-acf8616278a2,Alexandru NAZARE,Nazare Alexandru,,,,PNL,pnl,9,BRĂILA,Chamber of Deputies,2012,,,http://www.cdep.ro/parlamentari/l2012/Nazare_Alexandru.jpg,male
8ef84459-8041-434b-b8f7-20c55a72e09a,Alexandru STĂNESCU,Stănescu Alexandru,,,,PSD,psd,30,OLT,Chamber of Deputies,2012,,,http://www.cdep.ro/parlamentari/l2012/StanescuAlexandru.jpg,male
7e01b6db-1c0a-4b8f-9999-0ab7753686ed,Alin Augustin Florin POPOVICIU,Popoviciu Alin Augustin Florin,,,,PNL,pnl,37,TIMIŞ,Chamber of Deputies,2012,,,http://www.cdep.ro/parlamentari/l2012/Popoviciu_Alin.jpg,male
c7a8d793-41e5-44ec-877f-ceea3b761f7b,Alina-Ştefania GORGHIU,Gorghiu Alina-Ştefania,,,,PNL,pnl,42,BUCUREŞTI,Chamber of Deputies,2012,,,http://www.cdep.ro/parlamentari/l2012/Gorghiu_Alina_Stefania.jpg,female
dcde408a-e077-476b-a626-896006ec4361,Ana BIRCHALL,Birchall Ana,,,,PSD,psd,39,VASLUI,Chamber of Deputies,2012,,,http://www.cdep.ro/parlamentari/l2012/Birchall_Ana.jpg,female
dad03052-3ab3-401b-b3fc-18f969494541,Andrei DOLINEASCHI,Dolineaschi Andrei,,,,PSD,psd,7,BOTOŞANI,Chamber of Deputies,2012,,,http://www.cdep.ro/parlamentari/l2012/Dolineaschi_Andrei.jpg,male
f23be5f5-5bb4-4cc6-a912-a8a4e8716c14,Andrei Daniel GHEORGHE,Gheorghe Andrei Daniel,,,,PNL,pnl,25,ILFOV,Chamber of Deputies,2012,2014-06-11,,http://www.cdep.ro/parlamentari/l2012/Gheorghe_Andrei_Daniel.jpg,male
393c3355-c08e-4cbc-98fb-1b71a22b0965,Andrei Dominic GEREA,Gerea Andrei Dominic,,,,ALDE,alde,3,ARGEŞ,Chamber of Deputies,2012,,,http://www.cdep.ro/parlamentari/l2012/Gerea_Andrei_Dominic.jpg,male
60a052ff-121e-4104-b424-d12dfa9f4485,Andrei-Răzvan CONDURĂŢEANU,Condurăţeanu Andrei-Răzvan,,,,UNPR,unpr,14,CONSTANŢA,Chamber of Deputies,2012,,,http://www.cdep.ro/parlamentari/l2012/Condurateanu_Andrei_Razvan.jpg,male
4fb68ebd-be30-483a-a76b-a43a179a86a5,Andrei-Valentin SAVA,Sava Andrei-Valentin,,,,PSD,psd,31,PRAHOVA,Chamber of Deputies,2012,,,http://www.cdep.ro/parlamentari/l2012/SavaAndreiValentin.jpg,male
990f2b3e-c1cc-432a-ab00-5bda2a2187d7,Angel TÎLVĂR,Tîlvăr Angel,,,,PSD,psd,41,VRANCEA,Chamber of Deputies,2012,,,http://www.cdep.ro/parlamentari/l2012/TilvarAngel.jpg,male
109a6fa7-536a-476b-b77f-ce69840bc239,Anghel STANCIU,Stanciu Anghel,,,,PSD,psd,24,IAŞI,Chamber of Deputies,2012,,,http://www.cdep.ro/parlamentari/l2012/Stanciu_Anghel.jpg,male
dddba00c-e7f7-4e28-9447-ebe9a4274303,Anton DOBOŞ,Doboş Anton,,,,PNL,pnl,24,IAŞI,Chamber of Deputies,2012,,,http://www.cdep.ro/parlamentari/l2012/Dobos_Anton.jpg,male
04e6b1d7-2bd0-48fb-a609-63795b65b6ce,Aurel NECHITA,Nechita Aurel,,,,PSD,psd,18,GALAŢI,Chamber of Deputies,2012,,2013-06-04,http://www.cdep.ro/parlamentari/l2012/Nechita_Aurel.jpg,male
14e156ea-a136-4633-b023-3a86ef1cbfaf,Aurel NICULAE,Niculae Aurel,,,,PNL,pnl,12,CĂLĂRAŞI,Chamber of Deputies,2012,,,http://www.cdep.ro/parlamentari/l2012/Niculae_Aurel.jpg,male
ced8baae-a58d-4509-8dd9-2711924b7147,Aurel VAINER,Vainer Aurel,,,,Minoritati,minoritati,,,Chamber of Deputies,2012,,,http://www.cdep.ro/parlamentari/l2012/Vainer_Aurel.jpg,male
30ab0437-b570-48bb-bb5f-5ba138e573c2,Aurel VLĂDOIU,Vlădoiu Aurel,,,,PSD,psd,40,VÂLCEA,Chamber of Deputies,2012,,2015-07-27,http://www.cdep.ro/parlamentari/l2012/Vladoiu_Aurel.jpg,male
55061919-735d-4982-bd3f-65293eb747c0,Aurelia CRISTEA,Cristea Aurelia,,,,PSD,psd,13,CLUJ,Chamber of Deputies,2012,,,http://www.cdep.ro/parlamentari/l2012/Cristea_Aurelia.jpg,female
5dca6052-72af-4e66-bff5-fa1333f3c726,Aurelian IONESCU,Ionescu Aurelian,,,,ALDE,alde,23,IALOMIŢA,Chamber of Deputies,2012,,,http://www.cdep.ro/parlamentari/l2012/Ionescu_Aurelian.jpg,male
fc253b36-486e-4e26-b829-6fed61b676a6,Aurelian MIHAI,Mihai Aurelian,,,,ALDE,alde,43,DIASPORA,Chamber of Deputies,2012,,,http://www.cdep.ro/parlamentari/l2012/Mihai_Aurelian.jpg,male
4a0c8b96-b0a6-40b7-8fa6-1ff86a4f43f6,BORBÉLY László,Borbély László,,,,UDMR,udmr,28,MUREŞ,Chamber of Deputies,2012,,,http://www.cdep.ro/parlamentari/l2012/Borbely_Laszlo.jpg,male
0bf50638-4cb8-4199-ae90-b878efd745b3,Bogdan Nicolae NICULESCU DUVĂZ,Niculescu Duvăz Bogdan Nicolae,,,,PSD,psd,3,ARGEŞ,Chamber of Deputies,2012,,,http://www.cdep.ro/parlamentari/l2012/Niculescu_Duvaz.jpg,male
c2d28c13-0fc4-49d0-a5ac-27cdb854ab9a,BÓNIS István,Bónis István,,,,UDMR,udmr,26,MARAMUREŞ,Chamber of Deputies,2012,,,http://www.cdep.ro/parlamentari/l2012/Bonis_Istvan.jpg,male
d2eec6d8-d8a3-418f-9dd7-0568e40718d2,CSEKE Attila-Zoltán,Cseke Attila-Zoltán,,,,UDMR,udmr,5,BIHOR,Chamber of Deputies,2012,,,http://www.cdep.ro/parlamentari/l2012/Cseke_Attila_Zoltan.jpg,male
362e0582-38df-4c4d-b1f5-8a8ca57247a3,Camelia KHRAIBANI,Khraibani Camelia,,,,non-attached,non-attached,20,GORJ,Chamber of Deputies,2012,,,http://www.cdep.ro/parlamentari/l2012/Khraibani_Camelia.jpg,female
3cfb479f-3c23-4d03-af19-4ee831a5c50d,Camelia-Margareta BOGDĂNICI,Bogdănici Camelia-Margareta,,,,UNPR,unpr,24,IAŞI,Chamber of Deputies,2012,,,http://www.cdep.ro/parlamentari/l2012/Bogdanici_Camelia_Margareta.jpg,female
4b34f541-0d25-4ae4-8df4-cba10232db40,Carmen-Ileana MIHĂLCESCU,Mihălcescu Carmen-Ileana,,,,PSD,psd,16,DÂMBOVIŢA,Chamber of Deputies,2012,,,http://www.cdep.ro/parlamentari/l2012/Moldovan_Carmen_Ileana.jpg,female
f83283c5-ec5f-4573-aa02-baf3167bb7ff,Cezar CIOATĂ,Cioată Cezar,,,,PSD,psd,35,SUCEAVA,Chamber of Deputies,2012,,,http://www.cdep.ro/parlamentari/l2012/Cioata_Cezar.jpg,male
1754f983-4bbe-4575-92b0-9dd2b7d6fcc3,Cezar-Florin PREDA,Preda Cezar-Florin,,,,PNL,pnl,10,BUZĂU,Chamber of Deputies,2012,,,http://www.cdep.ro/parlamentari/l2012/Preda_Cezar.jpg,male
d69ff828-4957-4189-9ee7-26f97a2e2839,Claudia BOGHICEVICI,Boghicevici Claudia,,,,PNL,pnl,2,ARAD,Chamber of Deputies,2012,,2016-07-01,http://www.cdep.ro/parlamentari/l2012/Boghicevici_Claudia.jpg,female
5bcdf6dd-3bb6-4a33-b3fa-b5c2024efdef,Claudiu-Andrei TĂNĂSESCU,Tănăsescu Claudiu-Andrei,,,,ALDE,alde,42,BUCUREŞTI,Chamber of Deputies,2012,,,http://www.cdep.ro/parlamentari/l2012/TanasescuClaudiuAndrei.jpg,male
b2dea07a-023f-47ea-9da9-2910591ea8e7,Clement NEGRUŢ,Negruţ Clement,,,,UNPR,unpr,1,ALBA,Chamber of Deputies,2012,,,http://www.cdep.ro/parlamentari/l2012/Negrut_Clement.jpg,male
3faccf6d-c4ca-493d-8a1a-31f30a9720af,Constantin ADĂSCĂLIŢEI,Adăscăliţei Constantin,,,,PSD,psd,24,IAŞI,Chamber of Deputies,2012,,2016-03-07,http://www.cdep.ro/parlamentari/l2012/Adascalitei_Constantin.jpg,male
e610046b-54f4-4923-aaff-e118332b97c5,Constantin AVRAM,Avram Constantin,,,,ALDE,alde,4,BACĂU,Chamber of Deputies,2012,,,http://www.cdep.ro/parlamentari/l2012/Avram_Constantin.jpg,male
09af1219-1a06-4da2-954c-5361c22e325a,Constantin DASCĂLU,Dascălu Constantin,,,,PNL,pnl,17,DOLJ,Chamber of Deputies,2012,,,http://www.cdep.ro/parlamentari/l2012/Dascalu_Constantin.jpg,male
5c4ed320-4bb4-4001-a2cf-2d1b6e50e4f1,Constantin GALAN,Galan Constantin,,,,PNL,pnl,35,SUCEAVA,Chamber of Deputies,2012,,,http://www.cdep.ro/parlamentari/l2012/Galan_Constantin.jpg,male
1f21b51f-a67b-4bf5-b2f0-ca34770cb10c,Constantin MAZILU,Mazilu Constantin,,,,UNPR,unpr,40,VÂLCEA,Chamber of Deputies,2012,,,http://www.cdep.ro/parlamentari/l2012/Mazilu_Constantin.jpg,male
b21e928c-313a-484c-9b9b-efbdc96a1a18,Constantin MOISII,Moisii Constantin,,,,UNPR,unpr,29,NEAMŢ,Chamber of Deputies,2012,,,http://www.cdep.ro/parlamentari/l2012/Moisii_Constantin.jpg,male
a53325e7-4d3c-46a8-bf1e-89bbbccd1039,Constantin NIŢĂ,Niţă Constantin,,,,PSD,psd,8,BRAŞOV,Chamber of Deputies,2012,,,http://www.cdep.ro/parlamentari/l2012/Nita_Constantin.jpg,male
b24aaaa3-5e95-4098-bd97-77d26d9ffd25,Constantin RĂDULESCU,Rădulescu Constantin,,,,PSD,psd,40,VÂLCEA,Chamber of Deputies,2012,,2016-07-07,http://www.cdep.ro/parlamentari/l2012/Radulescu_Constantin.jpg,male
13242c53-1a4c-4849-90c0-ea3f65ba10b7,Constantin-Alin BUCUR,Bucur Constantin-Alin,,,,ALDE,alde,36,TELEORMAN,Chamber of Deputies,2012,,,http://www.cdep.ro/parlamentari/l2012/Bucur_Constantin_Alin.jpg,male
5b554408-d496-4489-a84a-27b169f101b1,Constantin-Cosmin ENEA,Enea Constantin-Cosmin,,,,PSD,psd,17,DOLJ,Chamber of Deputies,2012,,2016-12-05,http://www.cdep.ro/parlamentari/l2012/Enea_Constantin_Cosmin.jpg,male
4991063e-560b-451d-b2c5-6e9102efd455,Constantin-Stelian-Emil MOŢ,Moţ Constantin-Stelian-Emil,,,,PSD,psd,30,OLT,Chamber of Deputies,2012,,2016-06-23,http://www.cdep.ro/parlamentari/l2012/Mot_Constantin_Stelian_Emil.jpg,male
f52574d2-328d-4141-95fc-d122c852b3b6,Cornel ITU,Itu Cornel,,,,PSD,psd,13,CLUJ,Chamber of Deputies,2012,,,http://www.cdep.ro/parlamentari/l2012/Itu_Cornel.jpg,male
e2d8be99-bb86-4d37-9df2-fa5662cdcc2e,Cornel-Cristian RESMERIŢĂ,Resmeriţă Cornel-Cristian,,,,PSD,psd,22,HUNEDOARA,Chamber of Deputies,2012,,2016-07-01,http://www.cdep.ro/parlamentari/l2012/Resmerita_Cornel.jpg,male
9fd2f6fc-5443-4420-80c8-531eaa78c359,Cornel-George COMŞA,Comşa Cornel-George,,,,non-attached,non-attached,1,ALBA,Chamber of Deputies,2012,,,http://www.cdep.ro/parlamentari/l2012/Comsa_Cornel_George.jpg,male
e77d0803-fe44-42dd-9ba2-a9c5e5d3cc28,Cornel-Mircea SĂMĂRTINEAN,Sămărtinean Cornel-Mircea,,,,UNPR,unpr,37,TIMIŞ,Chamber of Deputies,2012,,,http://www.cdep.ro/parlamentari/l2012/SamartineanCornelMircea.jpg,male
464d267e-bd4f-416e-82e5-f68d84494258,Cornelia NEGRUŢ,Negruţ Cornelia,,,,ALDE,alde,26,MARAMUREŞ,Chamber of Deputies,2012,,,http://www.cdep.ro/parlamentari/l2012/Negrut_Cornelia.jpg,female
9a3a1a29-bb0e-4096-b38f-2afeb0c526be,Corneliu-Florin BUICU,Buicu Corneliu-Florin,,,,PSD,psd,28,MUREŞ,Chamber of Deputies,2012,,,http://www.cdep.ro/parlamentari/l2012/Buicu_Corneliu_Florin.jpg,male
bc08f3ae-6cf4-4c86-aa45-f35963d12194,Corneliu-Mugurel COZMANCIUC,Cozmanciuc Corneliu-Mugurel,,,,PNL,pnl,24,IAŞI,Chamber of Deputies,2012,,,http://www.cdep.ro/parlamentari/l2012/Cozmanciuc_Corneliu_Mugurel.jpg,male
6bde5662-8c58-457d-b24d-aa74c80e3667,Cosmin NECULA,Necula Cosmin,,,,PSD,psd,4,BACĂU,Chamber of Deputies,2012,,2016-06-22,http://www.cdep.ro/parlamentari/l2012/Necula_Cosmin.jpg,male
23cf99a9-1981-4279-a49a-61e0ce952904,Costel ALEXE,Alexe Costel,,,,PNL,pnl,24,IAŞI,Chamber of Deputies,2012,,,http://www.cdep.ro/parlamentari/l2012/Alexe_Costel.jpg,male
33eab6db-55d5-4f1c-a4d1-2111e425f808,Costel ŞOPTICĂ,Şoptică Costel,,,,PNL,pnl,7,BOTOŞANI,Chamber of Deputies,2012,,,http://www.cdep.ro/parlamentari/l2012/SopticaCostel.jpg,male
a92f39b9-6821-40c5-9fcd-f123e5527ad6,Costică CANACHEU,Canacheu Costică,,,,PNL,pnl,42,BUCUREŞTI,Chamber of Deputies,2012,,,http://www.cdep.ro/parlamentari/l2012/Canacheu_Costica.jpg,male
303c5f2f-186a-43b9-9009-3ed8a36d27f2,Cristian BUICAN,Buican Cristian,,,,PNL,pnl,40,VÂLCEA,Chamber of Deputies,2012,,,http://www.cdep.ro/parlamentari/l2012/Buican_Cristian.jpg,male
1cad0850-baef-43b9-a8bd-a8d393230ed1,Cristian RIZEA,Rizea Cristian,,,,PSD,psd,9,BRĂILA,Chamber of Deputies,2012,,,http://www.cdep.ro/parlamentari/l2012/Rizea_Cristian.jpg,male
5623be95-b6e8-4bcd-bf71-538c58baa153,Cristian-Constantin ROMAN,Roman Cristian-Constantin,,,,PNL,pnl,7,BOTOŞANI,Chamber of Deputies,2012,,,http://www.cdep.ro/parlamentari/l2012/Roman_Cristian_Constantin.jpg,male
df278ed8-daf7-492e-a377-e0f40b62c079,Cristian-George SEFER,Sefer Cristian-George,,,,UNPR,unpr,28,MUREŞ,Chamber of Deputies,2012,,,http://www.cdep.ro/parlamentari/l2012/Sefer_Cristian_George.jpg,male
ae1de975-82a4-4931-9733-9b6d107300ce,Cristina NICHITA,Nichita Cristina,,,,PSD,psd,24,IAŞI,Chamber of Deputies,2012,,,http://www.cdep.ro/parlamentari/l2012/Nichita_Cristina.jpg,female
442cec09-8931-4c41-a522-8cbeb0ce67ac,Cristina-Ancuţa POCORA,Pocora Cristina-Ancuţa,,,,PNL,pnl,23,IALOMIŢA,Chamber of Deputies,2012,,,http://www.cdep.ro/parlamentari/l2012/Pocora_Cristina_Ancuta.jpg,female
b23fa38d-0f3e-4a4c-8693-3cd9daee2bc3,Călin POTOR,Potor Călin,,,,PSD,psd,1,ALBA,Chamber of Deputies,2012,,,http://www.cdep.ro/parlamentari/l2012/Potor_Calin.jpg,male
1a488924-a4cb-4bce-ada5-7b4fb84e90f2,Călin-Vasile-Andrei MATEI,Matei Călin-Vasile-Andrei,,,,PSD,psd,26,MARAMUREŞ,Chamber of Deputies,2012,,,http://www.cdep.ro/parlamentari/l2012/Matei_Calin_Vasile_Andrei.jpg,male
a3473230-b8fb-4774-a5c9-55a122315336,Cătălin TIUCH,Tiuch Cătălin,,,,PSD,psd,37,TIMIŞ,Chamber of Deputies,2012,,,http://www.cdep.ro/parlamentari/l2012/TiuchCatalin.jpg,male
8443d1e0-4af5-464d-9d50-0e10231bcfab,Cătălin-Daniel FENECHIU,Fenechiu Cătălin-Daniel,,,,PNL,pnl,42,BUCUREŞTI,Chamber of Deputies,2012,,,http://www.cdep.ro/parlamentari/l2012/Fenechiu_Catalin_Daniel.jpg,male
4bc7f97a-4ebf-42ee-b0be-c759bb07572a,Cătălin-Florin TEODORESCU,Teodorescu Cătălin-Florin,,,,PNL,pnl,3,ARGEŞ,Chamber of Deputies,2012,,,http://www.cdep.ro/parlamentari/l2012/TeodorescuCatalinFlorin.jpg,male
fa227c01-d96a-42ef-94c7-772e78371664,Cătălin-Marian RĂDULESCU,Rădulescu Cătălin-Marian,,,,PSD,psd,3,ARGEŞ,Chamber of Deputies,2012,,,http://www.cdep.ro/parlamentari/l2012/Radulescu_Catalin_Marian.jpg,male
ce43473f-7e47-44d8-97d7-12442b2b2e41,Damian FLOREA,Florea Damian,,,,ALDE,alde,42,BUCUREŞTI,Chamber of Deputies,2012,,,http://www.cdep.ro/parlamentari/l2012/Florea_Damian.jpg,male
d3d1e486-c5e1-4bb4-94a3-8d5adcbdcf88,Dan BORDEIANU,Bordeianu Dan,,,,PSD,psd,39,VASLUI,Chamber of Deputies,2012,,,http://www.cdep.ro/parlamentari/l2012/Bordeianu_Dan.jpg,male
c26ae69a-c5fa-4327-9f29-1301f086f999,Dan CIOCAN,Ciocan Dan,,,,PSD,psd,30,OLT,Chamber of Deputies,2012,,,http://www.cdep.ro/parlamentari/l2012/Ciocan_Dan.jpg,male
a264c152-e767-45b9-9263-cd2c77feafa8,Dan Coriolan SIMEDRU,Simedru Dan Coriolan,,,,PNL,pnl,1,ALBA,Chamber of Deputies,2012,,,http://www.cdep.ro/parlamentari/l2012/SimedruDanCoriolan.jpg,male
d84b678f-906a-4ab7-8eaf-931a72d667d2,Dan NICA,Nica Dan,,,,PSD,psd,18,GALAŢI,Chamber of Deputies,2012,,2014-06-23,http://www.cdep.ro/parlamentari/l2012/Nica_Dan.jpg,male
c3b21765-9725-4b96-8a2b-a952ea6a054d,Dan Radu RUŞANU,Ruşanu Dan Radu,,,,PNL,pnl,22,HUNEDOARA,Chamber of Deputies,2012,,2013-04-29,http://www.cdep.ro/parlamentari/l2012/Rusanu_Dan_Radu.jpg,male
caa475c7-3d82-486f-8404-de8fd537477b,Dan-Cristian POPESCU,Popescu Dan-Cristian,,,,PNL,pnl,42,BUCUREŞTI,Chamber of Deputies,2012,,2016-08-04,http://www.cdep.ro/parlamentari/l2012/Popescu_Dan_Cristian.jpg,male
c7e399da-9652-4e35-8d80-33d0d0a8a9c7,Dan-Laurenţiu TOCUŢ,Tocuţ Dan-Laurenţiu,,,,ALDE,alde,11,CARAŞ-SEVERIN,Chamber of Deputies,2012,,,http://www.cdep.ro/parlamentari/l2012/TocutDanLaurentiu.jpg,male
43820503-6e08-4e60-9301-fbe7df91ff62,Dan-Ştefan MOTREANU,Motreanu Dan-Ştefan,,,,PNL,pnl,12,CĂLĂRAŞI,Chamber of Deputies,2012,,,http://www.cdep.ro/parlamentari/l2012/Motreanu_Dan_Stefan.jpg,male
6b62119a-22a0-4547-8a44-3e9bcaecacea,Daniel CHIŢOIU,Chiţoiu Daniel,,,,ALDE,alde,19,GIURGIU,Chamber of Deputies,2012,,,http://www.cdep.ro/parlamentari/l2012/ChitoiuDaniel.jpg,male
96134482-574a-4d34-9bf8-b3c32ce66491,Daniel CONSTANTIN,Constantin Daniel,,,,ALDE,alde,3,ARGEŞ,Chamber of Deputies,2012,,,http://www.cdep.ro/parlamentari/l2012/Constantin_Daniel.jpg,male
18eba9c4-a772-4b22-9f70-5d3655e1497d,Daniel FLOREA,Florea Daniel,,,,PSD,psd,12,CĂLĂRAŞI,Chamber of Deputies,2012,,2016-06-27,http://www.cdep.ro/parlamentari/l2012/Florea_Daniel.jpg,male
a1bb82c3-78ab-4c2c-a57e-34c06c8610f7,Daniel IANE,Iane Daniel,,,,PNL,pnl,17,DOLJ,Chamber of Deputies,2012,,,http://www.cdep.ro/parlamentari/l2012/Iane_Daniel.jpg,male
eeeffca4-b5bc-4358-a717-ad158dce5516,Daniel TUDORACHE,Tudorache Daniel,,,,PSD,psd,42,BUCUREŞTI,Chamber of Deputies,2012,,2016-07-04,http://www.cdep.ro/parlamentari/l2012/TudoracheDaniel.jpg,male
dec1d289-350d-42aa-9e71-dc39f48c57a7,Daniel Vasile OAJDEA,Oajdea Daniel Vasile,,,,non-attached,non-attached,24,IAŞI,Chamber of Deputies,2012,,,http://www.cdep.ro/parlamentari/l2012/Oajdea_Daniel_Vasile.jpg,male
3488697a-a9ce-46fc-8716-0d20be16c8a6,Daniel-Cătălin ZAMFIR,Zamfir Daniel-Cătălin,,,,PNL,pnl,8,BRAŞOV,Chamber of Deputies,2012,,,http://www.cdep.ro/parlamentari/l2012/Zamfir_Daniel_Catalin.jpg,male
ff8de587-6d00-483e-8d5f-6ee49182b62c,Daniel-Ionuţ BĂRBULESCU,Bărbulescu Daniel-Ionuţ,,,,PSD,psd,30,OLT,Chamber of Deputies,2012,,,http://www.cdep.ro/parlamentari/l2012/Barbulescu_Daniel_Ionut.jpg,male
72160f20-3593-4d80-aa67-b3fcced094b3,Daniel-Stamate BUDURESCU,Budurescu Daniel-Stamate,,,,ALDE,alde,42,BUCUREŞTI,Chamber of Deputies,2012,,,http://www.cdep.ro/parlamentari/l2012/Budurescu_Daniel_Stamate.jpg,male
e4e4910a-9d96-47e6-87f7-5f3e65561091,Dinu GIURESCU,Giurescu Dinu,,,,ALDE,alde,42,BUCUREŞTI,Chamber of Deputies,2012,,2014-05-12,http://www.cdep.ro/parlamentari/l2012/Giurescu_Dinu.jpg,male
95a65d1c-d3c0-4618-a332-297498bbd6af,Dorel COVACI,Covaci Dorel,,,,PSD,psd,37,TIMIŞ,Chamber of Deputies,2012,,,http://www.cdep.ro/parlamentari/l2012/Covaci_Dorel.jpg,male
7e2bb797-6fc6-4698-b9b7-fd5d43d4ab88,Dorel-Gheorghe CĂPRAR,Căprar Dorel-Gheorghe,,,,PSD,psd,2,ARAD,Chamber of Deputies,2012,,,http://www.cdep.ro/parlamentari/l2012/Caprar_Dorel_Gheorghe.jpg,male
fad92554-9359-4e9d-9f6c-e7a263b6901d,Dorin Silviu PETREA,Petrea Dorin Silviu,,,,PSD,psd,9,BRĂILA,Chamber of Deputies,2012,,,http://www.cdep.ro/parlamentari/l2012/Petrea_Dorin_Silviu.jpg,male
3a685d33-8986-498e-9f23-96618cb5b813,Dorinel URSĂRESCU,Ursărescu Dorinel,,,,ALDE,alde,29,NEAMŢ,Chamber of Deputies,2012,,,http://www.cdep.ro/parlamentari/l2012/UrsarescuDorinel.jpg,male
e3ce9986-b71b-4cda-aabe-eeb1c38aa67c,Dragoş Gabriel ZISOPOL,Zisopol Dragoş Gabriel,,,,Minoritati,minoritati,,,Chamber of Deputies,2012,,,http://www.cdep.ro/parlamentari/l2012/Zisopol_Dragos_Gabriel.jpg,male
dca41f1d-3f7e-4d83-8842-7b427ca5206c,Dragoş-Ionel GUNIA,Gunia Dragoş-Ionel,,,,PNL,pnl,31,PRAHOVA,Chamber of Deputies,2012,,,http://www.cdep.ro/parlamentari/l2012/Gunia_Dragos_Ionel.jpg,male
ef1ea5ba-f96a-435e-a74b-fcd8a5913fec,Dumitru CHIRIŢĂ,Chiriţă Dumitru,,,,PSD,psd,42,BUCUREŞTI,Chamber of Deputies,2012,,,http://www.cdep.ro/parlamentari/l2012/Chirita_Dumitru.jpg,male
7534b42f-0476-462a-8e4d-9d21ea51684b,Dumitru NICULESCU,Niculescu Dumitru,,,,UNPR,unpr,30,OLT,Chamber of Deputies,2012,,,http://www.cdep.ro/parlamentari/l2012/Niculescu_Dumitru.jpg,male
f0ac20b0-3d3f-41cb-aefa-1a52ac958f54,Dumitru PARDĂU,Pardău Dumitru,,,,PNL,pnl,35,SUCEAVA,Chamber of Deputies,2012,,,http://www.cdep.ro/parlamentari/l2012/Pardau_Dumitru.jpg,male
23a46051-29cf-4c90-9382-87b695da0a6c,Dumitru-Iulian POPESCU,Popescu Dumitru-Iulian,,,,UNPR,unpr,42,BUCUREŞTI,Chamber of Deputies,2012,,,http://www.cdep.ro/parlamentari/l2012/Popescu_Dumitru_Iulian.jpg,male
c5e13db6-1c41-4476-a838-77659e5990ab,Dumitru-Verginel GIREADĂ,Gireadă Dumitru-Verginel,,,,PNL,pnl,7,BOTOŞANI,Chamber of Deputies,2012,,,http://www.cdep.ro/parlamentari/l2012/Gireada_Dumitru_Verginel.jpg,male
75a84a8a-df01-4ebc-b721-786db04cdca0,Dănuţ CULEŢU,Culeţu Dănuţ,,,,PNL,pnl,14,CONSTANŢA,Chamber of Deputies,2012,,2015-04-01,http://www.cdep.ro/parlamentari/l2012/Culetu_Danut.jpg,male
3b2feb0f-b894-4c9e-a2b8-decf16669860,ERDEI DOLÓCZKI István,Erdei Dolóczki István,,,,UDMR,udmr,32,SATU-MARE,Chamber of Deputies,2012,,,http://www.cdep.ro/parlamentari/l2012/Erdei_Doloczi_Istvan.jpg,male
d28e94d8-acca-447a-8761-0f84f7e7570a,Eduard Raul HELLVIG,Hellvig Eduard Raul,,,,PNL,pnl,25,ILFOV,Chamber of Deputies,2012,,2013-09-03,http://www.cdep.ro/parlamentari/l2012/Hellvig_Eduard_Raul.jpg,male
7d3685d5-d3cd-4953-a4d6-1a29c61f9e8b,Eduard-Stelian MARTIN,Martin Eduard-Stelian,,,,PSD,psd,14,CONSTANŢA,Chamber of Deputies,2012,,,http://www.cdep.ro/parlamentari/l2012/Martin_Eduard_Stelian.jpg,male
2ebf4ec2-0953-45a2-a920-1df263d4fee3,Elena Cătălina ŞTEFĂNESCU,Ştefănescu Elena Cătălina,,,,PSD,psd,36,TELEORMAN,Chamber of Deputies,2012,,,http://www.cdep.ro/parlamentari/l2012/Stefanescu_Catalina.jpg,female
34316185-62ac-4bb7-9642-a207f6e388d6,Elena Gabriela UDREA,Udrea Elena Gabriela,,,,non-attached,non-attached,29,NEAMŢ,Chamber of Deputies,2012,,,http://www.cdep.ro/parlamentari/l2012/Udrea-Elena-Gabriela.jpg,female
2ba3b339-dec6-4685-afb1-6175d3f98865,Elena-Ramona REUER,Reuer Elena-Ramona,,,,PNL,pnl,13,CLUJ,Chamber of Deputies,2012,,,http://www.cdep.ro/parlamentari/l2012/UiroreanuElenaRamon.jpg,female
cf732c58-4bfe-4f39-892d-c2986b050c55,Eleonora-Carmen HĂRĂU,Hărău Eleonora-Carmen,,,,PNL,pnl,22,HUNEDOARA,Chamber of Deputies,2012,,,http://www.cdep.ro/parlamentari/l2012/Harau_Eleonora_Carmen.jpg,female
2ab411f3-3915-461f-a30d-305d74ddff08,Emil NIŢĂ,Niţă Emil,,,,PSD,psd,8,BRAŞOV,Chamber of Deputies,2012,,,http://www.cdep.ro/parlamentari/l2012/Nita_Emil.jpg,male
0afe1bba-8b11-419a-a159-6f0725725221,Erland COCEI,Cocei Erland,,,,PNL,pnl,10,BUZĂU,Chamber of Deputies,2012,,,http://www.cdep.ro/parlamentari/l2012/Cocei_Erland.jpg,male
32a653d7-dbea-412a-8b40-b9ec18473837,Eugen BEJINARIU,Bejinariu Eugen,,,,PSD,psd,35,SUCEAVA,Chamber of Deputies,2012,,,http://www.cdep.ro/parlamentari/l2012/Bejinariu_Eugen.jpg,male
591e1264-8892-4d1d-9e6c-78e5751588be,Eugen CHEBAC,Chebac Eugen,,,,UNPR,unpr,18,GALAŢI,Chamber of Deputies,2012,,,http://www.cdep.ro/parlamentari/l2012/Chebac_Eugen.jpg,male
27d2a2bb-ed32-49a3-b01e-c2b6c7117f04,Eugen Constantin URICEC,Uricec Eugen Constantin,,,,PSD,psd,35,SUCEAVA,Chamber of Deputies,2012,,,http://www.cdep.ro/parlamentari/l2012/Uricec_Eugen_Constantin.jpg,male
07cabef9-44dc-4ad6-9376-5ff64a7e8b57,Eugen NICOLICEA,Nicolicea Eugen,,,,PSD,psd,10,BUZĂU,Chamber of Deputies,2012,,,http://www.cdep.ro/parlamentari/l2012/Nicolicea_Eugen.jpg,male
eda51a85-68ef-4bdb-905c-f1ff2dcfc1ea,Eugen TOMAC,Tomac Eugen,,,,UNPR,unpr,43,DIASPORA,Chamber of Deputies,2012,,,http://www.cdep.ro/parlamentari/l2012/TomacEugen.jpg,male
bac53b9d-c39d-433e-bee0-2db4be6b7c95,Eusebiu-Manea PISTRU-POPA,Pistru-Popa Eusebiu-Manea,,,,PNL,pnl,2,ARAD,Chamber of Deputies,2012,,,http://www.cdep.ro/parlamentari/l2012/Pistru_Popa_Eusebiu_Manea.jpg,male
fc5341be-bd48-48ec-9359-5637cc421b0b,FEJÉR László-Ődőn,Fejér László-Ődőn,,,,UDMR,udmr,15,COVASNA,Chamber of Deputies,2012,,,http://www.cdep.ro/parlamentari/l2012/Fejer_Laszlo_Odon.jpg,male
4728475f-868b-4151-bb10-86f4d52e5ccf,Flavius-Luigi MĂDUŢA,Măduţa Flavius-Luigi,,,,PSD,psd,2,ARAD,Chamber of Deputies,2012,,,http://www.cdep.ro/parlamentari/l2012/Maduta_Flavius_Luigi.jpg,male
0bece5ac-96c5-4643-add9-4368583d3a70,Florentin GUST BĂLOŞIN,Gust Băloşin Florentin,,,,non-attached,non-attached,17,DOLJ,Chamber of Deputies,2012,,,http://www.cdep.ro/parlamentari/l2012/Gust_Balosin.jpg,male
91666f10-41c8-4103-a012-6a2a3ad692ba,Florian Daniel GEANTĂ,Geantă Florian Daniel,,,,PSD,psd,42,BUCUREŞTI,Chamber of Deputies,2012,,,http://www.cdep.ro/parlamentari/l2012/Geanta_Florian_Daniel.jpg,male
5567fad4-be0b-41be-83f6-ae71e4ff22c8,Florian NICOLAE,Nicolae Florian,,,,PSD,psd,19,GIURGIU,Chamber of Deputies,2012,,,http://www.cdep.ro/parlamentari/l2012/Nicolae_Florian.jpg,male
52e78121-81a4-4b82-ae14-806b3b7c0d9d,Florica CHERECHEŞ,Cherecheş Florica,,,,PNL,pnl,5,BIHOR,Chamber of Deputies,2012,,,http://www.cdep.ro/parlamentari/l2012/Chereches_Florica.jpg,female
73cb7bd5-f8c5-4cc0-ae25-2b9fcc9e4dbf,Florică BÎRSĂŞTEANU,Bîrsăşteanu Florică,,,,PSD,psd,37,TIMIŞ,Chamber of Deputies,2012,2014-06-11,,http://www.cdep.ro/parlamentari/l2012/Birsasteanu_Florica.jpg,male
1b56da6e-8a62-4bfd-8c52-92a0c7f5ca45,Florică Ică CALOTĂ,Calotă Florică Ică,,,,ALDE,alde,36,TELEORMAN,Chamber of Deputies,2012,,,http://www.cdep.ro/parlamentari/l2012/Calota_Florica_Ica.jpg,male
a465367b-9ddb-4a24-b6e6-ab71776666c7,Florin Aurelian POPESCU,Popescu Florin Aurelian,,,,non-attached,non-attached,16,DÂMBOVIŢA,Chamber of Deputies,2012,,2016-03-02,http://www.cdep.ro/parlamentari/l2012/Popescu_Florin_Aurelian.jpg,male
aadc9c5c-a0b0-41e9-928b-d4a2515f31f6,Florin CIURARIU,Ciurariu Florin,,,,PNL,pnl,39,VASLUI,Chamber of Deputies,2012,,,http://www.cdep.ro/parlamentari/l2012/Ciurariu_Florin.jpg,male
a2a995f9-121a-446f-90c5-11748f0832ed,Florin GHEORGHE,Gheorghe Florin,,,,PSD,psd,14,CONSTANŢA,Chamber of Deputies,2012,,,http://www.cdep.ro/parlamentari/l2012/Gheorghe_Florin.jpg,male
83fa4ca3-92d7-4038-a27f-2e36bda59338,Florin IORDACHE,Iordache Florin,,,,PSD,psd,30,OLT,Chamber of Deputies,2012,,,http://www.cdep.ro/parlamentari/l2012/Iordache_Florin.jpg,male
ea076065-2712-4e7d-9c69-3aaa8c93259a,Florin Mihail SECARĂ,Secară Florin Mihail,,,,PNL,pnl,41,VRANCEA,Chamber of Deputies,2012,,,http://www.cdep.ro/parlamentari/l2012/SecaraFlorinMihail.jpg,male
cc2ad937-bb96-406d-a5b4-826fc63db6dd,Florin-Alexandru ALEXE,Alexe Florin-Alexandru,,,,PNL,pnl,42,BUCUREŞTI,Chamber of Deputies,2012,,,http://www.cdep.ro/parlamentari/l2012/Alexe_Florin_Alexandru.jpg,male
312646e8-b1c9-411e-83df-f0a857b60ab1,Florin-Costin PÂSLARU,Pâslaru Florin-Costin,,,,PSD,psd,18,GALAŢI,Chamber of Deputies,2012,,,http://www.cdep.ro/parlamentari/l2012/Paslaru_Florin_Costin.jpg,male
bff73db6-40e7-47de-a7ab-17df73db5da9,Florin-Cristian TĂTARU,Tătaru Florin-Cristian,,,,PSD,psd,26,MARAMUREŞ,Chamber of Deputies,2012,,,http://www.cdep.ro/parlamentari/l2012/Tataru_Florin-Cristian.jpg,male
0f44f7c6-db49-4e47-8141-4ce61231ca53,Gabriel ANDRONACHE,Andronache Gabriel,,,,PNL,pnl,8,BRAŞOV,Chamber of Deputies,2012,,,http://www.cdep.ro/parlamentari/l2012/Andronache_Gabriel.jpg,male
8a6e6b71-2539-4b30-b179-2bbf2c5d21be,Gabriela-Lola ANGHEL,Anghel Gabriela-Lola,,,,PNL,pnl,31,PRAHOVA,Chamber of Deputies,2012,,,http://www.cdep.ro/parlamentari/l2012/Anghel_Gabriela_Lola.jpg,female
810439c7-f65a-40a7-9a4f-5a9858917e62,Gabriela-Maria PODAŞCĂ,Podaşcă Gabriela-Maria,,,,PSD,psd,42,BUCUREŞTI,Chamber of Deputies,2012,,,http://www.cdep.ro/parlamentari/l2012/Podasca_Gabriela_Maria.jpg,female
e4d212ee-d084-445e-80c6-39f6d0b926d1,Gavril MÎRZA,Mîrza Gavril,,,,PSD,psd,35,SUCEAVA,Chamber of Deputies,2012,,,http://www.cdep.ro/parlamentari/l2012/Mirza_Gavril.jpg,male
135ae5c0-f748-46b3-bff5-08b2eadb513d,George BECALI,Becali George,,,,PNL,pnl,42,BUCUREŞTI,Chamber of Deputies,2012,,2013-05-20,http://www.cdep.ro/parlamentari/l2012/Becali_George.jpg,male
e59e0d2d-7a09-4bdb-bd79-f6a2b8ffd378,George IONESCU,Ionescu George,,,,PNL,pnl,31,PRAHOVA,Chamber of Deputies,2012,,,http://www.cdep.ro/parlamentari/l2012/Ionescu_George.jpg,male
2d643ad2-bfec-4d55-81cc-5c8eae3b8db9,George SCARLAT,Scarlat George,,,,PNL,pnl,18,GALAŢI,Chamber of Deputies,2012,,,http://www.cdep.ro/parlamentari/l2012/ScarlatGeorge.jpg,male
a9aed369-2baf-407f-adea-da6e1c119333,Georgian POP,Pop Georgian,,,,PSD,psd,42,BUCUREŞTI,Chamber of Deputies,2012,,,http://www.cdep.ro/parlamentari/l2012/Pop_Georgian.jpg,male
0909abc1-c4af-40d7-b1d5-78f64365b659,Georgică DUMITRU,Dumitru Georgică,,,,ALDE,alde,16,DÂMBOVIŢA,Chamber of Deputies,2012,,,http://www.cdep.ro/parlamentari/l2012/Dumitru_Georgica.jpg,male
994bb381-f994-4a34-a6d9-681fb3d2d789,Gheorghe CIOBANU,Ciobanu Gheorghe,,,,PSD,psd,37,TIMIŞ,Chamber of Deputies,2012,,2015-07-28,http://www.cdep.ro/parlamentari/l2012/Ciobanu_Gheorghe.jpg,male
6c2666d3-8d09-4299-862b-91bbdfd5fbc3,Gheorghe COMAN,Coman Gheorghe,,,,ALDE,alde,10,BUZĂU,Chamber of Deputies,2012,,2014-04-28,http://www.cdep.ro/parlamentari/l2012/Coman_Gheorghe.jpg,male
087dc51c-302a-4d15-ae22-c7cf7f3fcfb6,Gheorghe COSTIN,Costin Gheorghe,,,,PNL,pnl,5,BIHOR,Chamber of Deputies,2012,,,http://www.cdep.ro/parlamentari/l2012/Costin_Gheorghe.jpg,male
01bd3e90-0ecc-4ea8-957e-44f44f4ae522,Gheorghe DRAGOMIR,Dragomir Gheorghe,,,,PNL,pnl,14,CONSTANŢA,Chamber of Deputies,2012,,,http://www.cdep.ro/parlamentari/l2012/Dragomir_Gheorghe.jpg,male
192698e2-5fbc-4814-8375-5b1af5b8d30c,Gheorghe EMACU,Emacu Gheorghe,,,,UNPR,unpr,24,IAŞI,Chamber of Deputies,2012,,,http://www.cdep.ro/parlamentari/l2012/Emacu_Gheorghe.jpg,male
84721e03-545c-4683-a8a8-537b29c34e4b,Gheorghe FIRCZAK,Firczak Gheorghe,,,,Minoritati,minoritati,,,Chamber of Deputies,2012,,,http://www.cdep.ro/parlamentari/l2012/Firczak_Gheorghe.jpg,male
eaa9fd85-187d-47e7-baeb-57bf7af3c036,Gheorghe FRĂTICIU,Frăticiu Gheorghe,,,,non-attached,non-attached,34,SIBIU,Chamber of Deputies,2012,,,http://www.cdep.ro/parlamentari/l2012/Fraticiu_Gheorghe.jpg,male
aa9124cb-8722-44c5-95cf-0424a10ab478,Gheorghe IALOMIŢIANU,Ialomiţianu Gheorghe,,,,PNL,pnl,8,BRAŞOV,Chamber of Deputies,2012,,,http://www.cdep.ro/parlamentari/l2012/Ialomitianu_Gheorghe.jpg,male
473969c1-bfaa-412b-a478-2ffb365bda42,Gheorghe MARIN,Marin Gheorghe,,,,PSD,psd,3,ARGEŞ,Chamber of Deputies,2012,,,http://www.cdep.ro/parlamentari/l2012/Marin_Gheorghe.jpg,male
baabdaa2-faff-4899-a447-611229eac97c,Gheorghe NEŢOIU,Neţoiu Gheorghe,,,,PSD,psd,17,DOLJ,Chamber of Deputies,2012,,2014-03-04,http://www.cdep.ro/parlamentari/l2012/Netoiu_Gheorghe.jpg,male
bcacd023-a0f3-4514-94be-a975bb6aeeb2,Gheorghe ROMAN,Roman Gheorghe,,,,PNL,pnl,34,SIBIU,Chamber of Deputies,2012,,2016-07-01,http://www.cdep.ro/parlamentari/l2012/Roman_Gheorghe.jpg,male
19ec2ff6-d68b-44e7-83af-852737922235,Gheorghe UDRIŞTE,Udrişte Gheorghe,,,,UNPR,unpr,42,BUCUREŞTI,Chamber of Deputies,2012,,,http://www.cdep.ro/parlamentari/l2012/UdristeGheorghe.jpg,male
3248ccb9-bdca-4e96-a3d3-b1affccf96b5,Gheorghe ŞIMON,Şimon Gheorghe,,,,PSD,psd,26,MARAMUREŞ,Chamber of Deputies,2012,,,http://www.cdep.ro/parlamentari/l2012/Simon_Gheorghe.jpg,male
25d1f784-ad8e-4517-ba55-183a95e82f53,Gheorghe-Dănuţ BOGDAN,Bogdan Gheorghe-Dănuţ,,,,PSD,psd,5,BIHOR,Chamber of Deputies,2012,,,http://www.cdep.ro/parlamentari/l2012/Bogdan_Gheorghe_Danut.jpg,male
d6cc5f98-d228-46d3-984e-820d689dd614,Gheorghe-Eugen NICOLĂESCU,Nicolăescu Gheorghe-Eugen,,,,PNL,pnl,42,BUCUREŞTI,Chamber of Deputies,2012,,,http://www.cdep.ro/parlamentari/l2012/Nicolaescu_Gheorghe_Eugen.jpg,male
c585631c-70f0-4b27-9ce8-20b837f09091,Gheorghe-Mirel TALOŞ,Taloş Gheorghe-Mirel,,,,ALDE,alde,33,SĂLAJ,Chamber of Deputies,2012,,,http://www.cdep.ro/parlamentari/l2012/TalosGheorghe.jpg,male
8680a80d-a31b-4af1-be62-04eb16b3dbee,Gheorghe-Vlad NISTOR,Nistor Gheorghe-Vlad,,,,PNL,pnl,42,BUCUREŞTI,Chamber of Deputies,2012,,,http://www.cdep.ro/parlamentari/l2012/Nistor_Gheorghe_Vlad.jpg,male
dd7abaf0-3bd8-4cc7-adb1-7bcc72ad128f,Ghervazen LONGHER,Longher Ghervazen,,,,Minoritati,minoritati,,,Chamber of Deputies,2012,,,http://www.cdep.ro/parlamentari/l2012/Longher_Ghervazen.jpg,male
37afff7d-8efb-4423-9a5b-30d3a13e6df0,Gigel-Sorinel ŞTIRBU,Ştirbu Gigel-Sorinel,,,,PNL,pnl,30,OLT,Chamber of Deputies,2012,,,http://www.cdep.ro/parlamentari/l2012/StirbuGigelSorinel.jpg,male
ce3cb997-014c-4ad4-9f8d-4c4fddd8b852,Giureci-Slobodan GHERA,Ghera Giureci-Slobodan,,,,Minoritati,minoritati,,,Chamber of Deputies,2012,,,http://www.cdep.ro/parlamentari/l2012/Ghera_Giureci_Slobodan.jpg,male
f2f8ad57-0027-434c-a6a4-f012db4097a2,Graţiela Leocadia GAVRILESCU,Gavrilescu Graţiela Leocadia,,,,ALDE,alde,31,PRAHOVA,Chamber of Deputies,2012,,,http://www.cdep.ro/parlamentari/l2012/Gavrilescu_Gratiela_Leocadia.jpg,female
26b5af46-3892-43f6-b6d2-70cc2a66a842,Grigore CRĂCIUNESCU,Crăciunescu Grigore,,,,PNL,pnl,24,IAŞI,Chamber of Deputies,2012,,,http://www.cdep.ro/parlamentari/l2012/Craciunescu_Grigore.jpg,male
cc8cbc06-bd4c-4e78-8a2e-f42bf7533b9d,Horia CRISTIAN,Cristian Horia,,,,PNL,pnl,37,TIMIŞ,Chamber of Deputies,2012,,,http://www.cdep.ro/parlamentari/l2012/Cristian_Horia.jpg,male
fc883a48-900d-45bb-ad62-e43241036e45,Horia GRAMA,Grama Horia,,,,PSD,psd,15,COVASNA,Chamber of Deputies,2012,,,http://www.cdep.ro/parlamentari/l2012/Grama_Horia.jpg,male
3f4155e3-0149-4a99-ad95-e19a5eef4d40,Hubert Petru Ştefan THUMA,Thuma Hubert Petru Ştefan,,,,PNL,pnl,25,ILFOV,Chamber of Deputies,2012,,,http://www.cdep.ro/parlamentari/l2012/ThumaHubert.jpg,male
2e6e79ff-c47c-45e6-8a57-71f31de6714b,Iacob PUŞCAŞ,Puşcaş Iacob,,,,non-attached,non-attached,34,SIBIU,Chamber of Deputies,2012,,,http://www.cdep.ro/parlamentari/l2012/Puscas_Iacob.jpg,male
d59b0bf0-62b1-4f4a-83bb-286d15c8a14e,Ileana Cristina DUMITRACHE,Dumitrache Ileana Cristina,,,,PSD,psd,14,CONSTANŢA,Chamber of Deputies,2012,,,http://www.cdep.ro/parlamentari/l2012/Dumitrache_Ileana_Cristina.jpg,female
ab870fbd-79b3-4ca8-ba72-340c8642c9e2,Ioan ADAM,Adam Ioan,,,,PSD,psd,8,BRAŞOV,Chamber of Deputies,2012,,2015-01-19,http://www.cdep.ro/parlamentari/l2012/Adam_Ioan.jpg,male
7370e8dd-137b-4d9a-b6d8-8634087184bc,Ioan AXENTE,Axente Ioan,,,,non-attached,non-attached,34,SIBIU,Chamber of Deputies,2012,,,http://www.cdep.ro/parlamentari/l2012/Axente_Ioan.jpg,male
587588d4-4963-447c-a3f3-b22130816ffc,Ioan BALAN,Balan Ioan,,,,PNL,pnl,35,SUCEAVA,Chamber of Deputies,2012,,,http://www.cdep.ro/parlamentari/l2012/Balan_Ioan.jpg,male
c22cd88c-4604-4d12-ae87-06adadcf028d,Ioan BENGA,Benga Ioan,,,,PSD,psd,11,CARAŞ-SEVERIN,Chamber of Deputies,2012,,,http://www.cdep.ro/parlamentari/l2012/Benga_Ioan.jpg,male
50f9450f-22df-4a28-a40e-6da69aaaa6cd,Ioan CUPŞA,Cupşa Ioan,,,,PNL,pnl,5,BIHOR,Chamber of Deputies,2012,,,http://www.cdep.ro/parlamentari/l2012/Cupsa_Ioan.jpg,male
bed3fc26-ee06-4fbc-8df0-09caaf04c4ae,Ioan DÎRZU,Dîrzu Ioan,,,,PSD,psd,1,ALBA,Chamber of Deputies,2012,,,http://www.cdep.ro/parlamentari/l2012/Dirzu_Ioan.jpg,male
cf7cc16e-d53a-47f5-b994-7b6c41182fc6,Ioan HULEA,Hulea Ioan,,,,UNPR,unpr,5,BIHOR,Chamber of Deputies,2012,,,http://www.cdep.ro/parlamentari/l2012/Hulea_Ioan.jpg,male
c2a59836-93d7-40cc-bfcc-d559454342d9,Ioan MIHĂILĂ,Mihăilă Ioan,,,,UNPR,unpr,42,BUCUREŞTI,Chamber of Deputies,2012,,,http://www.cdep.ro/parlamentari/l2012/Mihaila_Ioan.jpg,male
c1932d94-8384-4ed2-bdef-d690300e34f0,Ioan MOLDOVAN,Moldovan Ioan,,,,ALDE,alde,13,CLUJ,Chamber of Deputies,2012,,2016-10-10,http://www.cdep.ro/parlamentari/l2012/Moldovan_Ioan.jpg,male
5c7ccba8-f883-4dc7-b7e3-f2a315a41674,Ioan MUNTEANU,Munteanu Ioan,,,,PSD,psd,29,NEAMŢ,Chamber of Deputies,2012,,,http://www.cdep.ro/parlamentari/l2012/Munteanu_Ioan.jpg,male
e48395bc-ab0f-45f1-a0bf-8aadb9e82c55,Ioan OLTEAN,Oltean Ioan,,,,PNL,pnl,6,BISTRIŢA-NĂSĂUD,Chamber of Deputies,2012,,,http://www.cdep.ro/parlamentari/l2012/Oltean_Ioan.jpg,male
c791a333-6054-443b-b757-a4ed0fc5b9fe,Ioan STAN,Stan Ioan,,,,PSD,psd,35,SUCEAVA,Chamber of Deputies,2012,,,http://www.cdep.ro/parlamentari/l2012/StanIoan.jpg,male
01f52d8c-bcf8-46d3-9d81-299cce2863b0,Ioan Sorin ROMAN,Roman Ioan Sorin,,,,PSD,psd,5,BIHOR,Chamber of Deputies,2012,,2016-11-28,http://www.cdep.ro/parlamentari/l2012/Roman_Ioan.jpg,male
ba51e794-d932-4dfb-a01f-fe91d036366b,Ioan TĂMÂIAN,Tămâian Ioan,,,,PNL,pnl,34,SIBIU,Chamber of Deputies,2012,,,http://www.cdep.ro/parlamentari/l2012/TamaianIoan.jpg,male
0fb91021-50aa-4274-89b0-a23e44194d1b,Ioan VULPESCU,Vulpescu Ioan,,,,PSD,psd,42,BUCUREŞTI,Chamber of Deputies,2012,,,http://www.cdep.ro/parlamentari/l2012/VulpescuIoan.jpg,male
446ef78c-859e-4b6c-b326-4b4dba507fce,Ioan Viorel TEODORESCU,Teodorescu Ioan Viorel,,,,PNL,pnl,19,GIURGIU,Chamber of Deputies,2012,,,http://www.cdep.ro/parlamentari/l2012/TeodorescuIoanViorel.jpg,male
66c89341-c019-4113-b821-91625bc7f78d,Ioan-Cristian CHIRTEŞ,Chirteş Ioan-Cristian,,,,PNL,pnl,28,MUREŞ,Chamber of Deputies,2012,,,http://www.cdep.ro/parlamentari/l2012/Chirtes_Ioan_Cristian.jpg,male
e4beef84-d95e-4a1a-b674-ee0a992be985,Ioana-Jenica DUMITRU,Dumitru Ioana-Jenica,,,,PSD,psd,3,ARGEŞ,Chamber of Deputies,2012,,2016-07-01,http://www.cdep.ro/parlamentari/l2012/Dumitru_Ioana_Jenica.jpg,female
f708959a-fc59-42a7-84a9-91eb83f631ca,Ion BĂLAN,Bălan Ion,,,,PSD,psd,38,TULCEA,Chamber of Deputies,2012,,,http://www.cdep.ro/parlamentari/l2012/Balan_Ion.jpg,male
ea2e1ace-df48-4445-b8c5-147bf829ea5c,Ion CUPĂ,Cupă Ion,,,,ALDE,alde,20,GORJ,Chamber of Deputies,2012,,,http://www.cdep.ro/parlamentari/l2012/Cupa_Ion.jpg,male
ee82135a-ad7c-40fb-99ad-2babda49c340,Ion Cristinel MARIAN,Marian Ion Cristinel,,,,UNPR,unpr,40,VÂLCEA,Chamber of Deputies,2012,,,http://www.cdep.ro/parlamentari/l2012/Marian_Ion_Cristinel.jpg,male
b62c24b1-6076-49c3-96ba-b2e71e0f15d1,Ion CĂLIN,Călin Ion,,,,PSD,psd,17,DOLJ,Chamber of Deputies,2012,,,http://www.cdep.ro/parlamentari/l2012/Calin_Ion.jpg,male
5838911e-55e4-4af1-b619-b4be6080b31f,Ion DINIŢĂ,Diniţă Ion,,,,ALDE,alde,8,BRAŞOV,Chamber of Deputies,2012,,2015-04-01,http://www.cdep.ro/parlamentari/l2012/Dinita_Ion.jpg,male
dfe37f34-8fa3-46ea-ada7-2a7d61be6f2a,Ion EPARU,Eparu Ion,,,,non-attached,non-attached,31,PRAHOVA,Chamber of Deputies,2012,,,http://www.cdep.ro/parlamentari/l2012/Eparu_Ion.jpg,male
e4674fae-5070-41e1-8383-95dc307ca778,Ion MAROCICO,Marocico Ion,,,,Minoritati,minoritati,,,Chamber of Deputies,2012,,,http://www.cdep.ro/parlamentari/l2012/Marocico_Ion.jpg,male
5bec7da3-9bd3-497a-94f7-222a74e7fdf3,Ion MELINTE,Melinte Ion,,,,UNPR,unpr,4,BACĂU,Chamber of Deputies,2012,,,http://www.cdep.ro/parlamentari/l2012/Melinte_Ion.jpg,male
ddbc9367-727b-467e-aee9-ccb6a9a0e736,Ion MOCIOALCĂ,Mocioalcă Ion,,,,PSD,psd,11,CARAŞ-SEVERIN,Chamber of Deputies,2012,,,http://www.cdep.ro/parlamentari/l2012/Mocioaca_Ion.jpg,male
e845a4c4-6980-4ea0-846e-9539ede453c4,Ion OCHI,Ochi Ion,,,,PSD,psd,8,BRAŞOV,Chamber of Deputies,2012,,2015-09-01,http://www.cdep.ro/parlamentari/l2012/Ochi_Ion.jpg,male
c6813911-bc8b-488a-8882-5a26c4a346f8,Ion PÂRGARU,Pârgaru Ion,,,,PSD,psd,16,DÂMBOVIŢA,Chamber of Deputies,2012,,,http://www.cdep.ro/parlamentari/l2012/Pargaru_Ion.jpg,male
2c3a7b39-0440-4245-90f6-681de6cf8c4d,Ion RĂDUCANU,Răducanu Ion,,,,UNPR,unpr,37,TIMIŞ,Chamber of Deputies,2012,,,http://www.cdep.ro/parlamentari/l2012/Raducanu_Ion.jpg,male
ef799edf-7c38-41ba-a861-b43de84ab3ef,Ion STAN,Stan Ion,,,,PSD,psd,16,DÂMBOVIŢA,Chamber of Deputies,2012,,2016-01-25,http://www.cdep.ro/parlamentari/l2012/StanIon.jpg,male
7483ec76-4bfa-4a35-83df-78451e269b16,Ion TABUGAN,Tabugan Ion,,,,UNPR,unpr,11,CARAŞ-SEVERIN,Chamber of Deputies,2012,,,http://www.cdep.ro/parlamentari/l2012/TabuganIon.jpg,male
6bb18a66-fc85-48e1-a700-56b4f0f9648d,Ion ŞCHEAU,Şcheau Ion,,,,PNL,pnl,2,ARAD,Chamber of Deputies,2012,,,http://www.cdep.ro/parlamentari/l2012/ScheauIon.jpg,male
1b31d907-9c82-4b02-8df5-5dba4d9298e4,Ion-Bogdan MIHĂILESCU,Mihăilescu Ion-Bogdan,,,,PSD,psd,42,BUCUREŞTI,Chamber of Deputies,2012,,2016-11-11,http://www.cdep.ro/parlamentari/l2012/Mihailescu_Ion_Bogdan.jpg,male
03842900-2d32-4260-b568-a56fffe022a5,Ion-Marcel CIOLACU,Ciolacu Ion-Marcel,,,,PSD,psd,10,BUZĂU,Chamber of Deputies,2012,,,http://www.cdep.ro/parlamentari/l2012/Ciolacu_Ion_Marcel.jpg,male
1dffd95a-46fa-4e8f-b552-3b46026f741a,Ionaş-Florin URCAN,Urcan Ionaş-Florin,,,,PNL,pnl,28,MUREŞ,Chamber of Deputies,2012,,,http://www.cdep.ro/parlamentari/l2012/UrcanIonasFlorin.jpg,male
af24cda6-21e7-4d70-b08f-fb66d00f1c9b,Ionel ARSENE,Arsene Ionel,,,,PSD,psd,29,NEAMŢ,Chamber of Deputies,2012,,2016-07-11,http://www.cdep.ro/parlamentari/l2012/Arsene_Ionel.jpg,male
0655c5f9-c519-48f5-b61a-a2fb0f0803ab,Ionel PALĂR,Palăr Ionel,,,,PNL,pnl,4,BACĂU,Chamber of Deputies,2012,,,http://www.cdep.ro/parlamentari/l2012/Palar_Ionel.jpg,male
ce20fafe-96aa-46d4-89a7-79e3139b6979,Ionel STANCU,Stancu Ionel,,,,Minoritati,minoritati,,,Chamber of Deputies,2012,,,http://www.cdep.ro/parlamentari/l2012/StancuIonel.jpg,male
3e3e60c9-f542-4728-ab18-6e03f57d83ec,Ionuţ-Cristian SĂVOIU,Săvoiu Ionuţ-Cristian,,,,PSD,psd,16,DÂMBOVIŢA,Chamber of Deputies,2012,,,http://www.cdep.ro/parlamentari/l2012/SavoiuIonutCristian.jpg,male
ffec3bb8-d3a0-4f03-9022-408b08c98c98,Ionuţ-Marian STROE,Stroe Ionuţ-Marian,,,,PNL,pnl,17,DOLJ,Chamber of Deputies,2012,,,http://www.cdep.ro/parlamentari/l2012/StroeIonutMarian.jpg,male
c18bf897-791a-402b-b0fc-ffc3aebefebe,Irinel Ioan STATIVĂ,Stativă Irinel Ioan,,,,PSD,psd,39,VASLUI,Chamber of Deputies,2012,,,http://www.cdep.ro/parlamentari/l2012/StativaIrinelIoan.jpg,male
5b341bad-7bc9-4749-8a2b-97457bec9ac3,Iulian Claudiu MANDA,Manda Iulian Claudiu,,,,PSD,psd,17,DOLJ,Chamber of Deputies,2012,,,http://www.cdep.ro/parlamentari/l2012/Manda_Claudiu.jpg,male
318cdce2-4ac3-4ec7-97b9-5c998dc78340,Iulian IANCU,Iancu Iulian,,,,PSD,psd,4,BACĂU,Chamber of Deputies,2012,,,http://www.cdep.ro/parlamentari/l2012/Iancu_Iulian.jpg,male
45f4c5af-b796-492a-9b71-728e11790b10,Iulian VLADU,Vladu Iulian,,,,PNL,pnl,16,DÂMBOVIŢA,Chamber of Deputies,2012,,,http://www.cdep.ro/parlamentari/l2012/Vladu_Iulian.jpg,male
99dd64a9-cca5-4d03-8c00-115ec59fa539,Iulian-Radu SURUGIU,Surugiu Iulian-Radu,,,,PNL,pnl,35,SUCEAVA,Chamber of Deputies,2012,,,http://www.cdep.ro/parlamentari/l2012/SurugiuIulianRadu.jpg,male
4d529b60-0cff-4331-8d77-5e356cf2547a,Iuliu NOSA,Nosa Iuliu,,,,PSD,psd,33,SĂLAJ,Chamber of Deputies,2012,,,http://www.cdep.ro/parlamentari/l2012/Nosa_Iuliu.jpg,male
4bd74999-948d-4e21-8200-8cd0139a51ee,Iusein IBRAM,Ibram Iusein,,,,Minoritati,minoritati,,,Chamber of Deputies,2012,,,http://www.cdep.ro/parlamentari/l2012/Ibram_Iusein.jpg,male
f077682b-e79f-4108-8214-c2bd380c2a2d,KELEMEN Atilla-Béla-László,Kelemen Atilla-Béla-László,,,,UDMR,udmr,28,MUREŞ,Chamber of Deputies,2012,,,http://www.cdep.ro/parlamentari/l2012/Kelemen_Attila_Bella_Laszlo.jpg,male
fc9664ed-c1a7-47ff-9a0e-170432f9c05d,KELEMEN Hunor,Kelemen Hunor,,,,UDMR,udmr,21,HARGHITA,Chamber of Deputies,2012,,,http://www.cdep.ro/parlamentari/l2012/Kelemen_Hunor.jpg,male
418834fe-e021-4f9c-ad8e-a2f8c8fad87f,KEREKES Károly,Kerekes Károly,,,,UDMR,udmr,28,MUREŞ,Chamber of Deputies,2012,,,http://www.cdep.ro/parlamentari/l2012/Kerekes_Karoly.jpg,male
45e25365-e7f8-451e-bb8f-708140928082,KERESKÉNYI Gábor,Kereskényi Gábor,,,,UDMR,udmr,32,SATU-MARE,Chamber of Deputies,2012,,2016-07-07,http://www.cdep.ro/parlamentari/l2012/Kereskenyi_Gabor.jpg,male
7a8edbe9-33fb-43af-9a14-72521fd2c4f9,KORODI Attila,Korodi Attila,,,,UDMR,udmr,21,HARGHITA,Chamber of Deputies,2012,,,http://www.cdep.ro/parlamentari/l2012/Korodi_Attila.jpg,male
11d9c43d-20c0-4d32-8136-82e9ac916815,Laura MARIN,Marin Laura,,,,PSD,psd,18,GALAŢI,Chamber of Deputies,2012,2014-06-11,,http://www.cdep.ro/parlamentari/l2012/MarinLaura.jpg,female
95f53591-6b9e-4084-97b1-2889ac07d244,Laurenţiu CHIRVĂSUŢĂ,Chirvăsuţă Laurenţiu,,,,PSD,psd,18,GALAŢI,Chamber of Deputies,2012,,,http://www.cdep.ro/parlamentari/l2012/Chirvasuta_Laurentiu.jpg,male
8c950337-7a63-4b10-9c3a-a9c96fd69a96,Laurenţiu NISTOR,Nistor Laurenţiu,,,,PSD,psd,22,HUNEDOARA,Chamber of Deputies,2012,,2016-07-01,http://www.cdep.ro/parlamentari/l2012/Nistor_Laurentiu.jpg,male
607fc1a5-88c0-4c7e-b867-dca2b2dce424,Laurenţiu ŢIGĂERU ROŞCA,Ţigăeru Roşca Laurenţiu,,,,non-attached,non-attached,41,VRANCEA,Chamber of Deputies,2012,,,http://www.cdep.ro/parlamentari/l2012/Tigaeru_Rosca_Laurentiu.jpg,male
38ebf61d-5dc0-4b6d-a6e8-fed5dbb72fc5,Liliana CIOBANU,Ciobanu Liliana,,,,non-attached,non-attached,19,GIURGIU,Chamber of Deputies,2012,,,http://www.cdep.ro/parlamentari/l2012/Ciobanu_Liliana.jpg,female
df0b8fac-610f-49c5-9334-032da6958dc3,Liliana MINCĂ,Mincă Liliana,,,,ALDE,alde,7,BOTOŞANI,Chamber of Deputies,2012,,,http://www.cdep.ro/parlamentari/l2012/Minca_Liliana.jpg,female
e7397f42-1af5-4aba-ac42-0dc2473b4bcd,Liviu CODÎRLĂ,Codîrlă Liviu,,,,PSD,psd,38,TULCEA,Chamber of Deputies,2012,,,http://www.cdep.ro/parlamentari/l2012/Codirla_Liviu.jpg,male
2e8816e7-c140-4969-96dc-b070e8c91046,Liviu HARBUZ,Harbuz Liviu,,,,non-attached,non-attached,29,NEAMŢ,Chamber of Deputies,2012,,,http://www.cdep.ro/parlamentari/l2012/Harbuz_Liviu.jpg,male
cf918f54-c715-4b0c-a00a-583f51cdf816,Liviu LAZA-MATIUŢA,Laza-Matiuţa Liviu,,,,PSD,psd,5,BIHOR,Chamber of Deputies,2012,,,http://www.cdep.ro/parlamentari/l2012/Laza_Matiuta_Liviu.jpg,male
806b1d77-b310-484e-94ed-9f99eda4eb4a,Liviu-Bogdan CIUCĂ,Ciucă Liviu-Bogdan,,,,ALDE,alde,18,GALAŢI,Chamber of Deputies,2012,,,http://www.cdep.ro/parlamentari/l2012/Ciuca_Liviu_Bogdan.jpg,male
ff56016c-97d4-4b7b-a829-b2e474268369,Lucia-Ana VARGA,Varga Lucia-Ana,,,,PNL,pnl,5,BIHOR,Chamber of Deputies,2012,,,http://www.cdep.ro/parlamentari/l2012/VargaLuciaAna.jpg,female
35df7bbb-33c8-4aa8-8880-602b939e3de4,Lucian MILITARU,Militaru Lucian,,,,PNL,pnl,36,TELEORMAN,Chamber of Deputies,2012,,,http://www.cdep.ro/parlamentari/l2012/Militaru_Lucian.jpg,male
dbfafc36-4f10-4863-b05d-d8b172e82c0a,Lucian Nicolae BODE,Bode Lucian Nicolae,,,,PNL,pnl,33,SĂLAJ,Chamber of Deputies,2012,,,http://www.cdep.ro/parlamentari/l2012/Bode_Lucian_Nicolae.jpg,male
86d177c1-a510-4e54-87e6-472a611ecb01,Lucian ŞOVA,Şova Lucian,,,,PSD,psd,4,BACĂU,Chamber of Deputies,2012,,,http://www.cdep.ro/parlamentari/l2012/SovaLucian.jpg,male
dc208fd9-5698-4550-b16b-c45b161f9e09,Lucian-Manuel CIUBOTARU,Ciubotaru Lucian-Manuel,,,,PNL,pnl,4,BACĂU,Chamber of Deputies,2012,,,http://www.cdep.ro/parlamentari/l2012/Ciubotaru_Lucian_Manuel.jpg,male
670a4317-469a-49ee-83d7-57b5e0c10d6b,Lucreţia ROŞCA,Roşca Lucreţia,,,,PSD,psd,18,GALAŢI,Chamber of Deputies,2012,,,http://www.cdep.ro/parlamentari/l2012/Rosca_Lucretia.jpg,female
cd4be726-8f48-4224-979b-9644b15c25ae,Ludovic ORBAN,Orban Ludovic,,,,PNL,pnl,42,BUCUREŞTI,Chamber of Deputies,2012,,,http://www.cdep.ro/parlamentari/l2012/Orban_Ludovic.jpg,male
627f800e-61f0-49a6-9c56-d8bba1deabc1,Luminiţa-Pachel ADAM,Adam Luminiţa-Pachel,,,,UNPR,unpr,30,OLT,Chamber of Deputies,2012,,,http://www.cdep.ro/parlamentari/l2012/Adam_Luminita_Pachel.jpg,female
d848e3a4-52ca-44b6-9abd-a8815c06cac7,MARKÓ Attila-Gabor,Markó Attila-Gabor,,,,UDMR,udmr,15,COVASNA,Chamber of Deputies,2012,,2015-04-01,http://www.cdep.ro/parlamentari/l2012/Marko_Attila_Gabor.jpg,male
280eceb8-7a56-49ec-9dc0-566e85effbcd,MOLDOVAN Iosif,Moldovan Iosif,,,,UDMR,udmr,21,HARGHITA,Chamber of Deputies,2012,,,http://www.cdep.ro/parlamentari/l2012/Moldovan_Iosif.jpg,male
eccc59ec-07f5-46d8-95ae-5d3abfb79176,MOLNAR Zsolt,Molnar Zsolt,,,,UDMR,udmr,37,TIMIŞ,Chamber of Deputies,2012,,,http://www.cdep.ro/parlamentari/l2012/Molnar_Zsolt.jpg,male
08859654-17bf-4436-be40-18f54f71fb41,Manuela MITREA,Mitrea Manuela,,,,PSD,psd,14,CONSTANŢA,Chamber of Deputies,2012,,,http://www.cdep.ro/parlamentari/l2012/Mitrea_Manuela.jpg,female
68d4aee4-ca2d-447d-974d-1460a262305c,Maria DRAGOMIR,Dragomir Maria,,,,PNL,pnl,12,CĂLĂRAŞI,Chamber of Deputies,2012,,,http://www.cdep.ro/parlamentari/l2012/Dragomir_Maria.jpg,female
e080b052-c8a4-4bb2-a2c6-d7e68ad48ce9,Maria GRAPINI,Grapini Maria,,,,ALDE,alde,37,TIMIŞ,Chamber of Deputies,2012,,2014-03-25,http://www.cdep.ro/parlamentari/l2012/Grapini_Maria.jpg,female
0c736b28-f9ab-4822-9364-e9ef9c72e941,Maria GRECEA,Grecea Maria,,,Politician.Maria.Grecea,PNL,pnl,8,BRAŞOV,Chamber of Deputies,2012,,,http://www.cdep.ro/parlamentari/l2012/Grecea_Maria.jpg,female
c5bf3972-c399-4dab-87d1-efbe3ab1fdff,Maria-Andreea PAUL,Paul Maria-Andreea,,,,PNL,pnl,32,SATU-MARE,Chamber of Deputies,2012,,,http://www.cdep.ro/parlamentari/l2012/Paul_Maria_Andreea.jpg,female
3613d2b3-e5fa-4dfc-99c1-fbc7696beefe,Marian AVRAM,Avram Marian,,,,PSD,psd,38,TULCEA,Chamber of Deputies,2012,,,http://www.cdep.ro/parlamentari/l2012/Avram_Marian.jpg,male
d5630a05-af83-4f61-a550-a2f240be9750,Marian ENACHE,Enache Marian,,,,non-attached,non-attached,29,NEAMŢ,Chamber of Deputies,2012,,2016-07-12,http://www.cdep.ro/parlamentari/l2012/Enache_Marian.jpg,male
a682052c-f933-4d06-b5c9-4ce7051d76b5,Marian GHIVECIU,Ghiveciu Marian,,,,PSD,psd,10,BUZĂU,Chamber of Deputies,2012,,2015-09-29,http://www.cdep.ro/parlamentari/l2012/Ghiveciu_Marian.jpg,male
3c5d86e3-418f-4ec0-ad6d-79d7b211a3f6,Marian NEACŞU,Neacşu Marian,,,,PSD,psd,23,IALOMIŢA,Chamber of Deputies,2012,,,http://www.cdep.ro/parlamentari/l2012/NeacsuMarian.jpg,male
770dada7-2eef-40e1-a59b-2aabd309d7e4,Marin ALMĂJANU,Almăjanu Marin,,,,PNL,pnl,36,TELEORMAN,Chamber of Deputies,2012,,,http://www.cdep.ro/parlamentari/l2012/Almajanu_Marin.jpg,male
47e839e7-cc9c-4c2a-bd4f-83a1ae277dae,Marin ANTON,Anton Marin,,,,PNL,pnl,19,GIURGIU,Chamber of Deputies,2012,,,http://www.cdep.ro/parlamentari/l2012/Anton_Marin.jpg,male
4196dcc7-bc90-43c0-a43a-d1ba6130120c,Mario-Ernest CALOIANU,Caloianu Mario-Ernest,,,,UNPR,unpr,23,IALOMIŢA,Chamber of Deputies,2012,,,http://www.cdep.ro/parlamentari/l2012/Caloianu_Mario_Ernest.jpg,male
72978bde-38a2-4c53-8223-ba1f96059005,Marioara NISTOR,Nistor Marioara,,,,UNPR,unpr,9,BRĂILA,Chamber of Deputies,2012,,,http://www.cdep.ro/parlamentari/l2012/Nistor_Marioara.jpg,female
1b2a1e6f-3444-4f11-b417-742865064af4,Marius MANOLACHE,Manolache Marius,,,,non-attached,non-attached,27,MEHEDINŢI,Chamber of Deputies,2012,,,http://www.cdep.ro/parlamentari/l2012/Manolache_Marius.jpg,male
2d718302-95a6-4642-a8f0-1f06ac94ed6f,Mihaela STOICA,Stoica Mihaela,,,,non-attached,non-attached,29,NEAMŢ,Chamber of Deputies,2012,,,http://www.cdep.ro/parlamentari/l2012/StoicaMihaela.jpg,female
c5688a83-9245-48da-8ff1-62bcd348276f,Mihai Alexandru VOICU,Voicu Mihai Alexandru,,,,PNL,pnl,17,DOLJ,Chamber of Deputies,2012,,,http://www.cdep.ro/parlamentari/l2012/Voicu_Mihai_Alexandru.jpg,male
d095a9de-dce7-4d74-ad36-50e40c7d08d7,Mihai BALTĂ,Baltă Mihai,,,,PSD,psd,7,BOTOŞANI,Chamber of Deputies,2012,,,http://www.cdep.ro/parlamentari/l2012/Balta_Mihai.jpg,male
a9ef778b-73fd-41f7-8a9b-6d5e1c342f93,Mihai DEACONU,Deaconu Mihai,,,,PNL,pnl,3,ARGEŞ,Chamber of Deputies,2012,,,http://www.cdep.ro/parlamentari/l2012/Deaconu_Mihai.jpg,male
56a8185b-dffa-41a3-a629-b102c82e7f09,Mihai LUPU,Lupu Mihai,,,,PNL,pnl,14,CONSTANŢA,Chamber of Deputies,2012,,,http://www.cdep.ro/parlamentari/l2012/Lupu_Mihai.jpg,male
e7e99b34-60ca-4efc-a022-85118bcda642,Mihai STĂNIŞOARĂ,Stănişoară Mihai,,,,ALDE,alde,27,MEHEDINŢI,Chamber of Deputies,2012,,2015-04-29,http://www.cdep.ro/parlamentari/l2012/StanisoaraMihai.jpg,male
aa15b3d8-afe6-4493-acc0-1d9eddac5068,Mihai TARARACHE,Tararache Mihai,,,,PNL,pnl,14,CONSTANŢA,Chamber of Deputies,2012,,,http://www.cdep.ro/parlamentari/l2012/TararacheMihai.jpg,male
5b23dac0-ae55-4a51-8a68-44707e9d6417,Mihai TUDOSE,Tudose Mihai,,,,PSD,psd,9,BRĂILA,Chamber of Deputies,2012,,,http://www.cdep.ro/parlamentari/l2012/TudoseMihai.jpg,male
616e466d-86a3-4f36-b4cb-1b8c55d4518d,Mihai WEBER,Weber Mihai,,,,PSD,psd,20,GORJ,Chamber of Deputies,2012,,,http://www.cdep.ro/parlamentari/l2012/Weber_Mihai.jpg,male
4b6e71c1-a701-43a6-a1a8-f1b080b20870,Mihai-Aurel DONŢU,Donţu Mihai-Aurel,,,,PNL,pnl,8,BRAŞOV,Chamber of Deputies,2012,,2016-07-07,http://www.cdep.ro/parlamentari/l2012/Dontu_Mihai_Aurel.jpg,male
d597ff3d-e69b-4188-a326-c84c6eaa9c84,Mihai-Bogdan DIACONU,Diaconu Mihai-Bogdan,,,,non-attached,non-attached,42,BUCUREŞTI,Chamber of Deputies,2012,,,http://www.cdep.ro/parlamentari/l2012/Diaconu_Bogdan.jpg,male
865ef73b-f203-49e6-95a6-6cc00b138cd9,Mihai-Răzvan STURZU,Sturzu Mihai-Răzvan,,,,non-attached,non-attached,42,BUCUREŞTI,Chamber of Deputies,2012,,,http://www.cdep.ro/parlamentari/l2012/SturzuMihaiRazvan.jpg,male
4c98f7e9-6eeb-4eef-98cc-aa4edd1f0b28,Mihăiţă CALIMENTE,Calimente Mihăiţă,,,,ALDE,alde,2,ARAD,Chamber of Deputies,2012,,,http://www.cdep.ro/parlamentari/l2012/Calimente_Mihaita.jpg,male
a4e1a586-b02c-401e-904c-4a85537626d4,Mihăiţă GĂINĂ,Găină Mihăiţă,,,,PSD,psd,23,IALOMIŢA,Chamber of Deputies,2012,,,http://www.cdep.ro/parlamentari/l2012/Gaina_Mihaita.jpg,male
4222e4dd-74cf-4d28-879b-180c0b4cbd1a,Mircea DOLHA,Dolha Mircea,,,,PNL,pnl,26,MARAMUREŞ,Chamber of Deputies,2012,,,http://www.cdep.ro/parlamentari/l2012/Dolha_Mircea.jpg,male
b34707e8-0da4-49f7-a9b7-4e16f276c9ec,Mircea DUŞA,Duşa Mircea,,,,PSD,psd,21,HARGHITA,Chamber of Deputies,2012,,,http://www.cdep.ro/parlamentari/l2012/Dusa_Mircea.jpg,male
6d87b9e9-ce01-451c-855f-416b550bd3b5,Mircea GROSARU,Grosaru Mircea,,,,unknown,unknown,,,Chamber of Deputies,2012,2014-02-03,,http://www.cdep.ro/parlamentari/l2012/Grosaru_Mircea.jpg,male
e8544c8b-c6ec-4a92-8591-07acd29ab698,Mircea LUBANOVICI,Lubanovici Mircea,,,,PNL,pnl,43,DIASPORA,Chamber of Deputies,2012,,,http://www.cdep.ro/parlamentari/l2012/Lubanovici_Mircea.jpg,male
72853174-6d8d-4faf-8992-8ac45ac86ad8,Mircea MAN,Man Mircea,,,,PNL,pnl,26,MARAMUREŞ,Chamber of Deputies,2012,,,http://www.cdep.ro/parlamentari/l2012/Man_Mircea.jpg,male
53e4ad8d-f142-4736-a222-46fd1870fb8a,Mircea ROŞCA,Roşca Mircea,,,,PNL,pnl,31,PRAHOVA,Chamber of Deputies,2012,,,http://www.cdep.ro/parlamentari/l2012/Rosca_Mircea.jpg,male
e06a5646-9399-4b4c-8282-17aab6b0a5e1,Mircea-Gheorghe DRĂGHICI,Drăghici Mircea-Gheorghe,,,,PSD,psd,3,ARGEŞ,Chamber of Deputies,2012,,,http://www.cdep.ro/parlamentari/l2012/Draghici_Mircea_Gheorghe.jpg,male
70b66dbf-e0c0-47bf-8c68-c5102abcafba,Mircea-Nicu TOADER,Toader Mircea-Nicu,,,,PNL,pnl,18,GALAŢI,Chamber of Deputies,2012,,,http://www.cdep.ro/parlamentari/l2012/ToaderMirceaNicu.jpg,male
a8d9b393-11c9-4d0c-b42f-6464651f7766,Mircea-Titus DOBRE,Dobre Mircea-Titus,,,,PSD,psd,14,CONSTANŢA,Chamber of Deputies,2012,,,http://www.cdep.ro/parlamentari/l2012/Dobre_Mircea_Titus.jpg,male
d3f0dbdd-507c-4f73-a240-f89afcdb5dc4,Mircea-Vasile CAZAN,Cazan Mircea-Vasile,,,,PNL,pnl,34,SIBIU,Chamber of Deputies,2012,,,http://www.cdep.ro/parlamentari/l2012/Cazan_Mircea_Vasile.jpg,male
6143fd7b-24ce-4c4b-b796-f1bda11f8ca3,Mircia MUNTEAN,Muntean Mircia,,,,PSD,psd,22,HUNEDOARA,Chamber of Deputies,2012,,2016-06-28,http://www.cdep.ro/parlamentari/l2012/Muntean_Mircia.jpg,male
8f3f16e2-b412-4b1b-8591-e63d456f9a78,Miron Alexandru SMARANDACHE,Smarandache Miron Alexandru,,,,PSD,psd,4,BACĂU,Chamber of Deputies,2012,,,http://www.cdep.ro/parlamentari/l2012/SmarandacheMironAlexandru.jpg,male
726defb1-65da-4259-b017-5ad3010a7b90,Miron IGNAT,Ignat Miron,,,,Minoritati,minoritati,,,Chamber of Deputies,2012,,,http://www.cdep.ro/parlamentari/l2012/Ignat_Miron.jpg,male
091fad67-f56e-446d-82a4-09f4ef4d8aaf,Miron Tudor MITREA,Mitrea Miron Tudor,,,,PSD,psd,41,VRANCEA,Chamber of Deputies,2012,,2015-02-02,http://www.cdep.ro/parlamentari/l2012/Mitrea_Miron.jpg,male
b1e95818-fed5-490d-a767-d5ad7440f840,Monica Maria IACOB RIDZI,Iacob Ridzi Monica Maria,,,,PSD,psd,22,HUNEDOARA,Chamber of Deputies,2012,,2015-02-16,http://www.cdep.ro/parlamentari/l2012/Iacob_Ridzi_Monica.jpg,female
cd4d809b-da8f-4bd6-ab8d-216d1fe40b86,MÁRTON Árpád-Francisc,Márton Árpád-Francisc,,,,UDMR,udmr,15,COVASNA,Chamber of Deputies,2012,,,http://www.cdep.ro/parlamentari/l2012/Marton_Arpad_Francisc.jpg,male
752bd854-100a-4384-8171-6493db0f8361,MÁTÉ András-Levente,Máté András-Levente,,,,UDMR,udmr,13,CLUJ,Chamber of Deputies,2012,,,http://www.cdep.ro/parlamentari/l2012/Mate_Andras.jpg,male
248dd3f7-01c4-4d8c-a1a2-8940ccc5d792,Mădălin-Ştefan VOICU,Voicu Mădălin-Ştefan,,,,PSD,psd,14,CONSTANŢA,Chamber of Deputies,2012,,,http://www.cdep.ro/parlamentari/l2012/Voicu_Madalin.jpg,male
f0ba485e-0051-4264-bcdd-1706f8dd56ff,Natalia-Elena INTOTERO,Intotero Natalia-Elena,,,,PSD,psd,22,HUNEDOARA,Chamber of Deputies,2012,,,http://www.cdep.ro/parlamentari/l2012/Intotero_Natalia_Elena.jpg,female
57dd0b6a-d873-4a72-b12f-c5b405431caf,Neagu MURGU,Murgu Neagu,,,,UNPR,unpr,41,VRANCEA,Chamber of Deputies,2012,,,http://www.cdep.ro/parlamentari/l2012/Murgu_Neagu.jpg,male
4e992cd4-7288-4fb0-bdab-5e870a109f3a,Nechita-Adrian OROS,Oros Nechita-Adrian,,,,PNL,pnl,13,CLUJ,Chamber of Deputies,2012,,,http://www.cdep.ro/parlamentari/l2012/Oros_Nechita_Adrian.jpg,male
08f9ac93-c800-46d3-8e9b-31da2bce47eb,Nechita-Stelian DOLHA,Dolha Nechita-Stelian,,,,PNL,pnl,6,BISTRIŢA-NĂSĂUD,Chamber of Deputies,2012,,,http://www.cdep.ro/parlamentari/l2012/Dolha_Nechita_Stelian.jpg,male
1eebe51b-ff3a-4355-ba10-5f9462062910,Neculai RĂŢOI,Răţoi Neculai,,,,PSD,psd,24,IAŞI,Chamber of Deputies,2012,,2016-04-26,http://www.cdep.ro/parlamentari/l2012/Ratoi_Neculai.jpg,male
5a42353a-82e8-4569-8c70-1b49a9559ab8,Neviser ZAHARCU,Zaharcu Neviser,,,,non-attached,non-attached,38,TULCEA,Chamber of Deputies,2012,,,http://www.cdep.ro/parlamentari/l2012/Zaharcu_Neviser.jpg,male
5283f1c7-4699-4273-b4b6-8a1d0e80000b,Nicolae BĂNICIOIU,Bănicioiu Nicolae,,,,PSD,psd,42,BUCUREŞTI,Chamber of Deputies,2012,,,http://www.cdep.ro/parlamentari/l2012/Banicioiu_Nicolae.jpg,male
67358b87-2606-437e-a70d-f02a61ea17f6,Nicolae PĂUN,Păun Nicolae,,,,Minoritati,minoritati,,,Chamber of Deputies,2012,,,http://www.cdep.ro/parlamentari/l2012/Paun_Nicolae.jpg,male
7367492b-6527-43f6-b2c0-2ef331730fbd,Nicolae VASILESCU,Vasilescu Nicolae,,,,PSD,psd,17,DOLJ,Chamber of Deputies,2012,,2013-12-10,http://www.cdep.ro/parlamentari/l2012/Nicolae_Vasilescu.jpg,male
6c714971-d2dc-46ef-98cf-7cb082155b5c,Nicolae-Ciprian NICA,Nica Nicolae-Ciprian,,,,PSD,psd,41,VRANCEA,Chamber of Deputies,2012,,,http://www.cdep.ro/parlamentari/l2012/Nica_Ciprian.jpg,male
05e94842-de00-43b7-996e-54795761fa2b,Nicolae-Liviu DRAGNEA,Dragnea Nicolae-Liviu,,,,PSD,psd,36,TELEORMAN,Chamber of Deputies,2012,,,http://www.cdep.ro/parlamentari/l2012/Dragnea_Liviu_Nicolae.jpg,male
892637e7-075f-4057-b40e-b2d1f88dabb1,Nicu MARCU,Marcu Nicu,,,,ALDE,alde,4,BACĂU,Chamber of Deputies,2012,,2015-02-10,http://www.cdep.ro/parlamentari/l2012/Marcu_Nicu.jpg,male
bf8dd7da-a9ca-4e12-be49-abe2b0e40eba,Niculae MIRCOVICI,Mircovici Niculae,,,,unknown,unknown,,,Chamber of Deputies,2012,2016-09-26,,http://www.cdep.ro/parlamentari/l2012/Mircovici_Niculae.jpg,male
b98c72da-11b6-4b58-ae79-d72eabee9dc2,Niculina MOCIOI,Mocioi Niculina,,,,PNL,pnl,20,GORJ,Chamber of Deputies,2012,,,http://www.cdep.ro/parlamentari/l2012/Mocioi_Niculina.jpg,female
74df4595-6b14-4d00-9da4-2b5942f88311,Ninel PEIA,Peia Ninel,,,,PSD,psd,25,ILFOV,Chamber of Deputies,2012,,,http://www.cdep.ro/parlamentari/l2012/Peia_Ninel.jpg,male
cac0bd2e-ede8-45ee-8854-e06708985a3f,Nini SĂPUNARU,Săpunaru Nini,,,,PNL,pnl,41,VRANCEA,Chamber of Deputies,2012,,,http://www.cdep.ro/parlamentari/l2012/SapunaruNini.jpg,male
0e626432-7909-4be0-acf0-10f1a414f18a,Nuţu FONTA,Fonta Nuţu,,,,UNPR,unpr,26,MARAMUREŞ,Chamber of Deputies,2012,,,http://www.cdep.ro/parlamentari/l2012/Fonta_Nutu.jpg,male
de95ce87-6851-4ce1-b088-3f8aecf4435d,Oana MANOLESCU,Manolescu Oana,,,,Minoritati,minoritati,,,Chamber of Deputies,2012,,,http://www.cdep.ro/parlamentari/l2012/Manolescu_Oana.jpg,female
348f7611-be36-4ae2-8caa-2f7d9082beae,Oana NICULESCU-MIZIL ŞTEFĂNESCU,Niculescu-Mizil Ştefănescu Oana,,,,PSD,psd,42,BUCUREŞTI,Chamber of Deputies,2012,,2015-03-12,http://www.cdep.ro/parlamentari/l2012/Niculescu_Oana.jpg,female
e9ff0795-91a0-42fc-a7d3-8b64c65d0f77,Octavian BOT,Bot Octavian,,,,ALDE,alde,42,BUCUREŞTI,Chamber of Deputies,2012,,2015-07-18,http://www.cdep.ro/parlamentari/l2012/Bot_Octavian.jpg,male
4c750ab4-f409-4df2-aab1-c5dbf4f3a9ea,Octavian PETRIC,Petric Octavian,,,,PSD,psd,32,SATU-MARE,Chamber of Deputies,2012,,,http://www.cdep.ro/parlamentari/l2012/Petric-Octavian.jpg,male
618c8388-cbd6-47d3-ba0c-806cd3826229,Octavian-Marius POPA,Popa Octavian-Marius,,,,ALDE,alde,38,TULCEA,Chamber of Deputies,2012,,,http://www.cdep.ro/parlamentari/l2012/Popa_Octavian_Marius.jpg,male
46f53512-5cbc-473b-aa12-80481357b9b3,Ovidiu Alexandru RAEŢCHI,Raeţchi Ovidiu Alexandru,,,,PNL,pnl,43,DIASPORA,Chamber of Deputies,2012,,,http://www.cdep.ro/parlamentari/l2012/Raetchi_Ovidiu_Alexandru.jpg,male
78932d3b-45c0-47b2-9c89-b6492441c781,Ovidiu Ioan SILAGHI,Silaghi Ovidiu Ioan,,,,PNL,pnl,32,SATU-MARE,Chamber of Deputies,2012,,2013-09-03,http://www.cdep.ro/parlamentari/l2012/Silaghi_Ovidiu_Ioan.jpg,male
78932d3b-45c0-47b2-9c89-b6492441c781,Ovidiu Ioan SILAGHI,Silaghi Ovidiu Ioan,,,,ALDE,alde,32,SATU-MARE,Chamber of Deputies,2012,2014-06-11,,http://www.cdep.ro/parlamentari/l2012/Silaghi_Ovidiu_Ioan.jpg,male
6b5ad7e2-7313-408c-8a33-d2dbfbaf249e,Ovidiu Victor GANŢ,Ganţ Ovidiu Victor,,,,Minoritati,minoritati,,,Chamber of Deputies,2012,,,http://www.cdep.ro/parlamentari/l2012/Gant_Ovidiu_Victor.jpg,male
8f915832-7135-4598-a33d-b714505335e0,Ovidiu-Cristian IANE,Iane Ovidiu-Cristian,,,,PSD,psd,35,SUCEAVA,Chamber of Deputies,2012,,,http://www.cdep.ro/parlamentari/l2012/Iane_Ovidiu_Cristian.jpg,male
57ebea7d-997e-4dfb-87db-452c1091b66e,Ovidiu-Ioan DUMITRU,Dumitru Ovidiu-Ioan,,,,PNL,pnl,42,BUCUREŞTI,Chamber of Deputies,2012,,,http://www.cdep.ro/parlamentari/l2012/Dumitru_Ovidiu_Ioan.jpg,male
d5b9e820-42af-4e81-8695-98fc4e78a116,Paul DUMBRĂVANU,Dumbrăvanu Paul,,,,PNL,pnl,31,PRAHOVA,Chamber of Deputies,2012,,,http://www.cdep.ro/parlamentari/l2012/Dumbravanu_Paul.jpg,male
4fe6dc59-d55d-439c-85f5-e009d3ae4f47,Petre DAEA,Daea Petre,,,,PSD,psd,27,MEHEDINŢI,Chamber of Deputies,2012,,,http://www.cdep.ro/parlamentari/l2012/Daea_Petre.jpg,male
827a53ae-9646-44fb-a57c-e51470cb49a4,Petre PETRESCU,Petrescu Petre,,,,non-attached,non-attached,17,DOLJ,Chamber of Deputies,2012,,,http://www.cdep.ro/parlamentari/l2012/Petrescu_Petre.jpg,male
29a9d4f8-44fb-43b8-9d75-4571d98c7eda,Petre ROMAN,Roman Petre,,,,PNL,pnl,8,BRAŞOV,Chamber of Deputies,2012,,,http://www.cdep.ro/img/judete/judet08.jpg,male
8586f5f8-cbdf-4a09-85a1-1bf924758759,Petru ANDEA,Andea Petru,,,,PSD,psd,37,TIMIŞ,Chamber of Deputies,2012,,,http://www.cdep.ro/parlamentari/l2012/Andea_Petru.jpg,male
4466f7af-3f72-43c6-8201-da96f3aac2b5,Petru Gabriel VLASE,Vlase Petru Gabriel,,,,PSD,psd,4,BACĂU,Chamber of Deputies,2012,,,http://www.cdep.ro/parlamentari/l2012/Vlase_Petru_Gabriel.jpg,male
7cb7ba4b-4e17-41a9-9f19-f5baee3b7f01,Petru MOVILĂ,Movilă Petru,,,,UNPR,unpr,24,IAŞI,Chamber of Deputies,2012,,,http://www.cdep.ro/parlamentari/l2012/Movila_Petru.jpg,male
ef336163-ecb5-4c0e-ba13-f0eb5c2a171e,Petru-Sorin MARICA,Marica Petru-Sorin,,,,PSD,psd,22,HUNEDOARA,Chamber of Deputies,2012,2014-06-11,2016-07-01,http://www.cdep.ro/parlamentari/l2012/Marica_Sorin.jpg,male
fae1818b-8fe1-4e94-9ec3-44688c6db02e,Radu BABUŞ,Babuş Radu,,,,PSD,psd,14,CONSTANŢA,Chamber of Deputies,2012,,,http://www.cdep.ro/parlamentari/l2012/Babus_Radu.jpg,male
82183216-d3a2-4039-a547-7b6f26fbc9c6,Radu Bogdan ŢÎMPĂU,Ţîmpău Radu Bogdan,,,,PNL,pnl,22,HUNEDOARA,Chamber of Deputies,2012,,,http://www.cdep.ro/parlamentari/l2012/TimpauRaduBogdan.jpg,male
0c69eaf3-015e-472e-ba4b-ca492fa9476d,Radu Costin VASILICĂ,Vasilică Radu Costin,,,,PSD,psd,3,ARGEŞ,Chamber of Deputies,2012,,,http://www.cdep.ro/parlamentari/l2012/VasilicaRaduCostin.jpg,male
9d42fb2f-0bce-4a30-a8da-a4319dea657b,Radu Mihai POPA,Popa Radu Mihai,,,,UNPR,unpr,16,DÂMBOVIŢA,Chamber of Deputies,2012,,,http://www.cdep.ro/parlamentari/l2012/Popa_Radu_Mihai.jpg,male
6e25fca4-6c93-4905-93cf-e317749e1345,Radu STROE,Stroe Radu,,,,PSD,psd,25,ILFOV,Chamber of Deputies,2012,,,http://www.cdep.ro/parlamentari/l2012/StroeRadu.jpg,male
12434dba-f5bc-454c-a0d8-dddfe39e75dd,Radu ZLATI,Zlati Radu,,,,PNL,pnl,13,CLUJ,Chamber of Deputies,2012,,,http://www.cdep.ro/parlamentari/l2012/Zlati_Radu.jpg,male
d9598511-79e8-4290-a4ce-badd76c68a6a,Raluca SURDU,Surdu Raluca,,,,PNL,pnl,12,CĂLĂRAŞI,Chamber of Deputies,2012,,,http://www.cdep.ro/parlamentari/l2012/SurduRaluca.jpg,female
bd4f5e39-713d-47de-a488-e7bafeffdeac,Raluca TURCAN,Turcan Raluca,,,,PNL,pnl,34,SIBIU,Chamber of Deputies,2012,,,http://www.cdep.ro/parlamentari/l2012/TurcanRaluca.jpg,female
022b1cbc-3e77-43e7-9035-4be0cdca7b93,Raluca-Cristina ISPIR,Ispir Raluca-Cristina,,,,PNL,pnl,42,BUCUREŞTI,Chamber of Deputies,2012,,,http://www.cdep.ro/parlamentari/l2012/Ispir_Raluca_Cristina.jpg,female
8f2f1e4a-dab5-4214-be26-d72a1593d776,Relu FENECHIU,Fenechiu Relu,,,,PNL,pnl,24,IAŞI,Chamber of Deputies,2012,,2014-01-30,http://www.cdep.ro/parlamentari/l2012/Fenechiu_Relu.jpg,male
c9990bec-a357-4f13-a12a-2d89757d90fd,Remus-Florinel CERNEA,Cernea Remus-Florinel,,,,non-attached,non-attached,14,CONSTANŢA,Chamber of Deputies,2012,,,http://www.cdep.ro/parlamentari/l2012/Cernea_Remus_Florinel.jpg,male
c06eb49a-fab6-4136-8403-7d263a93e0cf,Roberta Alma ANASTASE,Anastase Roberta Alma,,,,PNL,pnl,31,PRAHOVA,Chamber of Deputies,2012,,,http://www.cdep.ro/parlamentari/l2012/Anastase_Roberta.jpg,female
ada52e70-dafa-44fe-8221-e7a849e78b37,Rodica NASSAR,Nassar Rodica,,,,PSD,psd,42,BUCUREŞTI,Chamber of Deputies,2012,,,http://www.cdep.ro/parlamentari/l2012/Nassar_Rodica.jpg,female
ce9d6961-4a8b-47b5-8d83-0c4e01ce232b,Rodin TRAICU,Traicu Rodin,,,,PSD,psd,27,MEHEDINŢI,Chamber of Deputies,2012,,,http://www.cdep.ro/parlamentari/l2012/TraicuRodin.jpg,male
1a630397-59af-4999-b690-098193afd880,Romeo Florin NICOARĂ,Nicoară Romeo Florin,,,,PNL,pnl,42,BUCUREŞTI,Chamber of Deputies,2012,,,http://www.cdep.ro/parlamentari/l2012/Nicoara_Romeo_Florin.jpg,male
f519753a-983b-43f1-8709-1f03f2a74569,Romeo RĂDULESCU,Rădulescu Romeo,,,,non-attached,non-attached,40,VÂLCEA,Chamber of Deputies,2012,,,http://www.cdep.ro/parlamentari/l2012/Radulescu_Romeo.jpg,male
c2a310a8-290f-4c89-a713-3509ed7636cc,Rovana PLUMB,Plumb Rovana,,,,PSD,psd,16,DÂMBOVIŢA,Chamber of Deputies,2012,,,http://www.cdep.ro/parlamentari/l2012/Plumb_Rovana.jpg,female
29113632-deba-4022-981e-a3b87ce3e844,Roxana-Florentina ANUŞCA,Anuşca Roxana-Florentina,,,,PNL,pnl,7,BOTOŞANI,Chamber of Deputies,2012,,,http://www.cdep.ro/parlamentari/l2012/Anusca_Roxana.jpg,female
54489277-4bd6-463f-af2f-e59a028975b6,Răzvan Horia MIRONESCU,Mironescu Răzvan Horia,,,,PNL,pnl,42,BUCUREŞTI,Chamber of Deputies,2012,,,http://www.cdep.ro/parlamentari/l2012/Mironescu_Razvan_Horia.jpg,male
9fbcccd4-5893-4ac2-9303-6d3b38c785ee,Răzvan ROTARU,Rotaru Răzvan,,,,UNPR,unpr,20,GORJ,Chamber of Deputies,2012,,,http://www.cdep.ro/parlamentari/l2012/Rotaru_Razvan.jpg,male
795f20a6-4c2c-49ed-bac7-7577e541c0a6,Răzvan-Ionuţ TĂNASE,Tănase Răzvan-Ionuţ,,,,non-attached,non-attached,31,PRAHOVA,Chamber of Deputies,2012,,,http://www.cdep.ro/parlamentari/l2012/TanaseRazvanIonut.jpg,male
10e9d3b3-7bd2-4585-8934-c3482619bad1,SERES Dénes,Seres Dénes,,,,UDMR,udmr,33,SĂLAJ,Chamber of Deputies,2012,,,http://www.cdep.ro/parlamentari/l2012/Seres_Denes.jpg,male
cf67da6e-536b-4f78-8b4b-71f1b0c27d9d,SZABÓ Ödön,Szabó Ödön,,,,UDMR,udmr,5,BIHOR,Chamber of Deputies,2012,,,http://www.cdep.ro/parlamentari/l2012/SzaboOdon.jpg,male
fc41ec1a-3f67-48e5-85e3-a7b6eef167e5,Sanda-Maria ARDELEANU,Ardeleanu Sanda-Maria,,,,PNL,pnl,35,SUCEAVA,Chamber of Deputies,2012,,,http://www.cdep.ro/parlamentari/l2012/Ardeleanu_Sanda_Maria.jpg,female
b60aa80e-6b11-4526-a1f9-c83bd805763c,Scarlat IRIZA,Iriza Scarlat,,,,ALDE,alde,20,GORJ,Chamber of Deputies,2012,,,http://www.cdep.ro/parlamentari/l2012/Iriza_Scarlat.jpg,male
bf8d3e17-332b-4e40-9c5d-e2f029ab0ed5,Sebastian-Aurelian GHIŢĂ,Ghiţă Sebastian-Aurelian,,,,PSD,psd,31,PRAHOVA,Chamber of Deputies,2012,,,http://www.cdep.ro/parlamentari/l2012/Ghita_Sebastian.jpg,male
db1506b9-f8b1-427b-9094-a700e8e27eaa,Sergiu-Constantin VIZITIU,Vizitiu Sergiu-Constantin,,,,UNPR,unpr,39,VASLUI,Chamber of Deputies,2012,,,http://www.cdep.ro/parlamentari/l2012/VizitiuSergiu.jpg,male
fb3a0416-6245-4306-8421-aeedd71b1726,Simona BUCURA-OPRESCU,Bucura-Oprescu Simona,,,,PSD,psd,3,ARGEŞ,Chamber of Deputies,2012,,,http://www.cdep.ro/parlamentari/l2012/Bucura_Oprescu_Simona.jpg,female
e1bb534a-1602-46af-94c0-528b7752c5ac,Slavomir GVOZDENOVICI,Gvozdenovici Slavomir,,,,Minoritati,minoritati,,,Chamber of Deputies,2012,,,http://www.cdep.ro/parlamentari/l2012/Gvozdenovici_Slavomir.jpg,male
64fa20fc-9a1b-49c4-b1bd-8b72bbf9b4eb,Sonia-Maria DRĂGHICI,Drăghici Sonia-Maria,,,,PSD,psd,5,BIHOR,Chamber of Deputies,2012,,2016-07-28,http://www.cdep.ro/parlamentari/l2012/Draghici_Sonia_Maria.jpg,female
2dac8629-e6bc-4189-84e7-f5a1f6386508,Sorin Constantin STRAGEA,Stragea Sorin Constantin,,,,PSD,psd,37,TIMIŞ,Chamber of Deputies,2012,,,http://www.cdep.ro/parlamentari/l2012/StrageaSorinConstantin.jpg,male
8708e1bd-8f3b-481b-8881-ca55c9ce452c,Sorin Mihai GRINDEANU,Grindeanu Sorin Mihai,sorin.grindeanu@gmail.com,SorinGrindeanu,sorin.grindeanu,PSD,psd,37,TIMIŞ,Chamber of Deputies,2012,,2016-06-29,http://www.cdep.ro/parlamentari/l2012/Grindeanu_Sorin_Mihai.jpg,male
7c7b99bf-9bac-4e50-a0e2-04ec8be91a2c,Sorin TEJU,Teju Sorin,,,,non-attached,non-attached,31,PRAHOVA,Chamber of Deputies,2012,,,http://www.cdep.ro/parlamentari/l2012/TejuSorin.jpg,male
e67eb586-18e0-47ff-953c-3b65bf7ab1c5,Sorin-Avram IACOBAN,Iacoban Sorin-Avram,,,,PSD,psd,24,IAŞI,Chamber of Deputies,2012,,,http://www.cdep.ro/parlamentari/l2012/Iacoban_Sorin_Avram.jpg,male
9aa035f3-140e-4a6e-8cc2-84e6e0ea0cc3,Steluţa-Gustica CĂTĂNICIU,Cătăniciu Steluţa-Gustica,,,,ALDE,alde,13,CLUJ,Chamber of Deputies,2012,,,http://www.cdep.ro/parlamentari/l2012/Catanicioiu_Steluta_Gustica.jpg,female
6d46ab2d-5869-480e-b840-095b5c01624e,Tamara-Dorina CIOFU,Ciofu Tamara-Dorina,,,,PSD,psd,7,BOTOŞANI,Chamber of Deputies,2012,,,http://www.cdep.ro/parlamentari/l2012/Ciofu_Tamara.jpg,female
02766812-c2f3-440d-b4fb-058e162b30f7,Theodor PALEOLOGU,Paleologu Theodor,,,,PNL,pnl,42,BUCUREŞTI,Chamber of Deputies,2012,,,http://www.cdep.ro/parlamentari/l2012/Paleologu_Theodor.jpg,male
feb0f780-ae54-47f2-95a6-7b1fa61a02d3,Theodor-Cătălin NICOLESCU,Nicolescu Theodor-Cătălin,,,,PNL,pnl,3,ARGEŞ,Chamber of Deputies,2012,,2015-05-12,http://www.cdep.ro/parlamentari/l2012/Nicolescu_Theodor_Catalin.jpg,male
e0fe4d30-9581-4049-8d86-2dfab973ca6b,Tinel GHEORGHE,Gheorghe Tinel,,,,PNL,pnl,23,IALOMIŢA,Chamber of Deputies,2012,,,http://www.cdep.ro/parlamentari/l2012/Gheorghe_Tinel.jpg,male
e4e20250-9f03-462e-ac2e-f5e3c65fa7d0,Titi HOLBAN,Holban Titi,,,,PSD,psd,10,BUZĂU,Chamber of Deputies,2012,,,http://www.cdep.ro/parlamentari/l2012/Holban_Titi.jpg,male
080b565d-ee4b-457a-8035-870ae621e177,Toader DIMA,Dima Toader,,,,PSD,psd,39,VASLUI,Chamber of Deputies,2012,,2016-07-07,http://www.cdep.ro/parlamentari/l2012/Dima_Toader.jpg,male
18892650-e01e-47db-b482-6a63cba31d29,Traian DOBRINESCU,Dobrinescu Traian,,,,PNL,pnl,40,VÂLCEA,Chamber of Deputies,2012,,,http://www.cdep.ro/parlamentari/l2012/Dobrinescu_Traian.jpg,male
45762c0e-a931-4ed9-a9a4-a56dc2015520,Tudor CIUHODARU,Ciuhodaru Tudor,,,,PSD,psd,39,VASLUI,Chamber of Deputies,2012,,,http://www.cdep.ro/parlamentari/l2012/Ciuhodaru_Tudor.jpg,male
cecbdf64-0c0b-4400-a0d8-e5cbccabfe70,Valentin BLĂNARIU,Blănariu Valentin,,,,PSD,psd,11,CARAŞ-SEVERIN,Chamber of Deputies,2012,,,http://www.cdep.ro/parlamentari/l2012/Blanariu_Valentin.jpg,male
8b6bd5bc-746a-475e-95a2-35a3178ba685,Valentin Gabriel BOBOC,Boboc Valentin Gabriel,,,,PSD,psd,36,TELEORMAN,Chamber of Deputies,2012,,,http://www.cdep.ro/parlamentari/l2012/Boboc_Valentin_Gabriel.jpg,male
ba27d67f-3008-4be4-8b7a-5e2ccb199c69,Valentin RUSU,Rusu Valentin,,,,PNL,pnl,11,CARAŞ-SEVERIN,Chamber of Deputies,2012,,,http://www.cdep.ro/parlamentari/l2012/Rusu_Valentin.jpg,male
8ed00f24-3a2d-49d9-bf7d-7e234b8e88ec,Valeria-Diana SCHELEAN-ŞOMFELEAN,Schelean-Şomfelean Valeria-Diana,,,,PNL,pnl,11,CARAŞ-SEVERIN,Chamber of Deputies,2012,,,http://www.cdep.ro/parlamentari/l2012/ScheleanValeriaDiana.jpg,male
ee0e295c-e91a-4de7-af82-19cae1ffaa3a,Valerian VREME,Vreme Valerian,,,,UNPR,unpr,4,BACĂU,Chamber of Deputies,2012,,,http://www.cdep.ro/parlamentari/l2012/Vreme_Valerian.jpg,male
a394f3f9-1a7a-49c4-8e10-d9d1a77e6689,Valeriu Ştefan ZGONEA,Zgonea Valeriu Ştefan,,,,non-attached,non-attached,17,DOLJ,Chamber of Deputies,2012,,,http://www.cdep.ro/parlamentari/l2012/Zgonea_Valeriu.jpg,male
ea5c4a76-b923-4da6-8aa6-ef4981f9ab41,Valeriu-Andrei STERIU,Steriu Valeriu-Andrei,,,,UNPR,unpr,12,CĂLĂRAŞI,Chamber of Deputies,2012,,,http://www.cdep.ro/parlamentari/l2012/SteriuValeriuAndrei.jpg,male
c0681aeb-15fe-4573-aef6-79d4591cac09,Varol AMET,Amet Varol,,,,Minoritati,minoritati,,,Chamber of Deputies,2012,,,http://www.cdep.ro/parlamentari/l2012/Amet_Varol.jpg,male
9ccb7969-a64e-4c39-884b-a1d319a07fc5,Varujan PAMBUCCIAN,Pambuccian Varujan,,,,Minoritati,minoritati,,,Chamber of Deputies,2012,,,http://www.cdep.ro/parlamentari/l2012/Pambuccian_Varujan.jpg,male
bbe45cf0-17d0-492e-b301-f31ef5bf7325,Vasile BERCI,Berci Vasile,,,,PNL,pnl,26,MARAMUREŞ,Chamber of Deputies,2012,,,http://www.cdep.ro/parlamentari/l2012/Berci_Vasile.jpg,male
551b5b1a-59e9-4e9b-915b-944a2dab3173,Vasile BLEOTU,Bleotu Vasile,,,,PSD,psd,40,VÂLCEA,Chamber of Deputies,2012,,2014-03-11,http://www.cdep.ro/parlamentari/l2012/Bleotu_Vasile.jpg,male
950a7ff9-6576-44c8-a1a9-49d26ba8ffa1,Vasile GUDU,Gudu Vasile,,,,PNL,pnl,38,TULCEA,Chamber of Deputies,2012,,,http://www.cdep.ro/parlamentari/l2012/Gudu_Vasile.jpg,male
6f1c04d2-adcf-4e20-8725-ff67b4442605,Vasile Ghiorghe GLIGA,Gliga Vasile Ghiorghe,,,,PSD,psd,28,MUREŞ,Chamber of Deputies,2012,,,http://www.cdep.ro/parlamentari/l2012/Gliga_Vasile_Ghiorghe.jpg,male
61c95a9c-6447-47c7-8cea-9e5aa5fc3b59,Vasile HORGA,Horga Vasile,,,,PNL,pnl,16,DÂMBOVIŢA,Chamber of Deputies,2012,,,http://www.cdep.ro/parlamentari/l2012/Horga_Vasile.jpg,male
66d22306-b11d-4973-bbf4-db9fe1b4cb2d,Vasile ILIUŢĂ,Iliuţă Vasile,,,,PNL,pnl,12,CĂLĂRAŞI,Chamber of Deputies,2012,,2016-07-09,http://www.cdep.ro/parlamentari/l2012/Iliuta_Vasile.jpg,male
ed5b5674-77dc-4745-92d1-fce260938988,Vasile MOCANU,Mocanu Vasile,,,,PSD,psd,24,IAŞI,Chamber of Deputies,2012,,2015-04-20,http://www.cdep.ro/parlamentari/l2012/Mocanu_Vasile.jpg,male
3e3b34ed-cc50-411d-b139-c5ee44d02687,Vasile POPEANGĂ,Popeangă Vasile,,,,PNL,pnl,20,GORJ,Chamber of Deputies,2012,,,http://www.cdep.ro/parlamentari/l2012/Popeanga_Vasile.jpg,male
bd97f03c-8873-4823-9adb-5c0b8bf9589e,Vasile VARGA,Varga Vasile,,,,PNL,pnl,9,BRĂILA,Chamber of Deputies,2012,,,http://www.cdep.ro/parlamentari/l2012/VargaVasile.jpg,male
d89cbc57-3899-4e2f-a504-bdda00c69f2d,Vasile-Cătălin DRĂGUŞANU,Drăguşanu Vasile-Cătălin,,,,PNL,pnl,29,NEAMŢ,Chamber of Deputies,2012,,,http://www.cdep.ro/parlamentari/l2012/Dragusanu_Vasile_Catalin.jpg,male
ba4ba0d3-bd00-478d-a967-389abf727260,Vasile-Daniel SUCIU,Suciu Vasile-Daniel,,,,PSD,psd,6,BISTRIŢA-NĂSĂUD,Chamber of Deputies,2012,,,http://www.cdep.ro/parlamentari/l2012/SuciuVasileDaniel.jpg,male
64814c94-dab8-4292-a46b-4e1482f384c5,Vicenţiu-Mircea IRIMIE,Irimie Vicenţiu-Mircea,,,,ALDE,alde,13,CLUJ,Chamber of Deputies,2012,,,http://www.cdep.ro/parlamentari/l2012/Irimie_Vicentiu_Mircea.jpg,male
82657dcf-025a-4083-ac95-8cfe1ad4f7fa,Victor CRISTEA,Cristea Victor,,,,PSD,psd,39,VASLUI,Chamber of Deputies,2012,,,http://www.cdep.ro/parlamentari/l2012/Cristea_Victor.jpg,male
1a9fd7eb-79b3-47f8-9ee5-82061dba0b7b,Victor Paul DOBRE,Dobre Victor Paul,,,,PNL,pnl,18,GALAŢI,Chamber of Deputies,2012,,,http://www.cdep.ro/parlamentari/l2012/Dobre_Victor.jpg,male
2ecbef0b-f395-497b-b0fa-a7acd286d494,Victor ROMAN,Roman Victor,,,,PSD,psd,41,VRANCEA,Chamber of Deputies,2012,,2016-10-11,http://www.cdep.ro/parlamentari/l2012/Roman_Victor.jpg,male
847fcf5d-3b25-491d-97ec-8942340c9c96,Victor-Gheorghe MANEA,Manea Victor-Gheorghe,,,,PNL,pnl,14,CONSTANŢA,Chamber of Deputies,2012,,,http://www.cdep.ro/parlamentari/l2012/Manea_Victor_Gheorghe.jpg,male
bad0789e-a7dd-4468-8274-ea16018fe3c6,Victor-Viorel PONTA,Ponta Victor-Viorel,,Victor_Ponta,victor.ponta,PSD,psd,20,GORJ,Chamber of Deputies,2012,,,http://www.cdep.ro/parlamentari/l2012/Ponta_Victor.jpg,male
78f9cfd7-3a90-4a32-ab5c-387e8468c25b,Violeta TUDORIE,Tudorie Violeta,,,,PSD,psd,42,BUCUREŞTI,Chamber of Deputies,2012,,,http://www.cdep.ro/parlamentari/l2012/TudorieVioleta.jpg,female
11e57d45-5a6e-46fd-b1b6-dcc3a58567bf,Viorel HREBENCIUC,Hrebenciuc Viorel,,,,PSD,psd,4,BACĂU,Chamber of Deputies,2012,,2014-10-21,http://www.cdep.ro/parlamentari/l2012/Hrebenciuc_Viorel.jpg,male
e629e16e-224e-4fec-8fe8-2bc651ef87f3,Viorel Marian DRAGOMIR,Dragomir Viorel Marian,,,,PSD,psd,9,BRĂILA,Chamber of Deputies,2012,,2016-06-23,http://www.cdep.ro/parlamentari/l2012/Dragomir_Viorel_Marian.jpg,male
b35dc435-cde2-4633-a096-3be60eacdc15,Viorel PALAŞCĂ,Palaşcă Viorel,,,,ALDE,alde,27,MEHEDINŢI,Chamber of Deputies,2012,,,http://www.cdep.ro/parlamentari/l2012/Palasca_Viorel.jpg,male
3d71360a-eebb-4e1e-9f50-3ca03a280db7,Viorel ŞTEFAN,Ştefan Viorel,,,,PSD,psd,18,GALAŢI,Chamber of Deputies,2012,,,http://www.cdep.ro/parlamentari/l2012/StefanViorel.jpg,male
7a3b87b7-80cf-4503-9dfe-c9066497c3c0,Viorel-Ionel BLĂJUŢ,Blăjuţ Viorel-Ionel,,,,non-attached,non-attached,24,IAŞI,Chamber of Deputies,2012,,2016-11-28,http://www.cdep.ro/parlamentari/l2012/Blajut_Viorel_Ionel.jpg,male
9d02fdf1-959f-4a04-8493-911696d277de,Viorica MARCU,Marcu Viorica,,,,PNL,pnl,4,BACĂU,Chamber of Deputies,2012,,,http://www.cdep.ro/parlamentari/l2012/Marcu_Viorica.jpg,female
3a449b2e-33d0-4a82-a9c0-aca9755a8109,Virgil DELUREANU,Delureanu Virgil,,,,PSD,psd,30,OLT,Chamber of Deputies,2012,,2016-07-08,http://www.cdep.ro/parlamentari/l2012/Delureanu_Virgil.jpg,male
f7844603-ba20-4032-a75e-8e98faf9f933,Virgil GURAN,Guran Virgil,,,,PNL,pnl,31,PRAHOVA,Chamber of Deputies,2012,,,http://www.cdep.ro/parlamentari/l2012/Guran_Virgil.jpg,male
2e14051e-fc40-404c-a2f9-ae2725345c2d,Vlad MARCOCI,Marcoci Vlad,,,,PNL,pnl,29,NEAMŢ,Chamber of Deputies,2012,,,http://www.cdep.ro/parlamentari/l2012/Marcoci_Vlad.jpg,male
162e374c-c319-482a-b8c7-3cf1ad5d4b37,Vlad-Alexandru COSMA,Cosma Vlad-Alexandru,,,,PSD,psd,31,PRAHOVA,Chamber of Deputies,2012,,,http://www.cdep.ro/parlamentari/l2012/Cosma_Vlad_Alexandru.jpg,male
d48b79a8-40c1-44f2-82ff-d84968532d93,Zisu STANCIU,Stanciu Zisu,,,,PSD,psd,16,DÂMBOVIŢA,Chamber of Deputies,2012,,,http://www.cdep.ro/parlamentari/l2012/Stanciu_Zisu.jpg,male
ff2c0bd4-d7d8-4992-9cc9-7480f343ac2e,Ştefan BURLACU,Burlacu Ştefan,,,,UNPR,unpr,25,ILFOV,Chamber of Deputies,2012,,,http://www.cdep.ro/parlamentari/l2012/Burlacu_Stefan.jpg,male
4f9ca23c-036b-4fde-a286-04bde1664bc5,Ştefan-Alexandru BĂIŞANU,Băişanu Ştefan-Alexandru,,,,ALDE,alde,35,SUCEAVA,Chamber of Deputies,2012,,,http://www.cdep.ro/parlamentari/l2012/Baisanu_Stefan_Alexandru.jpg,male
3efc11fd-60a5-4455-99cc-c55b9083eef7,Ştefan-Bucur STOICA,Stoica Ştefan-Bucur,,,,PDL,pdl,17,DOLJ,Chamber of Deputies,2012,,2013-10-15,http://www.cdep.ro/parlamentari/l2012/Stoica_Stefan_Bucur.jpg,male
54a4a2ca-0df4-4009-b0fe-ebe8cd3b3df5,Ştefan-Petru DALCA,Dalca Ştefan-Petru,,,,ALDE,alde,2,ARAD,Chamber of Deputies,2012,,,http://www.cdep.ro/parlamentari/l2012/Dalca_Stefan_Petru.jpg,male
