name,image,id
Allen M. Chastanet,http://www.govt.lc/media.govt.lc/www/images/allen-chastanet-portrait.jpg,allen-m.-chastanet
Alva R. Baptiste,http://www.govt.lc/media.govt.lc/www/images/alvarbaptiste.jpg,alva-r.-baptiste
Dominic Francis Fedee,http://www.govt.lc/media.govt.lc/www/images/dominic-fedee-portrait.jpg,dominic-francis-fedee
Dr. Gale T C Rigobert,http://www.govt.lc/media.govt.lc/www/images/dr-gale-rigobert-portrait0.jpg,dr.-gale-t-c-rigobert
Dr. Kenny D. Anthony,http://www.govt.lc/media.govt.lc/www/images/kennydanthony.jpg,dr.-kenny-d.-anthony
Edmund Estephane,http://www.govt.lc/media.govt.lc/www/images/edmund-estephane-portrait.jpg,edmund-estephane
Ernest Hilaire,http://www.govt.lc/media.govt.lc/www/images/ernest-hilaire.jpg,ernest-hilaire
Ezechiel Joseph,http://www.govt.lc/media.govt.lc/www/images/ezechiel-joseph-portrait.jpg,ezechiel-joseph
Guy Eardley Joseph,http://www.govt.lc/media.govt.lc/www/images/guy-joseph-portrait.jpg,guy-eardley-joseph
Herold A. Stanislas,http://www.govt.lc/media.govt.lc/www/images/bp2-85950.jpg,herold-a.-stanislas
John Bradley Felix,http://www.govt.lc/media.govt.lc/www/images/bradly-felix-portrait.jpg,john-bradley-felix
Lenard Montoute,http://www.govt.lc/media.govt.lc/www/images/lenard-spider-montoute-portrait0.jpg,lenard-montoute
Moses Jn Baptiste,http://www.govt.lc/media.govt.lc/www/images/mosesjn.pastiste.jpg,moses-jn-baptiste
Phillip J. Pierre,http://www.govt.lc/media.govt.lc/www/images/phillipjpierre.jpg,phillip-j.-pierre
Sarah Flood Beaubrun,http://www.govt.lc/media.govt.lc/www/images/hon.-sarah-flood-beaubrun0.jpg,sarah-flood-beaubrun
Shawn Andrey Edward,http://www.govt.lc/media.govt.lc/www/images/-dsc6241.jpg,shawn-andrey-edward
Stephenson King,http://www.govt.lc/media.govt.lc/www/images/stephenson-king-portrait2.jpg,stephenson-king
