id,name,wikiname
denzil_douglas,Denzil Douglas,Denzil Douglas
eugene_hamilton,Eugene Hamilton,Eugene Hamilton (politician)
ian_liburd,Ian Liburd,""
konris_maynard,Konris Maynard,Konris Maynard
lindsay_grant,Lindsay Grant,Lindsay Grant
marcella_liburd,Marcella Liburd,""
mark_brantley,Mark Brantley,""
patrice_nisbett,Patrice Nisbett,Patrice Nisbett
shawn_richards,Shawn Richards,Shawn Richards
timothy_harris,Timothy Harris,Timothy Harris
vance_amory,Vance Amory,Vance Amory
