name,wikiname,party,state,district,area,term,source,party_id,start_date,end_date,id
Adam Vaughan,Adam Vaughan,Liberal,Ontario,Spadina—Fort York,Ontario (Spadina—Fort York),42,https://en.wikipedia.org/wiki/List_of_House_members_of_the_42nd_Parliament_of_Canada,liberal,,,adam-vaughan
Ahmed Hussen,Ahmed Hussen,Liberal,Ontario,York South—Weston,Ontario (York South—Weston),42,https://en.wikipedia.org/wiki/List_of_House_members_of_the_42nd_Parliament_of_Canada,liberal,,,ahmed-hussen
Alain Rayes,Alain Rayes,Conservative,Quebec,Richmond—Arthabaska,Quebec (Richmond—Arthabaska),42,https://en.wikipedia.org/wiki/List_of_House_members_of_the_42nd_Parliament_of_Canada,conservative,,,alain-rayes
Alaina Lockhart,Alaina Lockhart,Liberal,New Brunswick,Fundy Royal,New Brunswick (Fundy Royal),42,https://en.wikipedia.org/wiki/List_of_House_members_of_the_42nd_Parliament_of_Canada,liberal,,,alaina-lockhart
Alex Nuttall,Alex Nuttall,Conservative,Ontario,Barrie—Springwater—Oro-Medonte,Ontario (Barrie—Springwater—Oro-Medonte),42,https://en.wikipedia.org/wiki/List_of_House_members_of_the_42nd_Parliament_of_Canada,conservative,,,alex-nuttall
Alexandra Mendès,Alexandra Mendès,Liberal,Quebec,Brossard—Saint-Lambert,Quebec (Brossard—Saint-Lambert),42,https://en.wikipedia.org/wiki/List_of_House_members_of_the_42nd_Parliament_of_Canada,liberal,,,alexandra-mendès
Alexandre Boulerice,Alexandre Boulerice,NDP,Quebec,Rosemont—La Petite-Patrie,Quebec (Rosemont—La Petite-Patrie),42,https://en.wikipedia.org/wiki/List_of_House_members_of_the_42nd_Parliament_of_Canada,ndp,,,alexandre-boulerice
Ali Ehsassi,Ali Ehsassi,Liberal,Ontario,Willowdale,Ontario (Willowdale),42,https://en.wikipedia.org/wiki/List_of_House_members_of_the_42nd_Parliament_of_Canada,liberal,,,ali-ehsassi
Alice Wong,Alice Wong,Conservative,British Columbia,Richmond Centre,British Columbia (Richmond Centre),42,https://en.wikipedia.org/wiki/List_of_House_members_of_the_42nd_Parliament_of_Canada,conservative,,,alice-wong
Alistair MacGregor,Alistair MacGregor,NDP,British Columbia,Cowichan—Malahat—Langford,British Columbia (Cowichan—Malahat—Langford),42,https://en.wikipedia.org/wiki/List_of_House_members_of_the_42nd_Parliament_of_Canada,ndp,,,alistair-macgregor
Alupa Clarke,Alupa Clarke,Conservative,Quebec,Beauport—Limoilou,Quebec (Beauport—Limoilou),42,https://en.wikipedia.org/wiki/List_of_House_members_of_the_42nd_Parliament_of_Canada,conservative,,,alupa-clarke
Amarjeet Sohi,Amarjeet Sohi,Liberal,Alberta,Edmonton Mill Woods,Alberta (Edmonton Mill Woods),42,https://en.wikipedia.org/wiki/List_of_House_members_of_the_42nd_Parliament_of_Canada,liberal,,,amarjeet-sohi
Andrew Leslie,Andrew Leslie (general),Liberal,Ontario,Orléans,Ontario (Orléans),42,https://en.wikipedia.org/wiki/List_of_House_members_of_the_42nd_Parliament_of_Canada,liberal,,,andrew-leslie
Andrew Scheer,Andrew Scheer,Conservative,Saskatchewan,Regina—Qu'Appelle,Saskatchewan (Regina—Qu'Appelle),42,https://en.wikipedia.org/wiki/List_of_House_members_of_the_42nd_Parliament_of_Canada,conservative,,,andrew-scheer
Andy Fillmore,Andy Fillmore,Liberal,Nova Scotia,Halifax,Nova Scotia (Halifax),42,https://en.wikipedia.org/wiki/List_of_House_members_of_the_42nd_Parliament_of_Canada,liberal,,,andy-fillmore
Angelo Iacono,Angelo Iacono,Liberal,Quebec,Alfred-Pellan,Quebec (Alfred-Pellan),42,https://en.wikipedia.org/wiki/List_of_House_members_of_the_42nd_Parliament_of_Canada,liberal,,,angelo-iacono
Anita Vandenbeld,Anita Vandenbeld,Liberal,Ontario,Ottawa West—Nepean,Ontario (Ottawa West—Nepean),42,https://en.wikipedia.org/wiki/List_of_House_members_of_the_42nd_Parliament_of_Canada,liberal,,,anita-vandenbeld
Anju Dhillon,Anju Dhillon,Liberal,Quebec,Dorval—Lachine—LaSalle,Quebec (Dorval—Lachine—LaSalle),42,https://en.wikipedia.org/wiki/List_of_House_members_of_the_42nd_Parliament_of_Canada,liberal,,,anju-dhillon
Anne Minh-Thu Quach,Anne Minh-Thu Quach,NDP,Quebec,Salaberry—Suroît,Quebec (Salaberry—Suroît),42,https://en.wikipedia.org/wiki/List_of_House_members_of_the_42nd_Parliament_of_Canada,ndp,,,anne-minh-thu-quach
Anthony Housefather,Anthony Housefather,Liberal,Quebec,Mount Royal,Quebec (Mount Royal),42,https://en.wikipedia.org/wiki/List_of_House_members_of_the_42nd_Parliament_of_Canada,liberal,,,anthony-housefather
Anthony Rota,Anthony Rota,Liberal,Ontario,Nipissing—Timiskaming,Ontario (Nipissing—Timiskaming),42,https://en.wikipedia.org/wiki/List_of_House_members_of_the_42nd_Parliament_of_Canada,liberal,,,anthony-rota
Arif Virani,Arif Virani,Liberal,Ontario,Parkdale—High Park,Ontario (Parkdale—High Park),42,https://en.wikipedia.org/wiki/List_of_House_members_of_the_42nd_Parliament_of_Canada,liberal,,,arif-virani
Arnold Chan,Arnold Chan,Liberal,Ontario,Scarborough—Agincourt,Ontario (Scarborough—Agincourt),42,https://en.wikipedia.org/wiki/List_of_House_members_of_the_42nd_Parliament_of_Canada,liberal,,,arnold-chan
Arnold Viersen,Arnold Viersen,Conservative,Alberta,Peace River—Westlock,Alberta (Peace River—Westlock),42,https://en.wikipedia.org/wiki/List_of_House_members_of_the_42nd_Parliament_of_Canada,conservative,,,arnold-viersen
Bardish Chagger,Bardish Chagger,Liberal,Ontario,Waterloo,Ontario (Waterloo),42,https://en.wikipedia.org/wiki/List_of_House_members_of_the_42nd_Parliament_of_Canada,liberal,,,bardish-chagger
Ben Lobb,Ben Lobb,Conservative,Ontario,Huron—Bruce,Ontario (Huron—Bruce),42,https://en.wikipedia.org/wiki/List_of_House_members_of_the_42nd_Parliament_of_Canada,conservative,,,ben-lobb
Bernadette Jordan,Bernadette Jordan,Liberal,Nova Scotia,South Shore—St. Margaret's,Nova Scotia (South Shore—St. Margaret's),42,https://en.wikipedia.org/wiki/List_of_House_members_of_the_42nd_Parliament_of_Canada,liberal,,,bernadette-jordan
Bernard Généreux,Bernard Généreux,Conservative,Quebec,Montmagny—L'Islet—Kamouraska—Rivière-du-Loup,Quebec (Montmagny—L'Islet—Kamouraska—Rivière-du-Loup),42,https://en.wikipedia.org/wiki/List_of_House_members_of_the_42nd_Parliament_of_Canada,conservative,,,bernard-généreux
Bev Shipley,Bev Shipley,Conservative,Ontario,Lambton—Kent—Middlesex,Ontario (Lambton—Kent—Middlesex),42,https://en.wikipedia.org/wiki/List_of_House_members_of_the_42nd_Parliament_of_Canada,conservative,,,bev-shipley
Bill Blair,Bill Blair (police chief),Liberal,Ontario,Scarborough Southwest,Ontario (Scarborough Southwest),42,https://en.wikipedia.org/wiki/List_of_House_members_of_the_42nd_Parliament_of_Canada,liberal,,,bill-blair
Bill Casey,Bill Casey,Liberal,Nova Scotia,Cumberland—Colchester,Nova Scotia (Cumberland—Colchester),42,https://en.wikipedia.org/wiki/List_of_House_members_of_the_42nd_Parliament_of_Canada,liberal,,,bill-casey
Bill Morneau,Bill Morneau,Liberal,Ontario,Toronto Centre,Ontario (Toronto Centre),42,https://en.wikipedia.org/wiki/List_of_House_members_of_the_42nd_Parliament_of_Canada,liberal,,,bill-morneau
Blaine Calkins,Blaine Calkins,Conservative,Alberta,Red Deer—Lacombe,Alberta (Red Deer—Lacombe),42,https://en.wikipedia.org/wiki/List_of_House_members_of_the_42nd_Parliament_of_Canada,conservative,,,blaine-calkins
Blake Richards,Blake Richards,Conservative,Alberta,Banff—Airdrie,Alberta (Banff—Airdrie),42,https://en.wikipedia.org/wiki/List_of_House_members_of_the_42nd_Parliament_of_Canada,conservative,,,blake-richards
Bob Benzen,Bob Benzen,Conservative,Alberta,Calgary Heritage,Alberta (Calgary Heritage),42,https://en.wikipedia.org/wiki/List_of_House_members_of_the_42nd_Parliament_of_Canada,conservative,,,bob-benzen
Bob Bratina,Bob Bratina,Liberal,Ontario,Hamilton East—Stoney Creek,Ontario (Hamilton East—Stoney Creek),42,https://en.wikipedia.org/wiki/List_of_House_members_of_the_42nd_Parliament_of_Canada,liberal,,,bob-bratina
Bob Nault,Bob Nault,Liberal,Ontario,Kenora,Ontario (Kenora),42,https://en.wikipedia.org/wiki/List_of_House_members_of_the_42nd_Parliament_of_Canada,liberal,,,bob-nault
Bob Saroya,Bob Saroya,Conservative,Ontario,Markham—Unionville,Ontario (Markham—Unionville),42,https://en.wikipedia.org/wiki/List_of_House_members_of_the_42nd_Parliament_of_Canada,conservative,,,bob-saroya
Bob Zimmer,Bob Zimmer,Conservative,British Columbia,Prince George—Peace River—Northern Rockies,British Columbia (Prince George—Peace River—Northern Rockies),42,https://en.wikipedia.org/wiki/List_of_House_members_of_the_42nd_Parliament_of_Canada,conservative,,,bob-zimmer
Bobby Morrissey,Bobby Morrissey,Liberal,Prince Edward Island,Egmont,Prince Edward Island (Egmont),42,https://en.wikipedia.org/wiki/List_of_House_members_of_the_42nd_Parliament_of_Canada,liberal,,,bobby-morrissey
Borys Wrzesnewskyj,Borys Wrzesnewskyj,Liberal,Ontario,Etobicoke Centre,Ontario (Etobicoke Centre),42,https://en.wikipedia.org/wiki/List_of_House_members_of_the_42nd_Parliament_of_Canada,liberal,,,borys-wrzesnewskyj
Brad Trost,Brad Trost,Conservative,Saskatchewan,Saskatoon—University,Saskatchewan (Saskatoon—University),42,https://en.wikipedia.org/wiki/List_of_House_members_of_the_42nd_Parliament_of_Canada,conservative,,,brad-trost
Brenda Shanahan,Brenda Shanahan (politician),Liberal,Quebec,Châteauguay—Lacolle,Quebec (Châteauguay—Lacolle),42,https://en.wikipedia.org/wiki/List_of_House_members_of_the_42nd_Parliament_of_Canada,liberal,,,brenda-shanahan
Brian Masse,Brian Masse,NDP,Ontario,Windsor West,Ontario (Windsor West),42,https://en.wikipedia.org/wiki/List_of_House_members_of_the_42nd_Parliament_of_Canada,ndp,,,brian-masse
Brigitte Sansoucy,Brigitte Sansoucy,NDP,Quebec,Saint-Hyacinthe—Bagot,Quebec (Saint-Hyacinthe—Bagot),42,https://en.wikipedia.org/wiki/List_of_House_members_of_the_42nd_Parliament_of_Canada,ndp,,,brigitte-sansoucy
Bruce Stanton,Bruce Stanton,Conservative,Ontario,Simcoe North,Ontario (Simcoe North),42,https://en.wikipedia.org/wiki/List_of_House_members_of_the_42nd_Parliament_of_Canada,conservative,,,bruce-stanton
Bryan May,Bryan May,Liberal,Ontario,Cambridge,Ontario (Cambridge),42,https://en.wikipedia.org/wiki/List_of_House_members_of_the_42nd_Parliament_of_Canada,liberal,,,bryan-may
Candice Bergen,Candice Bergen (politician),Conservative,Manitoba,Portage—Lisgar,Manitoba (Portage—Lisgar),42,https://en.wikipedia.org/wiki/List_of_House_members_of_the_42nd_Parliament_of_Canada,conservative,,,candice-bergen
Carla Qualtrough,Carla Qualtrough,Liberal,British Columbia,Delta,British Columbia (Delta),42,https://en.wikipedia.org/wiki/List_of_House_members_of_the_42nd_Parliament_of_Canada,liberal,,,carla-qualtrough
Carol Hughes,Carol Hughes (politician),NDP,Ontario,Algoma—Manitoulin—Kapuskasing,Ontario (Algoma—Manitoulin—Kapuskasing),42,https://en.wikipedia.org/wiki/List_of_House_members_of_the_42nd_Parliament_of_Canada,ndp,,,carol-hughes
Carolyn Bennett,Carolyn Bennett,Liberal,Ontario,Toronto—St. Paul's,Ontario (Toronto—St. Paul's),42,https://en.wikipedia.org/wiki/List_of_House_members_of_the_42nd_Parliament_of_Canada,liberal,,,carolyn-bennett
Cathay Wagantall,Cathay Wagantall,Conservative,Saskatchewan,Yorkton—Melville,Saskatchewan (Yorkton—Melville),42,https://en.wikipedia.org/wiki/List_of_House_members_of_the_42nd_Parliament_of_Canada,conservative,,,cathay-wagantall
Catherine McKenna,Catherine McKenna,Liberal,Ontario,Ottawa Centre,Ontario (Ottawa Centre),42,https://en.wikipedia.org/wiki/List_of_House_members_of_the_42nd_Parliament_of_Canada,liberal,,,catherine-mckenna
Cathy McLeod,Cathy McLeod,Conservative,British Columbia,Kamloops—Thompson—Cariboo,British Columbia (Kamloops—Thompson—Cariboo),42,https://en.wikipedia.org/wiki/List_of_House_members_of_the_42nd_Parliament_of_Canada,conservative,,,cathy-mcleod
Celina Caesar-Chavannes,Celina Caesar-Chavannes,Liberal,Ontario,Whitby,Ontario (Whitby),42,https://en.wikipedia.org/wiki/List_of_House_members_of_the_42nd_Parliament_of_Canada,liberal,,,celina-caesar-chavannes
Chandra Arya,Chandra Arya,Liberal,Ontario,Nepean,Ontario (Nepean),42,https://en.wikipedia.org/wiki/List_of_House_members_of_the_42nd_Parliament_of_Canada,liberal,,,chandra-arya
Charlie Angus,Charlie Angus,NDP,Ontario,Timmins—James Bay,Ontario (Timmins—James Bay),42,https://en.wikipedia.org/wiki/List_of_House_members_of_the_42nd_Parliament_of_Canada,ndp,,,charlie-angus
Cheryl Gallant,Cheryl Gallant,Conservative,Ontario,Renfrew—Nipissing—Pembroke,Ontario (Renfrew—Nipissing—Pembroke),42,https://en.wikipedia.org/wiki/List_of_House_members_of_the_42nd_Parliament_of_Canada,conservative,,,cheryl-gallant
Cheryl Hardcastle,Cheryl Hardcastle,NDP,Ontario,Windsor—Tecumseh,Ontario (Windsor—Tecumseh),42,https://en.wikipedia.org/wiki/List_of_House_members_of_the_42nd_Parliament_of_Canada,ndp,,,cheryl-hardcastle
Chris Bittle,Chris Bittle,Liberal,Ontario,St. Catharines,Ontario (St. Catharines),42,https://en.wikipedia.org/wiki/List_of_House_members_of_the_42nd_Parliament_of_Canada,liberal,,,chris-bittle
Chris Warkentin,Chris Warkentin,Conservative,Alberta,Grande Prairie—Mackenzie,Alberta (Grande Prairie—Mackenzie),42,https://en.wikipedia.org/wiki/List_of_House_members_of_the_42nd_Parliament_of_Canada,conservative,,,chris-warkentin
Christine Moore,Christine Moore (politician),NDP,Quebec,Abitibi—Témiscamingue,Quebec (Abitibi—Témiscamingue),42,https://en.wikipedia.org/wiki/List_of_House_members_of_the_42nd_Parliament_of_Canada,ndp,,,christine-moore
Chrystia Freeland,Chrystia Freeland,Liberal,Ontario,University—Rosedale,Ontario (University—Rosedale),42,https://en.wikipedia.org/wiki/List_of_House_members_of_the_42nd_Parliament_of_Canada,liberal,,,chrystia-freeland
Colin Carrie,Colin Carrie,Conservative,Ontario,Oshawa,Ontario (Oshawa),42,https://en.wikipedia.org/wiki/List_of_House_members_of_the_42nd_Parliament_of_Canada,conservative,,,colin-carrie
Colin Fraser,Colin Fraser (Canadian politician),Liberal,Nova Scotia,West Nova,Nova Scotia (West Nova),42,https://en.wikipedia.org/wiki/List_of_House_members_of_the_42nd_Parliament_of_Canada,liberal,,,colin-fraser
Dan Albas,Dan Albas,Conservative,British Columbia,Central Okanagan—Similkameen—Nicola,British Columbia (Central Okanagan—Similkameen—Nicola),42,https://en.wikipedia.org/wiki/List_of_House_members_of_the_42nd_Parliament_of_Canada,conservative,,,dan-albas
Dan Ruimy,Dan Ruimy,Liberal,British Columbia,Pitt Meadows—Maple Ridge,British Columbia (Pitt Meadows—Maple Ridge),42,https://en.wikipedia.org/wiki/List_of_House_members_of_the_42nd_Parliament_of_Canada,liberal,,,dan-ruimy
Dan Vandal,Dan Vandal,Liberal,Manitoba,Saint Boniface—Saint Vital,Manitoba (Saint Boniface—Saint Vital),42,https://en.wikipedia.org/wiki/List_of_House_members_of_the_42nd_Parliament_of_Canada,liberal,,,dan-vandal
Daniel Blaikie,Daniel Blaikie,NDP,Manitoba,Elmwood—Transcona,Manitoba (Elmwood—Transcona),42,https://en.wikipedia.org/wiki/List_of_House_members_of_the_42nd_Parliament_of_Canada,ndp,,,daniel-blaikie
Darrell Samson,Darrell Samson,Liberal,Nova Scotia,Sackville—Preston—Chezzetcook,Nova Scotia (Sackville—Preston—Chezzetcook),42,https://en.wikipedia.org/wiki/List_of_House_members_of_the_42nd_Parliament_of_Canada,liberal,,,darrell-samson
Darren Fisher,Darren Fisher,Liberal,Nova Scotia,Dartmouth—Cole Harbour,Nova Scotia (Dartmouth—Cole Harbour),42,https://en.wikipedia.org/wiki/List_of_House_members_of_the_42nd_Parliament_of_Canada,liberal,,,darren-fisher
Darshan Kang,Darshan Kang,Liberal,Alberta,Calgary Skyview,Alberta (Calgary Skyview),42,https://en.wikipedia.org/wiki/List_of_House_members_of_the_42nd_Parliament_of_Canada,liberal,,,darshan-kang
Dave MacKenzie,Dave MacKenzie (politician),Conservative,Ontario,Oxford,Ontario (Oxford),42,https://en.wikipedia.org/wiki/List_of_House_members_of_the_42nd_Parliament_of_Canada,conservative,,,dave-mackenzie
Dave Van Kesteren,Dave Van Kesteren,Conservative,Ontario,Chatham-Kent—Leamington,Ontario (Chatham-Kent—Leamington),42,https://en.wikipedia.org/wiki/List_of_House_members_of_the_42nd_Parliament_of_Canada,conservative,,,dave-van-kesteren
David Christopherson,David Christopherson,NDP,Ontario,Hamilton Centre,Ontario (Hamilton Centre),42,https://en.wikipedia.org/wiki/List_of_House_members_of_the_42nd_Parliament_of_Canada,ndp,,,david-christopherson
David Graham,David Graham (politician),Liberal,Quebec,Laurentides—Labelle,Quebec (Laurentides—Labelle),42,https://en.wikipedia.org/wiki/List_of_House_members_of_the_42nd_Parliament_of_Canada,liberal,,,david-graham
David L. Anderson,David L. Anderson,Conservative,Saskatchewan,Cypress Hills—Grasslands,Saskatchewan (Cypress Hills—Grasslands),42,https://en.wikipedia.org/wiki/List_of_House_members_of_the_42nd_Parliament_of_Canada,conservative,,,david-l.-anderson
David Lametti,David Lametti,Liberal,Quebec,LaSalle—Émard—Verdun,Quebec (LaSalle—Émard—Verdun),42,https://en.wikipedia.org/wiki/List_of_House_members_of_the_42nd_Parliament_of_Canada,liberal,,,david-lametti
David McGuinty,David McGuinty,Liberal,Ontario,Ottawa South,Ontario (Ottawa South),42,https://en.wikipedia.org/wiki/List_of_House_members_of_the_42nd_Parliament_of_Canada,liberal,,,david-mcguinty
David Sweet,David Sweet,Conservative,Ontario,Flamborough—Glanbrook,Ontario (Flamborough—Glanbrook),42,https://en.wikipedia.org/wiki/List_of_House_members_of_the_42nd_Parliament_of_Canada,conservative,,,david-sweet
David Tilson,David Tilson,Conservative,Ontario,Dufferin—Caledon,Ontario (Dufferin—Caledon),42,https://en.wikipedia.org/wiki/List_of_House_members_of_the_42nd_Parliament_of_Canada,conservative,,,david-tilson
David Yurdiga,David Yurdiga,Conservative,Alberta,Fort McMurray—Cold Lake,Alberta (Fort McMurray—Cold Lake),42,https://en.wikipedia.org/wiki/List_of_House_members_of_the_42nd_Parliament_of_Canada,conservative,,,david-yurdiga
Dean Allison,Dean Allison,Conservative,Ontario,Niagara West,Ontario (Niagara West),42,https://en.wikipedia.org/wiki/List_of_House_members_of_the_42nd_Parliament_of_Canada,conservative,,,dean-allison
Deb Schulte,Deb Schulte,Liberal,Ontario,King—Vaughan,Ontario (King—Vaughan),42,https://en.wikipedia.org/wiki/List_of_House_members_of_the_42nd_Parliament_of_Canada,liberal,,,deb-schulte
Deepak Obhrai,Deepak Obhrai,Conservative,Alberta,Calgary Forest Lawn,Alberta (Calgary Forest Lawn),42,https://en.wikipedia.org/wiki/List_of_House_members_of_the_42nd_Parliament_of_Canada,conservative,,,deepak-obhrai
Denis Lebel,Denis Lebel,Conservative,Quebec,Lac-Saint-Jean,Quebec (Lac-Saint-Jean),42,https://en.wikipedia.org/wiki/List_of_House_members_of_the_42nd_Parliament_of_Canada,conservative,,,denis-lebel
Denis Lemieux,Denis Lemieux,Liberal,Quebec,Chicoutimi—Le Fjord,Quebec (Chicoutimi—Le Fjord),42,https://en.wikipedia.org/wiki/List_of_House_members_of_the_42nd_Parliament_of_Canada,liberal,,,denis-lemieux
Denis Paradis,Denis Paradis,Liberal,Quebec,Brome—Missisquoi,Quebec (Brome—Missisquoi),42,https://en.wikipedia.org/wiki/List_of_House_members_of_the_42nd_Parliament_of_Canada,liberal,,,denis-paradis
Diane Finley,Diane Finley,Conservative,Ontario,Haldimand—Norfolk,Ontario (Haldimand—Norfolk),42,https://en.wikipedia.org/wiki/List_of_House_members_of_the_42nd_Parliament_of_Canada,conservative,,,diane-finley
Diane Lebouthillier,Diane Lebouthillier,Liberal,Quebec,Gaspésie—Les Îles-de-la-Madeleine,Quebec (Gaspésie—Les Îles-de-la-Madeleine),42,https://en.wikipedia.org/wiki/List_of_House_members_of_the_42nd_Parliament_of_Canada,liberal,,,diane-lebouthillier
Dianne Watts,Dianne Watts,Conservative,British Columbia,South Surrey—White Rock,British Columbia (South Surrey—White Rock),42,https://en.wikipedia.org/wiki/List_of_House_members_of_the_42nd_Parliament_of_Canada,conservative,,,dianne-watts
Dominic LeBlanc,Dominic LeBlanc,Liberal,New Brunswick,Beauséjour,New Brunswick (Beauséjour),42,https://en.wikipedia.org/wiki/List_of_House_members_of_the_42nd_Parliament_of_Canada,liberal,,,dominic-leblanc
Don Davies,Don Davies,NDP,British Columbia,Vancouver Kingsway,British Columbia (Vancouver Kingsway),42,https://en.wikipedia.org/wiki/List_of_House_members_of_the_42nd_Parliament_of_Canada,ndp,,,don-davies
Don Rusnak,Don Rusnak,Liberal,Ontario,Thunder Bay—Rainy River,Ontario (Thunder Bay—Rainy River),42,https://en.wikipedia.org/wiki/List_of_House_members_of_the_42nd_Parliament_of_Canada,liberal,,,don-rusnak
Doug Eyolfson,Doug Eyolfson,Liberal,Manitoba,Charleswood—St. James—Assiniboia—Headingley,Manitoba (Charleswood—St. James—Assiniboia—Headingley),42,https://en.wikipedia.org/wiki/List_of_House_members_of_the_42nd_Parliament_of_Canada,liberal,,,doug-eyolfson
Earl Dreeshen,Earl Dreeshen,Conservative,Alberta,Red Deer—Mountain View,Alberta (Red Deer—Mountain View),42,https://en.wikipedia.org/wiki/List_of_House_members_of_the_42nd_Parliament_of_Canada,conservative,,,earl-dreeshen
Ed Fast,Ed Fast,Conservative,British Columbia,Abbotsford,British Columbia (Abbotsford),42,https://en.wikipedia.org/wiki/List_of_House_members_of_the_42nd_Parliament_of_Canada,conservative,,,ed-fast
Elizabeth May,Elizabeth May,Green,British Columbia,Saanich—Gulf Islands,British Columbia (Saanich—Gulf Islands),42,https://en.wikipedia.org/wiki/List_of_House_members_of_the_42nd_Parliament_of_Canada,green_party,,,elizabeth-may
Emmanuel Dubourg,Emmanuel Dubourg,Liberal,Quebec,Bourassa,Quebec (Bourassa),42,https://en.wikipedia.org/wiki/List_of_House_members_of_the_42nd_Parliament_of_Canada,liberal,,,emmanuel-dubourg
Emmanuella Lambropoulos,Emmanuella Lambropoulos,Liberal,Quebec,Saint-Laurent,Quebec (Saint-Laurent),42,https://en.wikipedia.org/wiki/List_of_House_members_of_the_42nd_Parliament_of_Canada,liberal,,,emmanuella-lambropoulos
Erin O'Toole,Erin O'Toole,Conservative,Ontario,Durham,Ontario (Durham),42,https://en.wikipedia.org/wiki/List_of_House_members_of_the_42nd_Parliament_of_Canada,conservative,,,erin-o'toole
Erin Weir,Erin Weir,NDP,Saskatchewan,Regina—Lewvan,Saskatchewan (Regina—Lewvan),42,https://en.wikipedia.org/wiki/List_of_House_members_of_the_42nd_Parliament_of_Canada,ndp,,,erin-weir
Eva Nassif,Eva Nassif,Liberal,Quebec,Vimy,Quebec (Vimy),42,https://en.wikipedia.org/wiki/List_of_House_members_of_the_42nd_Parliament_of_Canada,liberal,,,eva-nassif
Fayçal El-Khoury,Fayçal El-Khoury,Liberal,Quebec,Laval—Les Îles,Quebec (Laval—Les Îles),42,https://en.wikipedia.org/wiki/List_of_House_members_of_the_42nd_Parliament_of_Canada,liberal,,,fayçal-el-khoury
Filomena Tassi,Filomena Tassi,Liberal,Ontario,Hamilton West—Ancaster—Dundas,Ontario (Hamilton West—Ancaster—Dundas),42,https://en.wikipedia.org/wiki/List_of_House_members_of_the_42nd_Parliament_of_Canada,liberal,,,filomena-tassi
Fin Donnelly,Fin Donnelly,NDP,British Columbia,Port Moody—Coquitlam,British Columbia (Port Moody—Coquitlam),42,https://en.wikipedia.org/wiki/List_of_House_members_of_the_42nd_Parliament_of_Canada,ndp,,,fin-donnelly
Francesco Sorbara,Francesco Sorbara,Liberal,Ontario,Vaughan—Woodbridge,Ontario (Vaughan—Woodbridge),42,https://en.wikipedia.org/wiki/List_of_House_members_of_the_42nd_Parliament_of_Canada,liberal,,,francesco-sorbara
Francis Drouin,Francis Drouin,Liberal,Ontario,Glengarry—Prescott—Russell,Ontario (Glengarry—Prescott—Russell),42,https://en.wikipedia.org/wiki/List_of_House_members_of_the_42nd_Parliament_of_Canada,liberal,,,francis-drouin
Francis Scarpaleggia,Francis Scarpaleggia,Liberal,Quebec,Lac-Saint-Louis,Quebec (Lac-Saint-Louis),42,https://en.wikipedia.org/wiki/List_of_House_members_of_the_42nd_Parliament_of_Canada,liberal,,,francis-scarpaleggia
Frank Baylis,Frank Baylis,Liberal,Quebec,Pierrefonds—Dollard,Quebec (Pierrefonds—Dollard),42,https://en.wikipedia.org/wiki/List_of_House_members_of_the_42nd_Parliament_of_Canada,liberal,,,frank-baylis
François Choquette,François Choquette,NDP,Quebec,Drummond,Quebec (Drummond),42,https://en.wikipedia.org/wiki/List_of_House_members_of_the_42nd_Parliament_of_Canada,ndp,,,françois-choquette
François-Philippe Champagne,François-Philippe Champagne,Liberal,Quebec,Saint-Maurice—Champlain,Quebec (Saint-Maurice—Champlain),42,https://en.wikipedia.org/wiki/List_of_House_members_of_the_42nd_Parliament_of_Canada,liberal,,,françois-philippe-champagne
Gabriel Ste-Marie,Gabriel Ste-Marie,Bloc Québécois,Quebec,Joliette,Quebec (Joliette),42,https://en.wikipedia.org/wiki/List_of_House_members_of_the_42nd_Parliament_of_Canada,bloc_québécois,,,gabriel-ste-marie
Gagan Sikand,Gagan Sikand,Liberal,Ontario,Mississauga—Streetsville,Ontario (Mississauga—Streetsville),42,https://en.wikipedia.org/wiki/List_of_House_members_of_the_42nd_Parliament_of_Canada,liberal,,,gagan-sikand
Garnett Genuis,Garnett Genuis,Conservative,Alberta,Sherwood Park—Fort Saskatchewan,Alberta (Sherwood Park—Fort Saskatchewan),42,https://en.wikipedia.org/wiki/List_of_House_members_of_the_42nd_Parliament_of_Canada,conservative,,,garnett-genuis
Gary Anandasangaree,Gary Anandasangaree,Liberal,Ontario,Scarborough—Rouge Park,Ontario (Scarborough—Rouge Park),42,https://en.wikipedia.org/wiki/List_of_House_members_of_the_42nd_Parliament_of_Canada,liberal,,,gary-anandasangaree
Geng Tan,Geng Tan,Liberal,Ontario,Don Valley North,Ontario (Don Valley North),42,https://en.wikipedia.org/wiki/List_of_House_members_of_the_42nd_Parliament_of_Canada,liberal,,,geng-tan
Geoff Regan,Geoff Regan,Liberal,Nova Scotia,Halifax West,Nova Scotia (Halifax West),42,https://en.wikipedia.org/wiki/List_of_House_members_of_the_42nd_Parliament_of_Canada,liberal,,,geoff-regan
Georgina Jolibois,Georgina Jolibois,NDP,Saskatchewan,Desnethé—Missinippi—Churchill River,Saskatchewan (Desnethé—Missinippi—Churchill River),42,https://en.wikipedia.org/wiki/List_of_House_members_of_the_42nd_Parliament_of_Canada,ndp,,,georgina-jolibois
Gerry Ritz,Gerry Ritz,Conservative,Saskatchewan,Battlefords—Lloydminster,Saskatchewan (Battlefords—Lloydminster),42,https://en.wikipedia.org/wiki/List_of_House_members_of_the_42nd_Parliament_of_Canada,conservative,,,gerry-ritz
Ginette Petitpas Taylor,Ginette Petitpas Taylor,Liberal,New Brunswick,Moncton—Riverview—Dieppe,New Brunswick (Moncton—Riverview—Dieppe),42,https://en.wikipedia.org/wiki/List_of_House_members_of_the_42nd_Parliament_of_Canada,liberal,,,ginette-petitpas-taylor
Glen Motz,Glen Motz,Conservative,Alberta,Medicine Hat—Cardston—Warner,Alberta (Medicine Hat—Cardston—Warner),42,https://en.wikipedia.org/wiki/List_of_House_members_of_the_42nd_Parliament_of_Canada,conservative,,,glen-motz
Gord Brown,Gord Brown,Conservative,Ontario,Leeds—Grenville—Thousand Islands and Rideau Lakes,Ontario (Leeds—Grenville—Thousand Islands and Rideau Lakes),42,https://en.wikipedia.org/wiki/List_of_House_members_of_the_42nd_Parliament_of_Canada,conservative,,,gord-brown
Gord Johns,Gord Johns,NDP,British Columbia,Courtenay—Alberni,British Columbia (Courtenay—Alberni),42,https://en.wikipedia.org/wiki/List_of_House_members_of_the_42nd_Parliament_of_Canada,ndp,,,gord-johns
Greg Fergus,Greg Fergus,Liberal,Quebec,Hull—Aylmer,Quebec (Hull—Aylmer),42,https://en.wikipedia.org/wiki/List_of_House_members_of_the_42nd_Parliament_of_Canada,liberal,,,greg-fergus
Gudie Hutchings,Gudie Hutchings,Liberal,Newfoundland and Labrador,Long Range Mountains,Newfoundland and Labrador (Long Range Mountains),42,https://en.wikipedia.org/wiki/List_of_House_members_of_the_42nd_Parliament_of_Canada,liberal,,,gudie-hutchings
Guy Caron,Guy Caron,NDP,Quebec,Rimouski-Neigette—Témiscouata—Les Basques,Quebec (Rimouski-Neigette—Témiscouata—Les Basques),42,https://en.wikipedia.org/wiki/List_of_House_members_of_the_42nd_Parliament_of_Canada,ndp,,,guy-caron
Guy Lauzon,Guy Lauzon,Conservative,Ontario,Stormont—Dundas—South Glengarry,Ontario (Stormont—Dundas—South Glengarry),42,https://en.wikipedia.org/wiki/List_of_House_members_of_the_42nd_Parliament_of_Canada,conservative,,,guy-lauzon
Gérard Deltell,Gérard Deltell,Conservative,Quebec,Louis-Saint-Laurent,Quebec (Louis-Saint-Laurent),42,https://en.wikipedia.org/wiki/List_of_House_members_of_the_42nd_Parliament_of_Canada,conservative,,,gérard-deltell
Harjit Sajjan,Harjit Sajjan,Liberal,British Columbia,Vancouver South,British Columbia (Vancouver South),42,https://en.wikipedia.org/wiki/List_of_House_members_of_the_42nd_Parliament_of_Canada,liberal,,,harjit-sajjan
Harold Albrecht,Harold Albrecht,Conservative,Ontario,Kitchener—Conestoga,Ontario (Kitchener—Conestoga),42,https://en.wikipedia.org/wiki/List_of_House_members_of_the_42nd_Parliament_of_Canada,conservative,,,harold-albrecht
Hedy Fry,Hedy Fry,Liberal,British Columbia,Vancouver Centre,British Columbia (Vancouver Centre),42,https://en.wikipedia.org/wiki/List_of_House_members_of_the_42nd_Parliament_of_Canada,liberal,,,hedy-fry
Hélène Laverdière,Hélène Laverdière,NDP,Quebec,Laurier—Sainte-Marie,Quebec (Laurier—Sainte-Marie),42,https://en.wikipedia.org/wiki/List_of_House_members_of_the_42nd_Parliament_of_Canada,ndp,,,hélène-laverdière
Iqra Khalid,Iqra Khalid,Liberal,Ontario,Mississauga—Erin Mills,Ontario (Mississauga—Erin Mills),42,https://en.wikipedia.org/wiki/List_of_House_members_of_the_42nd_Parliament_of_Canada,liberal,,,iqra-khalid
Irene Mathyssen,Irene Mathyssen,NDP,Ontario,London—Fanshawe,Ontario (London—Fanshawe),42,https://en.wikipedia.org/wiki/List_of_House_members_of_the_42nd_Parliament_of_Canada,ndp,,,irene-mathyssen
Jacques Gourde,Jacques Gourde,Conservative,Quebec,Lévis—Lotbinière,Quebec (Lévis—Lotbinière),42,https://en.wikipedia.org/wiki/List_of_House_members_of_the_42nd_Parliament_of_Canada,conservative,,,jacques-gourde
James Bezan,James Bezan,Conservative,Manitoba,Selkirk—Interlake—Eastman,Manitoba (Selkirk—Interlake—Eastman),42,https://en.wikipedia.org/wiki/List_of_House_members_of_the_42nd_Parliament_of_Canada,conservative,,,james-bezan
James Maloney,James Maloney (lawyer),Liberal,Ontario,Etobicoke—Lakeshore,Ontario (Etobicoke—Lakeshore),42,https://en.wikipedia.org/wiki/List_of_House_members_of_the_42nd_Parliament_of_Canada,liberal,,,james-maloney
Jamie Schmale,Jamie Schmale,Conservative,Ontario,Haliburton—Kawartha Lakes—Brock,Ontario (Haliburton—Kawartha Lakes—Brock),42,https://en.wikipedia.org/wiki/List_of_House_members_of_the_42nd_Parliament_of_Canada,conservative,,,jamie-schmale
Jane Philpott,Jane Philpott,Liberal,Ontario,Markham—Stouffville,Ontario (Markham—Stouffville),42,https://en.wikipedia.org/wiki/List_of_House_members_of_the_42nd_Parliament_of_Canada,liberal,,,jane-philpott
Jason Kenney,Jason Kenney,Conservative,Alberta,Calgary Midnapore,Alberta (Calgary Midnapore),42,https://en.wikipedia.org/wiki/List_of_House_members_of_the_42nd_Parliament_of_Canada,conservative,2016-09-23,,jason-kenney
Jati Sidhu,Jati Sidhu,Liberal,British Columbia,Mission—Matsqui—Fraser Canyon,British Columbia (Mission—Matsqui—Fraser Canyon),42,https://en.wikipedia.org/wiki/List_of_House_members_of_the_42nd_Parliament_of_Canada,liberal,,,jati-sidhu
Jean Rioux,Jean Rioux,Liberal,Quebec,Saint-Jean,Quebec (Saint-Jean),42,https://en.wikipedia.org/wiki/List_of_House_members_of_the_42nd_Parliament_of_Canada,liberal,,,jean-rioux
Jean-Claude Poissant,Jean-Claude Poissant,Liberal,Quebec,La Prairie,Quebec (La Prairie),42,https://en.wikipedia.org/wiki/List_of_House_members_of_the_42nd_Parliament_of_Canada,liberal,,,jean-claude-poissant
Jean-Yves Duclos,Jean-Yves Duclos,Liberal,Quebec,Québec,Quebec (Québec),42,https://en.wikipedia.org/wiki/List_of_House_members_of_the_42nd_Parliament_of_Canada,liberal,,,jean-yves-duclos
Jennifer O'Connell,Jennifer O'Connell,Liberal,Ontario,Pickering—Uxbridge,Ontario (Pickering—Uxbridge),42,https://en.wikipedia.org/wiki/List_of_House_members_of_the_42nd_Parliament_of_Canada,liberal,,,jennifer-o'connell
Jenny Kwan,Jenny Kwan,NDP,British Columbia,Vancouver East,British Columbia (Vancouver East),42,https://en.wikipedia.org/wiki/List_of_House_members_of_the_42nd_Parliament_of_Canada,ndp,,,jenny-kwan
Jim Carr,Jim Carr,Liberal,Manitoba,Winnipeg South Centre,Manitoba (Winnipeg South Centre),42,https://en.wikipedia.org/wiki/List_of_House_members_of_the_42nd_Parliament_of_Canada,liberal,,,jim-carr
Jim Eglinski,Jim Eglinski,Conservative,Alberta,Yellowhead,Alberta (Yellowhead),42,https://en.wikipedia.org/wiki/List_of_House_members_of_the_42nd_Parliament_of_Canada,conservative,,,jim-eglinski
Jim Hillyer,Jim Hillyer (politician),Conservative,Alberta,Medicine Hat—Cardston—Warner,Alberta (Medicine Hat—Cardston—Warner),42,https://en.wikipedia.org/wiki/List_of_House_members_of_the_42nd_Parliament_of_Canada,conservative,2016-03-23,,jim-hillyer
Jody Wilson-Raybould,Jody Wilson-Raybould,Liberal,British Columbia,Vancouver Granville,British Columbia (Vancouver Granville),42,https://en.wikipedia.org/wiki/List_of_House_members_of_the_42nd_Parliament_of_Canada,liberal,,,jody-wilson-raybould
Joe Peschisolido,Joe Peschisolido,Liberal,British Columbia,Steveston—Richmond East,British Columbia (Steveston—Richmond East),42,https://en.wikipedia.org/wiki/List_of_House_members_of_the_42nd_Parliament_of_Canada,liberal,,,joe-peschisolido
John Aldag,John Aldag,Liberal,British Columbia,Cloverdale—Langley City,British Columbia (Cloverdale—Langley City),42,https://en.wikipedia.org/wiki/List_of_House_members_of_the_42nd_Parliament_of_Canada,liberal,,,john-aldag
John Barlow,John Barlow (Canadian politician),Conservative,Alberta,Foothills,Alberta (Foothills),42,https://en.wikipedia.org/wiki/List_of_House_members_of_the_42nd_Parliament_of_Canada,conservative,,,john-barlow
John Brassard,John Brassard,Conservative,Ontario,Barrie—Innisfil,Ontario (Barrie—Innisfil),42,https://en.wikipedia.org/wiki/List_of_House_members_of_the_42nd_Parliament_of_Canada,conservative,,,john-brassard
John McCallum,John McCallum,Liberal,Ontario,Markham—Thornhill,Ontario (Markham—Thornhill),42,https://en.wikipedia.org/wiki/List_of_House_members_of_the_42nd_Parliament_of_Canada,liberal,2017-01-31,,john-mccallum
John McKay,John McKay (politician),Liberal,Ontario,Scarborough—Guildwood,Ontario (Scarborough—Guildwood),42,https://en.wikipedia.org/wiki/List_of_House_members_of_the_42nd_Parliament_of_Canada,liberal,,,john-mckay
John Nater,John Nater,Conservative,Ontario,Perth—Wellington,Ontario (Perth—Wellington),42,https://en.wikipedia.org/wiki/List_of_House_members_of_the_42nd_Parliament_of_Canada,conservative,,,john-nater
John Oliver,John Oliver (Ontario politician),Liberal,Ontario,Oakville,Ontario (Oakville),42,https://en.wikipedia.org/wiki/List_of_House_members_of_the_42nd_Parliament_of_Canada,liberal,,,john-oliver
Jonathan Wilkinson,Jonathan Wilkinson (politician),Liberal,British Columbia,North Vancouver,British Columbia (North Vancouver),42,https://en.wikipedia.org/wiki/List_of_House_members_of_the_42nd_Parliament_of_Canada,liberal,,,jonathan-wilkinson
Joyce Murray,Joyce Murray,Liberal,British Columbia,Vancouver Quadra,British Columbia (Vancouver Quadra),42,https://en.wikipedia.org/wiki/List_of_House_members_of_the_42nd_Parliament_of_Canada,liberal,,,joyce-murray
Joël Godin,Joël Godin,Conservative,Quebec,Portneuf—Jacques-Cartier,Quebec (Portneuf—Jacques-Cartier),42,https://en.wikipedia.org/wiki/List_of_House_members_of_the_42nd_Parliament_of_Canada,conservative,,,joël-godin
Joël Lightbound,Joël Lightbound,Liberal,Quebec,Louis-Hébert,Quebec (Louis-Hébert),42,https://en.wikipedia.org/wiki/List_of_House_members_of_the_42nd_Parliament_of_Canada,liberal,,,joël-lightbound
Judy Foote,Judy Foote,Liberal,Newfoundland and Labrador,Bonavista—Burin—Trinity,Newfoundland and Labrador (Bonavista—Burin—Trinity),42,https://en.wikipedia.org/wiki/List_of_House_members_of_the_42nd_Parliament_of_Canada,liberal,,,judy-foote
Judy Sgro,Judy Sgro,Liberal,Ontario,Humber River—Black Creek,Ontario (Humber River—Black Creek),42,https://en.wikipedia.org/wiki/List_of_House_members_of_the_42nd_Parliament_of_Canada,liberal,,,judy-sgro
Julie Dabrusin,Julie Dabrusin,Liberal,Ontario,Toronto—Danforth,Ontario (Toronto—Danforth),42,https://en.wikipedia.org/wiki/List_of_House_members_of_the_42nd_Parliament_of_Canada,liberal,,,julie-dabrusin
Julie Dzerowicz,Julie Dzerowicz,Liberal,Ontario,Davenport,Ontario (Davenport),42,https://en.wikipedia.org/wiki/List_of_House_members_of_the_42nd_Parliament_of_Canada,liberal,,,julie-dzerowicz
Justin Trudeau,Justin Trudeau,Liberal,Quebec,Papineau,Quebec (Papineau),42,https://en.wikipedia.org/wiki/List_of_House_members_of_the_42nd_Parliament_of_Canada,liberal,,,justin-trudeau
Kamal Khera,Kamal Khera,Liberal,Ontario,Brampton West,Ontario (Brampton West),42,https://en.wikipedia.org/wiki/List_of_House_members_of_the_42nd_Parliament_of_Canada,liberal,,,kamal-khera
Karen Ludwig,Karen Ludwig,Liberal,New Brunswick,New Brunswick Southwest,New Brunswick (New Brunswick Southwest),42,https://en.wikipedia.org/wiki/List_of_House_members_of_the_42nd_Parliament_of_Canada,liberal,,,karen-ludwig
Karen McCrimmon,Karen McCrimmon,Liberal,Ontario,Kanata—Carleton,Ontario (Kanata—Carleton),42,https://en.wikipedia.org/wiki/List_of_House_members_of_the_42nd_Parliament_of_Canada,liberal,,,karen-mccrimmon
Karen Vecchio,Karen Vecchio,Conservative,Ontario,Elgin—Middlesex—London,Ontario (Elgin—Middlesex—London),42,https://en.wikipedia.org/wiki/List_of_House_members_of_the_42nd_Parliament_of_Canada,conservative,,,karen-vecchio
Karina Gould,Karina Gould,Liberal,Ontario,Burlington,Ontario (Burlington),42,https://en.wikipedia.org/wiki/List_of_House_members_of_the_42nd_Parliament_of_Canada,liberal,,,karina-gould
Karine Trudel,Karine Trudel,NDP,Quebec,Jonquière,Quebec (Jonquière),42,https://en.wikipedia.org/wiki/List_of_House_members_of_the_42nd_Parliament_of_Canada,ndp,,,karine-trudel
Kate Young,Kate Young (politician),Liberal,Ontario,London West,Ontario (London West),42,https://en.wikipedia.org/wiki/List_of_House_members_of_the_42nd_Parliament_of_Canada,liberal,,,kate-young
Kellie Leitch,Kellie Leitch,Conservative,Ontario,Simcoe—Grey,Ontario (Simcoe—Grey),42,https://en.wikipedia.org/wiki/List_of_House_members_of_the_42nd_Parliament_of_Canada,conservative,,,kellie-leitch
Kelly Block,Kelly Block,Conservative,Saskatchewan,Carlton Trail—Eagle Creek,Saskatchewan (Carlton Trail—Eagle Creek),42,https://en.wikipedia.org/wiki/List_of_House_members_of_the_42nd_Parliament_of_Canada,conservative,,,kelly-block
Kelly McCauley,Kelly McCauley,Conservative,Alberta,Edmonton West,Alberta (Edmonton West),42,https://en.wikipedia.org/wiki/List_of_House_members_of_the_42nd_Parliament_of_Canada,conservative,,,kelly-mccauley
Ken Hardie,Ken Hardie,Liberal,British Columbia,Fleetwood—Port Kells,British Columbia (Fleetwood—Port Kells),42,https://en.wikipedia.org/wiki/List_of_House_members_of_the_42nd_Parliament_of_Canada,liberal,,,ken-hardie
Ken McDonald,Ken McDonald (politician),Liberal,Newfoundland and Labrador,Avalon,Newfoundland and Labrador (Avalon),42,https://en.wikipedia.org/wiki/List_of_House_members_of_the_42nd_Parliament_of_Canada,liberal,,,ken-mcdonald
Kennedy Stewart,Kennedy Stewart (Canadian politician),NDP,British Columbia,Burnaby South,British Columbia (Burnaby South),42,https://en.wikipedia.org/wiki/List_of_House_members_of_the_42nd_Parliament_of_Canada,ndp,,,kennedy-stewart
Kent Hehr,Kent Hehr,Liberal,Alberta,Calgary Centre,Alberta (Calgary Centre),42,https://en.wikipedia.org/wiki/List_of_House_members_of_the_42nd_Parliament_of_Canada,liberal,,,kent-hehr
Kerry Diotte,Kerry Diotte,Conservative,Alberta,Edmonton Griesbach,Alberta (Edmonton Griesbach),42,https://en.wikipedia.org/wiki/List_of_House_members_of_the_42nd_Parliament_of_Canada,conservative,,,kerry-diotte
Kevin Lamoureux,Kevin Lamoureux,Liberal,Manitoba,Winnipeg North,Manitoba (Winnipeg North),42,https://en.wikipedia.org/wiki/List_of_House_members_of_the_42nd_Parliament_of_Canada,liberal,,,kevin-lamoureux
Kevin Sorenson,Kevin Sorenson,Conservative,Alberta,Battle River—Crowfoot,Alberta (Battle River—Crowfoot),42,https://en.wikipedia.org/wiki/List_of_House_members_of_the_42nd_Parliament_of_Canada,conservative,,,kevin-sorenson
Kevin Waugh,Kevin Waugh,Conservative,Saskatchewan,Saskatoon—Grasswood,Saskatchewan (Saskatoon—Grasswood),42,https://en.wikipedia.org/wiki/List_of_House_members_of_the_42nd_Parliament_of_Canada,conservative,,,kevin-waugh
Kim Rudd,Kim Rudd,Liberal,Ontario,Northumberland—Peterborough South,Ontario (Northumberland—Peterborough South),42,https://en.wikipedia.org/wiki/List_of_House_members_of_the_42nd_Parliament_of_Canada,liberal,,,kim-rudd
Kirsty Duncan,Kirsty Duncan,Liberal,Ontario,Etobicoke North,Ontario (Etobicoke North),42,https://en.wikipedia.org/wiki/List_of_House_members_of_the_42nd_Parliament_of_Canada,liberal,,,kirsty-duncan
Kyle Peterson,Kyle Peterson (politician),Liberal,Ontario,Newmarket—Aurora,Ontario (Newmarket—Aurora),42,https://en.wikipedia.org/wiki/List_of_House_members_of_the_42nd_Parliament_of_Canada,liberal,,,kyle-peterson
Larry Maguire,Larry Maguire,Conservative,Manitoba,Brandon—Souris,Manitoba (Brandon—Souris),42,https://en.wikipedia.org/wiki/List_of_House_members_of_the_42nd_Parliament_of_Canada,conservative,,,larry-maguire
Larry Miller,Larry Miller (Canadian politician),Conservative,Ontario,Bruce—Grey—Owen Sound,Ontario (Bruce—Grey—Owen Sound),42,https://en.wikipedia.org/wiki/List_of_House_members_of_the_42nd_Parliament_of_Canada,conservative,,,larry-miller
Lawrence MacAulay,Lawrence MacAulay,Liberal,Prince Edward Island,Cardigan,Prince Edward Island (Cardigan),42,https://en.wikipedia.org/wiki/List_of_House_members_of_the_42nd_Parliament_of_Canada,liberal,,,lawrence-macaulay
Len Webber,Len Webber,Conservative,Alberta,Calgary Confederation,Alberta (Calgary Confederation),42,https://en.wikipedia.org/wiki/List_of_House_members_of_the_42nd_Parliament_of_Canada,conservative,,,len-webber
Leona Alleslev,Leona Alleslev,Liberal,Ontario,Aurora—Oak Ridges—Richmond Hill,Ontario (Aurora—Oak Ridges—Richmond Hill),42,https://en.wikipedia.org/wiki/List_of_House_members_of_the_42nd_Parliament_of_Canada,liberal,,,leona-alleslev
Linda Duncan,Linda Duncan,NDP,Alberta,Edmonton Strathcona,Alberta (Edmonton Strathcona),42,https://en.wikipedia.org/wiki/List_of_House_members_of_the_42nd_Parliament_of_Canada,ndp,,,linda-duncan
Linda Lapointe,Linda Lapointe,Liberal,Quebec,Rivière-des-Mille-Îles,Quebec (Rivière-des-Mille-Îles),42,https://en.wikipedia.org/wiki/List_of_House_members_of_the_42nd_Parliament_of_Canada,liberal,,,linda-lapointe
Lisa Raitt,Lisa Raitt,Conservative,Ontario,Milton,Ontario (Milton),42,https://en.wikipedia.org/wiki/List_of_House_members_of_the_42nd_Parliament_of_Canada,conservative,,,lisa-raitt
Lloyd Longfield,Lloyd Longfield,Liberal,Ontario,Guelph,Ontario (Guelph),42,https://en.wikipedia.org/wiki/List_of_House_members_of_the_42nd_Parliament_of_Canada,liberal,,,lloyd-longfield
Louis Plamondon,Louis Plamondon,Bloc Québécois,Quebec,Bécancour—Nicolet—Saurel,Quebec (Bécancour—Nicolet—Saurel),42,https://en.wikipedia.org/wiki/List_of_House_members_of_the_42nd_Parliament_of_Canada,bloc_québécois,,,louis-plamondon
Luc Berthold,Luc Berthold,Conservative,Quebec,Mégantic—L'Érable,Quebec (Mégantic—L'Érable),42,https://en.wikipedia.org/wiki/List_of_House_members_of_the_42nd_Parliament_of_Canada,conservative,,,luc-berthold
Luc Thériault,Luc Thériault,Bloc Québécois,Quebec,Montcalm,Quebec (Montcalm),42,https://en.wikipedia.org/wiki/List_of_House_members_of_the_42nd_Parliament_of_Canada,bloc_québécois,,,luc-thériault
Majid Jowhari,Majid Jowhari,Liberal,Ontario,Richmond Hill,Ontario (Richmond Hill),42,https://en.wikipedia.org/wiki/List_of_House_members_of_the_42nd_Parliament_of_Canada,liberal,,,majid-jowhari
Marc Garneau,Marc Garneau,Liberal,Quebec,Notre-Dame-de-Grâce—Westmount,Quebec (Notre-Dame-de-Grâce—Westmount),42,https://en.wikipedia.org/wiki/List_of_House_members_of_the_42nd_Parliament_of_Canada,liberal,,,marc-garneau
Marc Miller,Marc Miller (politician),Liberal,Quebec,Ville-Marie—Le Sud-Ouest—Île-des-Sœurs,Quebec (Ville-Marie—Le Sud-Ouest—Île-des-Sœurs),42,https://en.wikipedia.org/wiki/List_of_House_members_of_the_42nd_Parliament_of_Canada,liberal,,,marc-miller
Marc Serré,Marc Serré,Liberal,Ontario,Nickel Belt,Ontario (Nickel Belt),42,https://en.wikipedia.org/wiki/List_of_House_members_of_the_42nd_Parliament_of_Canada,liberal,,,marc-serré
Marco Mendicino,Marco Mendicino,Liberal,Ontario,Eglinton—Lawrence,Ontario (Eglinton—Lawrence),42,https://en.wikipedia.org/wiki/List_of_House_members_of_the_42nd_Parliament_of_Canada,liberal,,,marco-mendicino
Marie-Claude Bibeau,Marie-Claude Bibeau,Liberal,Quebec,Compton—Stanstead,Quebec (Compton—Stanstead),42,https://en.wikipedia.org/wiki/List_of_House_members_of_the_42nd_Parliament_of_Canada,liberal,,,marie-claude-bibeau
Marilyn Gladu,Marilyn Gladu,Conservative,Ontario,Sarnia—Lambton,Ontario (Sarnia—Lambton),42,https://en.wikipedia.org/wiki/List_of_House_members_of_the_42nd_Parliament_of_Canada,conservative,,,marilyn-gladu
Marilène Gill,Marilène Gill,Bloc Québécois,Quebec,Manicouagan,Quebec (Manicouagan),42,https://en.wikipedia.org/wiki/List_of_House_members_of_the_42nd_Parliament_of_Canada,bloc_québécois,,,marilène-gill
Mario Beaulieu,Mario Beaulieu (politician),Bloc Québécois,Quebec,La Pointe-de-l'Île,Quebec (La Pointe-de-l'Île),42,https://en.wikipedia.org/wiki/List_of_House_members_of_the_42nd_Parliament_of_Canada,bloc_québécois,,,mario-beaulieu
Marjolaine Boutin-Sweet,Marjolaine Boutin-Sweet,NDP,Quebec,Hochelaga,Quebec (Hochelaga),42,https://en.wikipedia.org/wiki/List_of_House_members_of_the_42nd_Parliament_of_Canada,ndp,,,marjolaine-boutin-sweet
Mark Eyking,Mark Eyking,Liberal,Nova Scotia,Sydney—Victoria,Nova Scotia (Sydney—Victoria),42,https://en.wikipedia.org/wiki/List_of_House_members_of_the_42nd_Parliament_of_Canada,liberal,,,mark-eyking
Mark Gerretsen,Mark Gerretsen,Liberal,Ontario,Kingston and the Islands,Ontario (Kingston and the Islands),42,https://en.wikipedia.org/wiki/List_of_House_members_of_the_42nd_Parliament_of_Canada,liberal,,,mark-gerretsen
Mark Holland,Mark Holland,Liberal,Ontario,Ajax,Ontario (Ajax),42,https://en.wikipedia.org/wiki/List_of_House_members_of_the_42nd_Parliament_of_Canada,liberal,,,mark-holland
Mark Strahl,Mark Strahl,Conservative,British Columbia,Chilliwack—Hope,British Columbia (Chilliwack—Hope),42,https://en.wikipedia.org/wiki/List_of_House_members_of_the_42nd_Parliament_of_Canada,conservative,,,mark-strahl
Mark Warawa,Mark Warawa,Conservative,British Columbia,Langley—Aldergrove,British Columbia (Langley—Aldergrove),42,https://en.wikipedia.org/wiki/List_of_House_members_of_the_42nd_Parliament_of_Canada,conservative,,,mark-warawa
Martin Shields,Martin Shields,Conservative,Alberta,Bow River,Alberta (Bow River),42,https://en.wikipedia.org/wiki/List_of_House_members_of_the_42nd_Parliament_of_Canada,conservative,,,martin-shields
Marwan Tabbara,Marwan Tabbara,Liberal,Ontario,Kitchener South—Hespeler,Ontario (Kitchener South—Hespeler),42,https://en.wikipedia.org/wiki/List_of_House_members_of_the_42nd_Parliament_of_Canada,liberal,,,marwan-tabbara
Mary Ng,Mary Ng,Liberal,Ontario,Markham—Thornhill,Ontario (Markham—Thornhill),42,https://en.wikipedia.org/wiki/List_of_House_members_of_the_42nd_Parliament_of_Canada,liberal,,,mary-ng
MaryAnn Mihychuk,MaryAnn Mihychuk,Liberal,Manitoba,Kildonan—St. Paul,Manitoba (Kildonan—St. Paul),42,https://en.wikipedia.org/wiki/List_of_House_members_of_the_42nd_Parliament_of_Canada,liberal,,,maryann-mihychuk
Maryam Monsef,Maryam Monsef,Liberal,Ontario,Peterborough—Kawartha,Ontario (Peterborough—Kawartha),42,https://en.wikipedia.org/wiki/List_of_House_members_of_the_42nd_Parliament_of_Canada,liberal,,,maryam-monsef
Matt DeCourcey,Matt DeCourcey,Liberal,New Brunswick,Fredericton,New Brunswick (Fredericton),42,https://en.wikipedia.org/wiki/List_of_House_members_of_the_42nd_Parliament_of_Canada,liberal,,,matt-decourcey
Matt Jeneroux,Matt Jeneroux,Conservative,Alberta,Edmonton Riverbend,Alberta (Edmonton Riverbend),42,https://en.wikipedia.org/wiki/List_of_House_members_of_the_42nd_Parliament_of_Canada,conservative,,,matt-jeneroux
Matthew Dubé,Matthew Dubé,NDP,Quebec,Beloeil—Chambly,Quebec (Beloeil—Chambly),42,https://en.wikipedia.org/wiki/List_of_House_members_of_the_42nd_Parliament_of_Canada,ndp,,,matthew-dubé
Mauril Bélanger,Mauril Bélanger,Liberal,Ontario,Ottawa—Vanier,Ontario (Ottawa—Vanier),42,https://en.wikipedia.org/wiki/List_of_House_members_of_the_42nd_Parliament_of_Canada,liberal,2016-08-16,,mauril-bélanger
Maxime Bernier,Maxime Bernier,Conservative,Quebec,Beauce,Quebec (Beauce),42,https://en.wikipedia.org/wiki/List_of_House_members_of_the_42nd_Parliament_of_Canada,conservative,,,maxime-bernier
Mel Arnold,Mel Arnold,Conservative,British Columbia,North Okanagan—Shuswap,British Columbia (North Okanagan—Shuswap),42,https://en.wikipedia.org/wiki/List_of_House_members_of_the_42nd_Parliament_of_Canada,conservative,,,mel-arnold
Michael Chong,Michael Chong,Conservative,Ontario,Wellington—Halton Hills,Ontario (Wellington—Halton Hills),42,https://en.wikipedia.org/wiki/List_of_House_members_of_the_42nd_Parliament_of_Canada,conservative,,,michael-chong
Michael Cooper,Michael Cooper (politician),Conservative,Alberta,St. Albert—Edmonton,Alberta (St. Albert—Edmonton),42,https://en.wikipedia.org/wiki/List_of_House_members_of_the_42nd_Parliament_of_Canada,conservative,,,michael-cooper
Michael Levitt,Michael Levitt (politician),Liberal,Ontario,York Centre,Ontario (York Centre),42,https://en.wikipedia.org/wiki/List_of_House_members_of_the_42nd_Parliament_of_Canada,liberal,,,michael-levitt
Michael McLeod,Michael McLeod (politician),Liberal,The North,Northwest Territories,The North (Northwest Territories),42,https://en.wikipedia.org/wiki/List_of_House_members_of_the_42nd_Parliament_of_Canada,liberal,,,michael-mcleod
Michel Boudrias,Michel Boudrias,Bloc Québécois,Quebec,Terrebonne,Quebec (Terrebonne),42,https://en.wikipedia.org/wiki/List_of_House_members_of_the_42nd_Parliament_of_Canada,bloc_québécois,,,michel-boudrias
Michel Picard,Michel Picard (politician),Liberal,Quebec,Montarville,Quebec (Montarville),42,https://en.wikipedia.org/wiki/List_of_House_members_of_the_42nd_Parliament_of_Canada,liberal,,,michel-picard
Michelle Rempel,Michelle Rempel,Conservative,Alberta,Calgary Nose Hill,Alberta (Calgary Nose Hill),42,https://en.wikipedia.org/wiki/List_of_House_members_of_the_42nd_Parliament_of_Canada,conservative,,,michelle-rempel
Mike Bossio,Mike Bossio,Liberal,Ontario,Hastings—Lennox and Addington,Ontario (Hastings—Lennox and Addington),42,https://en.wikipedia.org/wiki/List_of_House_members_of_the_42nd_Parliament_of_Canada,liberal,,,mike-bossio
Mike Lake,Mike Lake (politician),Conservative,Alberta,Edmonton—Wetaskiwin,Alberta (Edmonton—Wetaskiwin),42,https://en.wikipedia.org/wiki/List_of_House_members_of_the_42nd_Parliament_of_Canada,conservative,,,mike-lake
Mona Fortier,Mona Fortier,Liberal,Ontario,Ottawa—Vanier,Ontario (Ottawa—Vanier),42,https://en.wikipedia.org/wiki/List_of_House_members_of_the_42nd_Parliament_of_Canada,liberal,,,mona-fortier
Monique Pauzé,Monique Pauzé,Bloc Québécois,Quebec,Repentigny,Quebec (Repentigny),42,https://en.wikipedia.org/wiki/List_of_House_members_of_the_42nd_Parliament_of_Canada,bloc_québécois,,,monique-pauzé
Murray Rankin,Murray Rankin,NDP,British Columbia,Victoria,British Columbia (Victoria),42,https://en.wikipedia.org/wiki/List_of_House_members_of_the_42nd_Parliament_of_Canada,ndp,,,murray-rankin
Mélanie Joly,Mélanie Joly,Liberal,Quebec,Ahuntsic-Cartierville,Quebec (Ahuntsic-Cartierville),42,https://en.wikipedia.org/wiki/List_of_House_members_of_the_42nd_Parliament_of_Canada,liberal,,,mélanie-joly
Nathan Cullen,Nathan Cullen,NDP,British Columbia,Skeena—Bulkley Valley,British Columbia (Skeena—Bulkley Valley),42,https://en.wikipedia.org/wiki/List_of_House_members_of_the_42nd_Parliament_of_Canada,ndp,,,nathan-cullen
Nathaniel Erskine-Smith,Nathaniel Erskine-Smith,Liberal,Ontario,Beaches—East York,Ontario (Beaches—East York),42,https://en.wikipedia.org/wiki/List_of_House_members_of_the_42nd_Parliament_of_Canada,liberal,,,nathaniel-erskine-smith
Navdeep Bains,Navdeep Bains,Liberal,Ontario,Mississauga—Malton,Ontario (Mississauga—Malton),42,https://en.wikipedia.org/wiki/List_of_House_members_of_the_42nd_Parliament_of_Canada,liberal,,,navdeep-bains
Neil Ellis,Neil Ellis (politician),Liberal,Ontario,Bay of Quinte,Ontario (Bay of Quinte),42,https://en.wikipedia.org/wiki/List_of_House_members_of_the_42nd_Parliament_of_Canada,liberal,,,neil-ellis
Nick Whalen,Nick Whalen,Liberal,Newfoundland and Labrador,St. John's East,Newfoundland and Labrador (St. John's East),42,https://en.wikipedia.org/wiki/List_of_House_members_of_the_42nd_Parliament_of_Canada,liberal,,,nick-whalen
Nicola Di Iorio,Nicola Di Iorio,Liberal,Quebec,Saint-Léonard—Saint-Michel,Quebec (Saint-Léonard—Saint-Michel),42,https://en.wikipedia.org/wiki/List_of_House_members_of_the_42nd_Parliament_of_Canada,liberal,,,nicola-di-iorio
Niki Ashton,Niki Ashton,NDP,Manitoba,Churchill—Keewatinook Aski,Manitoba (Churchill—Keewatinook Aski),42,https://en.wikipedia.org/wiki/List_of_House_members_of_the_42nd_Parliament_of_Canada,ndp,,,niki-ashton
Omar Alghabra,Omar Alghabra,Liberal,Ontario,Mississauga Centre,Ontario (Mississauga Centre),42,https://en.wikipedia.org/wiki/List_of_House_members_of_the_42nd_Parliament_of_Canada,liberal,,,omar-alghabra
Pablo Rodríguez,Pablo Rodríguez (Canadian politician),Liberal,Quebec,Honoré-Mercier,Quebec (Honoré-Mercier),42,https://en.wikipedia.org/wiki/List_of_House_members_of_the_42nd_Parliament_of_Canada,liberal,,,pablo-rodríguez
Pam Damoff,Pam Damoff,Liberal,Ontario,Oakville North—Burlington,Ontario (Oakville North—Burlington),42,https://en.wikipedia.org/wiki/List_of_House_members_of_the_42nd_Parliament_of_Canada,liberal,,,pam-damoff
Pamela Goldsmith-Jones,Pamela Goldsmith-Jones,Liberal,British Columbia,West Vancouver—Sunshine Coast—Sea to Sky Country,British Columbia (West Vancouver—Sunshine Coast—Sea to Sky Country),42,https://en.wikipedia.org/wiki/List_of_House_members_of_the_42nd_Parliament_of_Canada,liberal,,,pamela-goldsmith-jones
Pat Finnigan,Pat Finnigan,Liberal,New Brunswick,Miramichi—Grand Lake,New Brunswick (Miramichi—Grand Lake),42,https://en.wikipedia.org/wiki/List_of_House_members_of_the_42nd_Parliament_of_Canada,liberal,,,pat-finnigan
Pat Kelly,Pat Kelly (politician),Conservative,Alberta,Calgary Rocky Ridge,Alberta (Calgary Rocky Ridge),42,https://en.wikipedia.org/wiki/List_of_House_members_of_the_42nd_Parliament_of_Canada,conservative,,,pat-kelly
Patty Hajdu,Patty Hajdu,Liberal,Ontario,Thunder Bay—Superior North,Ontario (Thunder Bay—Superior North),42,https://en.wikipedia.org/wiki/List_of_House_members_of_the_42nd_Parliament_of_Canada,liberal,,,patty-hajdu
Paul Lefebvre,Paul Lefebvre,Liberal,Ontario,Sudbury,Ontario (Sudbury),42,https://en.wikipedia.org/wiki/List_of_House_members_of_the_42nd_Parliament_of_Canada,liberal,,,paul-lefebvre
Peter Fonseca,Peter Fonseca,Liberal,Ontario,Mississauga East—Cooksville,Ontario (Mississauga East—Cooksville),42,https://en.wikipedia.org/wiki/List_of_House_members_of_the_42nd_Parliament_of_Canada,liberal,,,peter-fonseca
Peter Fragiskatos,Peter Fragiskatos,Liberal,Ontario,London North Centre,Ontario (London North Centre),42,https://en.wikipedia.org/wiki/List_of_House_members_of_the_42nd_Parliament_of_Canada,liberal,,,peter-fragiskatos
Peter Julian,Peter Julian,NDP,British Columbia,New Westminster—Burnaby,British Columbia (New Westminster—Burnaby),42,https://en.wikipedia.org/wiki/List_of_House_members_of_the_42nd_Parliament_of_Canada,ndp,,,peter-julian
Peter Kent,Peter Kent,Conservative,Ontario,Thornhill,Ontario (Thornhill),42,https://en.wikipedia.org/wiki/List_of_House_members_of_the_42nd_Parliament_of_Canada,conservative,,,peter-kent
Peter Schiefke,Peter Schiefke,Liberal,Quebec,Vaudreuil—Soulanges,Quebec (Vaudreuil—Soulanges),42,https://en.wikipedia.org/wiki/List_of_House_members_of_the_42nd_Parliament_of_Canada,liberal,,,peter-schiefke
Peter Van Loan,Peter Van Loan,Conservative,Ontario,York—Simcoe,Ontario (York—Simcoe),42,https://en.wikipedia.org/wiki/List_of_House_members_of_the_42nd_Parliament_of_Canada,conservative,,,peter-van-loan
Phil McColeman,Phil McColeman,Conservative,Ontario,Brantford—Brant,Ontario (Brantford—Brant),42,https://en.wikipedia.org/wiki/List_of_House_members_of_the_42nd_Parliament_of_Canada,conservative,,,phil-mccoleman
Pierre Breton,Pierre Breton,Liberal,Quebec,Shefford,Quebec (Shefford),42,https://en.wikipedia.org/wiki/List_of_House_members_of_the_42nd_Parliament_of_Canada,liberal,,,pierre-breton
Pierre Nantel,Pierre Nantel,NDP,Quebec,Longueuil—Saint-Hubert,Quebec (Longueuil—Saint-Hubert),42,https://en.wikipedia.org/wiki/List_of_House_members_of_the_42nd_Parliament_of_Canada,ndp,,,pierre-nantel
Pierre Paul-Hus,Pierre Paul-Hus,Conservative,Quebec,Charlesbourg—Haute-Saint-Charles,Quebec (Charlesbourg—Haute-Saint-Charles),42,https://en.wikipedia.org/wiki/List_of_House_members_of_the_42nd_Parliament_of_Canada,conservative,,,pierre-paul-hus
Pierre Poilievre,Pierre Poilievre,Conservative,Ontario,Carleton,Ontario (Carleton),42,https://en.wikipedia.org/wiki/List_of_House_members_of_the_42nd_Parliament_of_Canada,conservative,,,pierre-poilievre
Pierre-Luc Dusseault,Pierre-Luc Dusseault,NDP,Quebec,Sherbrooke,Quebec (Sherbrooke),42,https://en.wikipedia.org/wiki/List_of_House_members_of_the_42nd_Parliament_of_Canada,ndp,,,pierre-luc-dusseault
Rachael Harder,Rachael Harder,Conservative,Alberta,Lethbridge,Alberta (Lethbridge),42,https://en.wikipedia.org/wiki/List_of_House_members_of_the_42nd_Parliament_of_Canada,conservative,,,rachael-harder
Rachel Blaney,Rachel Blaney,NDP,British Columbia,North Island—Powell River,British Columbia (North Island—Powell River),42,https://en.wikipedia.org/wiki/List_of_House_members_of_the_42nd_Parliament_of_Canada,ndp,,,rachel-blaney
Raj Grewal,Raj Grewal,Liberal,Ontario,Brampton East,Ontario (Brampton East),42,https://en.wikipedia.org/wiki/List_of_House_members_of_the_42nd_Parliament_of_Canada,liberal,,,raj-grewal
Raj Saini,Raj Saini,Liberal,Ontario,Kitchener Centre,Ontario (Kitchener Centre),42,https://en.wikipedia.org/wiki/List_of_House_members_of_the_42nd_Parliament_of_Canada,liberal,,,raj-saini
Ralph Goodale,Ralph Goodale,Liberal,Saskatchewan,Regina—Wascana,Saskatchewan (Regina—Wascana),42,https://en.wikipedia.org/wiki/List_of_House_members_of_the_42nd_Parliament_of_Canada,liberal,,,ralph-goodale
Ramesh Sangha,Ramesh Sangha,Liberal,Ontario,Brampton Centre,Ontario (Brampton Centre),42,https://en.wikipedia.org/wiki/List_of_House_members_of_the_42nd_Parliament_of_Canada,liberal,,,ramesh-sangha
Ramez Ayoub,Ramez Ayoub,Liberal,Quebec,Thérèse-De Blainville,Quebec (Thérèse-De Blainville),42,https://en.wikipedia.org/wiki/List_of_House_members_of_the_42nd_Parliament_of_Canada,liberal,,,ramez-ayoub
Randall Garrison,Randall Garrison,NDP,British Columbia,Esquimalt—Saanich—Sooke,British Columbia (Esquimalt—Saanich—Sooke),42,https://en.wikipedia.org/wiki/List_of_House_members_of_the_42nd_Parliament_of_Canada,ndp,,,randall-garrison
Randeep Sarai,Randeep Sarai,Liberal,British Columbia,Surrey Centre,British Columbia (Surrey Centre),42,https://en.wikipedia.org/wiki/List_of_House_members_of_the_42nd_Parliament_of_Canada,liberal,,,randeep-sarai
Randy Boissonnault,Randy Boissonnault,Liberal,Alberta,Edmonton Centre,Alberta (Edmonton Centre),42,https://en.wikipedia.org/wiki/List_of_House_members_of_the_42nd_Parliament_of_Canada,liberal,,,randy-boissonnault
Randy Hoback,Randy Hoback,Conservative,Saskatchewan,Prince Albert,Saskatchewan (Prince Albert),42,https://en.wikipedia.org/wiki/List_of_House_members_of_the_42nd_Parliament_of_Canada,conservative,,,randy-hoback
René Arseneault,René Arseneault,Liberal,New Brunswick,Madawaska—Restigouche,New Brunswick (Madawaska—Restigouche),42,https://en.wikipedia.org/wiki/List_of_House_members_of_the_42nd_Parliament_of_Canada,liberal,,,rené-arseneault
Rhéal Fortin,Rhéal Fortin,Bloc Québécois,Quebec,Rivière-du-Nord,Quebec (Rivière-du-Nord),42,https://en.wikipedia.org/wiki/List_of_House_members_of_the_42nd_Parliament_of_Canada,bloc_québécois,,,rhéal-fortin
Richard Cannings,Richard Cannings (British Columbia politician),NDP,British Columbia,South Okanagan—West Kootenay,British Columbia (South Okanagan—West Kootenay),42,https://en.wikipedia.org/wiki/List_of_House_members_of_the_42nd_Parliament_of_Canada,ndp,,,richard-cannings
Rob Nicholson,Rob Nicholson,Conservative,Ontario,Niagara Falls,Ontario (Niagara Falls),42,https://en.wikipedia.org/wiki/List_of_House_members_of_the_42nd_Parliament_of_Canada,conservative,,,rob-nicholson
Rob Oliphant,Rob Oliphant,Liberal,Ontario,Don Valley West,Ontario (Don Valley West),42,https://en.wikipedia.org/wiki/List_of_House_members_of_the_42nd_Parliament_of_Canada,liberal,,,rob-oliphant
Robert Aubin,Robert Aubin,NDP,Quebec,Trois-Rivières,Quebec (Trois-Rivières),42,https://en.wikipedia.org/wiki/List_of_House_members_of_the_42nd_Parliament_of_Canada,ndp,,,robert-aubin
Robert Kitchen,Robert Kitchen,Conservative,Saskatchewan,Souris—Moose Mountain,Saskatchewan (Souris—Moose Mountain),42,https://en.wikipedia.org/wiki/List_of_House_members_of_the_42nd_Parliament_of_Canada,conservative,,,robert-kitchen
Robert Sopuck,Robert Sopuck,Conservative,Manitoba,Dauphin—Swan River—Neepawa,Manitoba (Dauphin—Swan River—Neepawa),42,https://en.wikipedia.org/wiki/List_of_House_members_of_the_42nd_Parliament_of_Canada,conservative,,,robert-sopuck
Robert-Falcon Ouellette,Robert-Falcon Ouellette,Liberal,Manitoba,Winnipeg Centre,Manitoba (Winnipeg Centre),42,https://en.wikipedia.org/wiki/List_of_House_members_of_the_42nd_Parliament_of_Canada,liberal,,,robert-falcon-ouellette
Rodger Cuzner,Rodger Cuzner,Liberal,Nova Scotia,Cape Breton—Canso,Nova Scotia (Cape Breton—Canso),42,https://en.wikipedia.org/wiki/List_of_House_members_of_the_42nd_Parliament_of_Canada,liberal,,,rodger-cuzner
Romeo Saganash,Romeo Saganash,NDP,Quebec,Abitibi—Baie-James—Nunavik—Eeyou,Quebec (Abitibi—Baie-James—Nunavik—Eeyou),42,https://en.wikipedia.org/wiki/List_of_House_members_of_the_42nd_Parliament_of_Canada,ndp,,,romeo-saganash
Ron Liepert,Ron Liepert,Conservative,Alberta,Calgary Signal Hill,Alberta (Calgary Signal Hill),42,https://en.wikipedia.org/wiki/List_of_House_members_of_the_42nd_Parliament_of_Canada,conservative,,,ron-liepert
Ron McKinnon,Ron McKinnon (politician),Liberal,British Columbia,Coquitlam—Port Coquitlam,British Columbia (Coquitlam—Port Coquitlam),42,https://en.wikipedia.org/wiki/List_of_House_members_of_the_42nd_Parliament_of_Canada,liberal,,,ron-mckinnon
Rona Ambrose,Rona Ambrose,Conservative,Alberta,Sturgeon River—Parkland,Alberta (Sturgeon River—Parkland),42,https://en.wikipedia.org/wiki/List_of_House_members_of_the_42nd_Parliament_of_Canada,conservative,,,rona-ambrose
Ruby Sahota,Ruby Sahota,Liberal,Ontario,Brampton North,Ontario (Brampton North),42,https://en.wikipedia.org/wiki/List_of_House_members_of_the_42nd_Parliament_of_Canada,liberal,,,ruby-sahota
Ruth Ellen Brosseau,Ruth Ellen Brosseau,NDP,Quebec,Berthier—Maskinongé,Quebec (Berthier—Maskinongé),42,https://en.wikipedia.org/wiki/List_of_House_members_of_the_42nd_Parliament_of_Canada,ndp,,,ruth-ellen-brosseau
Rémi Massé,Rémi Massé,Liberal,Quebec,Avignon—La Mitis—Matane—Matapédia,Quebec (Avignon—La Mitis—Matane—Matapédia),42,https://en.wikipedia.org/wiki/List_of_House_members_of_the_42nd_Parliament_of_Canada,liberal,,,rémi-massé
Salma Zahid,Salma Zahid,Liberal,Ontario,Scarborough Centre,Ontario (Scarborough Centre),42,https://en.wikipedia.org/wiki/List_of_House_members_of_the_42nd_Parliament_of_Canada,liberal,,,salma-zahid
Scott Brison,Scott Brison,Liberal,Nova Scotia,Kings—Hants,Nova Scotia (Kings—Hants),42,https://en.wikipedia.org/wiki/List_of_House_members_of_the_42nd_Parliament_of_Canada,liberal,,,scott-brison
Scott Duvall,Scott Duvall,NDP,Ontario,Hamilton Mountain,Ontario (Hamilton Mountain),42,https://en.wikipedia.org/wiki/List_of_House_members_of_the_42nd_Parliament_of_Canada,ndp,,,scott-duvall
Scott Reid,Scott Reid (politician),Conservative,Ontario,Lanark—Frontenac—Kingston,Ontario (Lanark—Frontenac—Kingston),42,https://en.wikipedia.org/wiki/List_of_House_members_of_the_42nd_Parliament_of_Canada,conservative,,,scott-reid
Scott Simms,Scott Simms,Liberal,Newfoundland and Labrador,Coast of Bays—Central—Notre Dame,Newfoundland and Labrador (Coast of Bays—Central—Notre Dame),42,https://en.wikipedia.org/wiki/List_of_House_members_of_the_42nd_Parliament_of_Canada,liberal,,,scott-simms
Seamus O'Regan,Seamus O'Regan,Liberal,Newfoundland and Labrador,St. John's South—Mount Pearl,Newfoundland and Labrador (St. John's South—Mount Pearl),42,https://en.wikipedia.org/wiki/List_of_House_members_of_the_42nd_Parliament_of_Canada,liberal,,,seamus-o'regan
Sean Casey,Sean Casey (Canadian politician),Liberal,Prince Edward Island,Charlottetown,Prince Edward Island (Charlottetown),42,https://en.wikipedia.org/wiki/List_of_House_members_of_the_42nd_Parliament_of_Canada,liberal,,,sean-casey
Sean Fraser,Sean Fraser (politician),Liberal,Nova Scotia,Central Nova,Nova Scotia (Central Nova),42,https://en.wikipedia.org/wiki/List_of_House_members_of_the_42nd_Parliament_of_Canada,liberal,,,sean-fraser
Serge Cormier,Serge Cormier,Liberal,New Brunswick,Acadie—Bathurst,New Brunswick (Acadie—Bathurst),42,https://en.wikipedia.org/wiki/List_of_House_members_of_the_42nd_Parliament_of_Canada,liberal,,,serge-cormier
Shannon Stubbs,Shannon Stubbs,Conservative,Alberta,Lakeland,Alberta (Lakeland),42,https://en.wikipedia.org/wiki/List_of_House_members_of_the_42nd_Parliament_of_Canada,conservative,,,shannon-stubbs
Shaun Chen,Shaun Chen (politician),Liberal,Ontario,Scarborough North,Ontario (Scarborough North),42,https://en.wikipedia.org/wiki/List_of_House_members_of_the_42nd_Parliament_of_Canada,liberal,,,shaun-chen
Sheila Malcolmson,Sheila Malcolmson,NDP,British Columbia,Nanaimo—Ladysmith,British Columbia (Nanaimo—Ladysmith),42,https://en.wikipedia.org/wiki/List_of_House_members_of_the_42nd_Parliament_of_Canada,ndp,,,sheila-malcolmson
Sheri Benson,Sheri Benson,NDP,Saskatchewan,Saskatoon West,Saskatchewan (Saskatoon West),42,https://en.wikipedia.org/wiki/List_of_House_members_of_the_42nd_Parliament_of_Canada,ndp,,,sheri-benson
Sherry Romanado,Sherry Romanado,Liberal,Quebec,Longueuil—Charles-LeMoyne,Quebec (Longueuil—Charles-LeMoyne),42,https://en.wikipedia.org/wiki/List_of_House_members_of_the_42nd_Parliament_of_Canada,liberal,,,sherry-romanado
Simon Marcil,Simon Marcil,Bloc Québécois,Quebec,Mirabel,Quebec (Mirabel),42,https://en.wikipedia.org/wiki/List_of_House_members_of_the_42nd_Parliament_of_Canada,bloc_québécois,,,simon-marcil
Sonia Sidhu,Sonia Sidhu,Liberal,Ontario,Brampton South,Ontario (Brampton South),42,https://en.wikipedia.org/wiki/List_of_House_members_of_the_42nd_Parliament_of_Canada,liberal,,,sonia-sidhu
Stephanie Kusie,Stephanie Kusie,Conservative,Alberta,Calgary Midnapore,Alberta (Calgary Midnapore),42,https://en.wikipedia.org/wiki/List_of_House_members_of_the_42nd_Parliament_of_Canada,conservative,,,stephanie-kusie
Stephen Fuhr,Stephen Fuhr,Liberal,British Columbia,Kelowna—Lake Country,British Columbia (Kelowna—Lake Country),42,https://en.wikipedia.org/wiki/List_of_House_members_of_the_42nd_Parliament_of_Canada,liberal,,,stephen-fuhr
Stephen Harper,Stephen Harper,Conservative,Alberta,Calgary Heritage,Alberta (Calgary Heritage),42,https://en.wikipedia.org/wiki/List_of_House_members_of_the_42nd_Parliament_of_Canada,conservative,2016-08-26,,stephen-harper
Steve MacKinnon,Steve MacKinnon,Liberal,Quebec,Gatineau,Quebec (Gatineau),42,https://en.wikipedia.org/wiki/List_of_House_members_of_the_42nd_Parliament_of_Canada,liberal,,,steve-mackinnon
Steven Blaney,Steven Blaney,Conservative,Quebec,Bellechasse—Les Etchemins—Lévis,Quebec (Bellechasse—Les Etchemins—Lévis),42,https://en.wikipedia.org/wiki/List_of_House_members_of_the_42nd_Parliament_of_Canada,conservative,,,steven-blaney
Stéphane Dion,Stéphane Dion,Liberal,Quebec,Saint-Laurent,Quebec (Saint-Laurent),42,https://en.wikipedia.org/wiki/List_of_House_members_of_the_42nd_Parliament_of_Canada,liberal,2017-01-31,,stéphane-dion
Stéphane Lauzon,Stéphane Lauzon,Liberal,Quebec,Argenteuil—La Petite-Nation,Quebec (Argenteuil—La Petite-Nation),42,https://en.wikipedia.org/wiki/List_of_House_members_of_the_42nd_Parliament_of_Canada,liberal,,,stéphane-lauzon
Sukh Dhaliwal,Sukh Dhaliwal,Liberal,British Columbia,Surrey—Newton,British Columbia (Surrey—Newton),42,https://en.wikipedia.org/wiki/List_of_House_members_of_the_42nd_Parliament_of_Canada,liberal,,,sukh-dhaliwal
Sven Spengemann,Sven Spengemann,Liberal,Ontario,Mississauga—Lakeshore,Ontario (Mississauga—Lakeshore),42,https://en.wikipedia.org/wiki/List_of_House_members_of_the_42nd_Parliament_of_Canada,liberal,,,sven-spengemann
Sylvie Boucher,Sylvie Boucher,Conservative,Quebec,Beauport—Côte-de-Beaupré—Île d'Orléans—Charlevoix,Quebec (Beauport—Côte-de-Beaupré—Île d'Orléans—Charlevoix),42,https://en.wikipedia.org/wiki/List_of_House_members_of_the_42nd_Parliament_of_Canada,conservative,,,sylvie-boucher
T. J. Harvey,T. J. Harvey,Liberal,New Brunswick,Tobique—Mactaquac,New Brunswick (Tobique—Mactaquac),42,https://en.wikipedia.org/wiki/List_of_House_members_of_the_42nd_Parliament_of_Canada,liberal,,,t.-j.-harvey
Ted Falk,Ted Falk,Conservative,Manitoba,Provencher,Manitoba (Provencher),42,https://en.wikipedia.org/wiki/List_of_House_members_of_the_42nd_Parliament_of_Canada,conservative,,,ted-falk
Terry Beech,Terry Beech,Liberal,British Columbia,Burnaby North—Seymour,British Columbia (Burnaby North—Seymour),42,https://en.wikipedia.org/wiki/List_of_House_members_of_the_42nd_Parliament_of_Canada,liberal,,,terry-beech
Terry Duguid,Terry Duguid,Liberal,Manitoba,Winnipeg South,Manitoba (Winnipeg South),42,https://en.wikipedia.org/wiki/List_of_House_members_of_the_42nd_Parliament_of_Canada,liberal,,,terry-duguid
Terry Sheehan,Terry Sheehan,Liberal,Ontario,Sault Ste. Marie,Ontario (Sault Ste. Marie),42,https://en.wikipedia.org/wiki/List_of_House_members_of_the_42nd_Parliament_of_Canada,liberal,,,terry-sheehan
Thomas Mulcair,Thomas Mulcair,NDP,Quebec,Outremont,Quebec (Outremont),42,https://en.wikipedia.org/wiki/List_of_House_members_of_the_42nd_Parliament_of_Canada,ndp,,,thomas-mulcair
Todd Doherty,Todd Doherty,Conservative,British Columbia,Cariboo—Prince George,British Columbia (Cariboo—Prince George),42,https://en.wikipedia.org/wiki/List_of_House_members_of_the_42nd_Parliament_of_Canada,conservative,,,todd-doherty
Tom Kmiec,Tom Kmiec,Conservative,Alberta,Calgary Shepard,Alberta (Calgary Shepard),42,https://en.wikipedia.org/wiki/List_of_House_members_of_the_42nd_Parliament_of_Canada,conservative,,,tom-kmiec
Tom Lukiwski,Tom Lukiwski,Conservative,Saskatchewan,Moose Jaw—Lake Centre—Lanigan,Saskatchewan (Moose Jaw—Lake Centre—Lanigan),42,https://en.wikipedia.org/wiki/List_of_House_members_of_the_42nd_Parliament_of_Canada,conservative,,,tom-lukiwski
Tony Clement,Tony Clement,Conservative,Ontario,Parry Sound—Muskoka,Ontario (Parry Sound—Muskoka),42,https://en.wikipedia.org/wiki/List_of_House_members_of_the_42nd_Parliament_of_Canada,conservative,,,tony-clement
Tracey Ramsey,Tracey Ramsey,NDP,Ontario,Essex,Ontario (Essex),42,https://en.wikipedia.org/wiki/List_of_House_members_of_the_42nd_Parliament_of_Canada,ndp,,,tracey-ramsey
Vance Badawey,Vance Badawey,Liberal,Ontario,Niagara Centre,Ontario (Niagara Centre),42,https://en.wikipedia.org/wiki/List_of_House_members_of_the_42nd_Parliament_of_Canada,liberal,,,vance-badawey
Wayne Easter,Wayne Easter,Liberal,Prince Edward Island,Malpeque,Prince Edward Island (Malpeque),42,https://en.wikipedia.org/wiki/List_of_House_members_of_the_42nd_Parliament_of_Canada,liberal,,,wayne-easter
Wayne Long,Wayne Long,Liberal,New Brunswick,Saint John—Rothesay,New Brunswick (Saint John—Rothesay),42,https://en.wikipedia.org/wiki/List_of_House_members_of_the_42nd_Parliament_of_Canada,liberal,,,wayne-long
Wayne Stetski,Wayne Stetski,NDP,British Columbia,Kootenay—Columbia,British Columbia (Kootenay—Columbia),42,https://en.wikipedia.org/wiki/List_of_House_members_of_the_42nd_Parliament_of_Canada,ndp,,,wayne-stetski
Will Amos,Will Amos,Liberal,Quebec,Pontiac,Quebec (Pontiac),42,https://en.wikipedia.org/wiki/List_of_House_members_of_the_42nd_Parliament_of_Canada,liberal,,,will-amos
Xavier Barsalou-Duval,Xavier Barsalou-Duval,Bloc Québécois,Quebec,Pierre-Boucher—Les Patriotes—Verchères,Quebec (Pierre-Boucher—Les Patriotes—Verchères),42,https://en.wikipedia.org/wiki/List_of_House_members_of_the_42nd_Parliament_of_Canada,bloc_québécois,,,xavier-barsalou-duval
Yasmin Ratansi,Yasmin Ratansi,Liberal,Ontario,Don Valley East,Ontario (Don Valley East),42,https://en.wikipedia.org/wiki/List_of_House_members_of_the_42nd_Parliament_of_Canada,liberal,,,yasmin-ratansi
Yves Robillard,Yves Robillard,Liberal,Quebec,Marc-Aurèle-Fortin,Quebec (Marc-Aurèle-Fortin),42,https://en.wikipedia.org/wiki/List_of_House_members_of_the_42nd_Parliament_of_Canada,liberal,,,yves-robillard
Yvonne Jones,Yvonne Jones,Liberal,Newfoundland and Labrador,Labrador,Newfoundland and Labrador (Labrador),42,https://en.wikipedia.org/wiki/List_of_House_members_of_the_42nd_Parliament_of_Canada,liberal,,,yvonne-jones
Ziad Aboultaif,Ziad Aboultaif,Conservative,Alberta,Edmonton Manning,Alberta (Edmonton Manning),42,https://en.wikipedia.org/wiki/List_of_House_members_of_the_42nd_Parliament_of_Canada,conservative,,,ziad-aboultaif
