id,name,sort_name,email,twitter,facebook,group,group_id,area_id,area,chamber,term,start_date,end_date,image,gender
ece84db2-4081-4689-8ef2-1d5a67462e1c,A. Thophile DENTIOGUE,"DENTIOGUE, A. Thophile",,,,UPC,upc,,,Assemblée Nationale,3,,,,
1e6ae311-0597-4b99-97e5-4d63ae86f255,Adama DERA,"DERA, Adama",,,,ADJ,adj,,,Assemblée Nationale,3,,,,
9dc6aebc-8641-437b-a6ba-3b93bc48a941,Alfred KABOR,"KABOR, Alfred",,,,ADJ,adj,,,Assemblée Nationale,3,,,,
49de15cc-4892-4ba9-ab6a-51723547211d,Amad TAHO,"TAHO, Amad",,,,CDP,cdp,,,Assemblée Nationale,3,,,,
fa8e3d8b-3719-4ad4-b1b5-967850ae2e99,Amadou DABO,"DABO, Amadou",,,,ADJ,adj,,,Assemblée Nationale,3,,,,
61b4cf32-6dcb-4fe2-ae2b-6582bb6d6ca9,Amadou HAMA,"HAMA, Amadou",,,,CDP,cdp,,,Assemblée Nationale,3,,,,
f8309c32-6aec-4c0a-883f-c1d7e9106e35,Amidou Christophe BADINI,"BADINI, Amidou Christophe",,,,CDP,cdp,,,Assemblée Nationale,3,,,,
c4b79f47-b496-4193-9cde-b1017e2fc1d8,Assata SIDIBE,"SIDIBE, Assata",,,,ADF/RDA,rda,,,Assemblée Nationale,3,,,,
2124c4a7-c3e2-4e95-8be7-45f6fcd07ca8,B. Sbastien ZABSONR,"ZABSONR, B. Sbastien",,,,UPC,upc,,,Assemblée Nationale,3,,,,
808a11e6-ef0b-4cea-a7ce-b9330a944d91,BONGNESSAN Arsne YE,"YE, BONGNESSAN Arsne",,,,CDP,cdp,,,Assemblée Nationale,3,,,,
867d8d98-0e94-487c-ba58-f5c3d264aab5,Babor Grgoire BADO,"BADO, Babor Grgoire",,,,CFR,cfr,,,Assemblée Nationale,3,,,,
d422401f-971c-4dcf-871d-f9bd62ad82db,Bakary SR,"SR, Bakary",,,,CFR,cfr,,,Assemblée Nationale,3,,,,
567687fb-77de-478c-9c9a-6f0ac3865786,Blaise KYELEM,"KYELEM, Blaise",,,,CDP,cdp,,,Assemblée Nationale,3,,,,
ef164ccd-1b78-4b2a-bed1-3039dcc48665,Blandine SAWADOGO,"SAWADOGO, Blandine",,,,CDP,cdp,,,Assemblée Nationale,3,,,,
3499da7a-be24-4445-b5e2-aa642f102ce5,Bli Etienne GUE,"GUE, Bli Etienne",,,,CDP,cdp,,,Assemblée Nationale,3,,,,
9e1427e9-35a1-4946-8783-06331e6300ca,Bonaventure OUDRAOGO,"OUDRAOGO, Bonaventure",,,,CDP,cdp,,,Assemblée Nationale,3,,,,
82848069-8fcd-4d43-9986-7e24e09f2c10,Cyril GOUNGOUGA,"GOUNGOUGA, Cyril",,,,CFR,cfr,,,Assemblée Nationale,3,,,,
f187bbf0-d3cd-428f-8ec2-91e5c208d404,D. Juste LANKOAND,"LANKOAND, D. Juste",,,,Non inscrit,non_inscrit,,,Assemblée Nationale,3,,,,
56787652-7913-4379-ad2a-f450ca364491,Dieudonn BONANET,"BONANET, Dieudonn",,,,CDP,cdp,,,Assemblée Nationale,3,,,,
3a9925c7-91f6-4be3-88d5-52f77fc3a26e,Dimfangodo SAWADOGO,"SAWADOGO, Dimfangodo",,,,CDP,cdp,,,Assemblée Nationale,3,,,,
32bd8978-59ee-4a5e-88a8-b90ca66874f0,Djjouma SANON,"SANON, Djjouma",,,,ADJ,adj,,,Assemblée Nationale,3,,,,
14c6793b-3c27-4534-87ef-2c598350079d,Dma Raphal BADO,"BADO, Dma Raphal",,,,ADF/RDA,rda,,,Assemblée Nationale,3,,,,
9d9be184-7aa4-485c-b855-10bef39e84a6,Etienne TRAORE,"TRAORE, Etienne",,,,UPC,upc,,,Assemblée Nationale,3,,,,
41421d87-b262-484e-8ab4-5aec2369231c,Fidle HIEN,"HIEN, Fidle",,,,ADJ,adj,,,Assemblée Nationale,3,,,,
a76d387f-a0ba-458b-83c0-4a1108dade71,Fidle LANKOAND,"LANKOAND, Fidle",,,,UPC,upc,,,Assemblée Nationale,3,,,,
b58e687b-9933-4f81-b2ed-43f022494a04,Fidle OUI,"OUI, Fidle",,,,CDP,cdp,,,Assemblée Nationale,3,,,,
a620ca8e-5623-47bb-b05c-112f8ef6b926,Fidle TO,"TO, Fidle",,,,ADJ,adj,,,Assemblée Nationale,3,,,,
5127e0df-6923-4d1a-b811-608fbb586355,Gaspard BADOLO,"BADOLO, Gaspard",,,,UPC,upc,,,Assemblée Nationale,3,,,,
5a48b0f5-129e-4139-b52a-a7d3e2805eb4,H. Rasman COMPAOR,"COMPAOR, H. Rasman",,,,CDP,cdp,,,Assemblée Nationale,3,,,,
6b3ce459-7538-4ad0-8cba-1277054f19b6,H. Thodule DA,"DA, H. Thodule",,,,CFR,cfr,,,Assemblée Nationale,3,,,,
b22e9bf7-74ca-40f1-80a2-2f7e829cc226,Habata Marlne ZEBANGO,"ZEBANGO, Habata Marlne",,,,ADJ,adj,,,Assemblée Nationale,3,,,,
b801fd65-ea6a-4d20-a71b-e1145b87d8fc,Harouna MAGA,"MAGA, Harouna",,,,CDP,cdp,,,Assemblée Nationale,3,,,,
e3aa8c4e-9bb3-4537-a111-30a26f985125,Hyacinthe SANWIDI,"SANWIDI, Hyacinthe",,,,Non inscrit,non_inscrit,,,Assemblée Nationale,3,,,,
f7edb54b-572e-4bd9-b8eb-b9fcc5727200,Idrissa Alfred SEKON,"SEKON, Idrissa Alfred",,,,CDP,cdp,,,Assemblée Nationale,3,,,,
c044b42a-7bf3-4882-b40c-338b32c94222,Idrissa OUDRAOGO,"OUDRAOGO, Idrissa",,,,ADF/RDA,rda,,,Assemblée Nationale,3,,,,
8fca4b1b-fb41-4f9b-9e4e-ff58a21555f6,Idrissa TANDAMBA,"TANDAMBA, Idrissa",,,,CDP,cdp,,,Assemblée Nationale,3,,,,
7c368a4d-4e2e-4f9f-bc20-dc1c9fe6405e,Jean-Baptiste YAMOGO,"YAMOGO, Jean-Baptiste",,,,CDP,cdp,,,Assemblée Nationale,3,,,,
241fae15-d676-4882-b713-d942d58a1b67,Joseph KABORE,"KABORE, Joseph",,,,CDP,cdp,,,Assemblée Nationale,3,,,,
f684e291-91fe-4ec2-94ce-b263cce47f71,Josphine DRABO/KANYOULOU,"DRABO/KANYOULOU, Josphine",,,,ADF/RDA,rda,,,Assemblée Nationale,3,,,,
0d69e709-a824-47ec-a3ba-db8cecaa9d66,K. Ernest SOULAMA,"SOULAMA, K. Ernest",,,,CDP,cdp,,,Assemblée Nationale,3,,,,
91cec41e-7c0d-49d3-a5fe-1df64e02ca12,K. Madeleine BONZI,"BONZI, K. Madeleine",,,,CDP,cdp,,,Assemblée Nationale,3,,,,
fc18dce4-569a-4fb6-b186-11d23a904fcb,K.M. Suzanne COULIBALY,"COULIBALY, K.M. Suzanne",,,,UPC,upc,,,Assemblée Nationale,3,,,,
e4ec5694-7acb-430f-9b73-b250091b1778,L. Bernard OUEDRAOGO,"OUEDRAOGO, L. Bernard",,,,CDP,cdp,,,Assemblée Nationale,3,,,,
8925703b-b48d-4bf5-8f13-a67575c72b21,Laleyan Sadou GOUEM,"GOUEM, Laleyan Sadou",,,,CDP,cdp,,,Assemblée Nationale,3,,,,
f8035d12-0503-473a-9267-1de391a1f3bf,Larba YARGA,"YARGA, Larba",,,,CDP,cdp,,,Assemblée Nationale,3,,,,
1fc17d7b-27e3-42d1-a15c-d85945e903c3,M'P Augustin DEMBEL,"DEMBEL, M'P Augustin",,,,CFR,cfr,,,Assemblée Nationale,3,,,,
b2934d8d-9279-4084-86f7-8a7c3206a684,M. BADO Laurent,"BADO, Laurent",,,,ADJ,adj,,,Assemblée Nationale,3,,,http://nosdeputes.assembleenationale.bf/deputes/photos/depute_140.jpg,male
e26fa0ee-7ce8-4631-bea0-bff61e9223ca,M. BANGOU Yenignia,"BANGOU, Ynignia Prosper",,,,CFR,cfr,,,Assemblée Nationale,3,,,http://nosdeputes.assembleenationale.bf/deputes/photos/depute_142.jpg,male
6630d2ca-ad1c-4144-abeb-c6b6cff260a4,M. Christophe OUATTARA,"OUATTARA, M. Christophe",,,,ADF/RDA,rda,,,Assemblée Nationale,3,,,,
b4a3225b-29ce-4265-9110-d0233551b452,M. DICKO Hama Moussa,"DICKO, hama Moussa",,,,ADJ,adj,,,Assemblée Nationale,3,,,http://nosdeputes.assembleenationale.bf/deputes/photos/depute_156.jpg,male
9d3bf435-d25c-4c48-bb10-086d8c2ec308,M. OUEDRAOGO Sayouba,"OUEDRAOGO, Sayouba",,,,CDP,cdp,,,Assemblée Nationale,3,,,http://nosdeputes.assembleenationale.bf/deputes/photos/depute_194.jpg,male
cc996262-659c-47aa-b4ef-c48aec47734a,M. SANOU Alfred,"SANOU, Alfred",,,,CDP,cdp,,,Assemblée Nationale,3,,,http://nosdeputes.assembleenationale.bf/deputes/photos/depute_211.jpg,male
0c246bc1-2d63-423b-a7ea-db85b6b41e28,M. TAMBOURA Ousséni,"TAMBOURA, Oussni",,,,ADF/RDA,rda,,,Assemblée Nationale,3,,,http://nosdeputes.assembleenationale.bf/deputes/photos/depute_226.jpg,male
c55ff014-83cb-406f-a802-496e18b58e8a,Mahama SAWADOGO,"SAWADOGO, Mahama",,,,CDP,cdp,,,Assemblée Nationale,3,,,,
fd588ad1-0cf4-4a1f-9062-86bce32f84b4,Mme DIENDERE/DIALLO FATOUMATA,"DIENDERE/DIALLO, Fatoumata",fatoudiak@yahoo.fr,,,CDP,cdp,,,Assemblée Nationale,3,,,http://nosdeputes.assembleenationale.bf/deputes/photos/depute_130.jpg,female
6c0414cb-364b-4f73-97da-3ee8ea7cfcf3,Mme KYEMTORE/KAMBOU YERI ADELE,"KYEMTORE, K. Yri Adle",adelekyem@yahoo.fr,,,CDP,cdp,,,Assemblée Nationale,3,,,http://nosdeputes.assembleenationale.bf/deputes/photos/depute_40.jpg,female
b899724f-89b6-4151-842c-5128f0ce1c41,Mr BELEM SIDIKI,"BELEM, Sidiki",faedb10@hotmail.com,,,ADF/RDA,rda,,,Assemblée Nationale,3,,,http://nosdeputes.assembleenationale.bf/deputes/photos/depute_15.jpg,male
e19c0f45-4c52-4004-8ee8-b9a9c0c13113,Mr BOUDA CHRISTIAN GUSTAVE,"BOUDA, C. Gustave",christbouda@yahoo.fr,,,CDP,cdp,,,Assemblée Nationale,3,,,http://nosdeputes.assembleenationale.bf/deputes/photos/depute_26.jpg,male
143da7bf-d822-4ecb-a451-8559379e0531,Mr COMPAORE JEAN LEONARD,"COMPAORE, Jean-Lonard",nomayaoba53@yahoo.fr,,,CDP,cdp,,,Assemblée Nationale,3,,,http://nosdeputes.assembleenationale.bf/deputes/photos/depute_34.jpg,male
a28a00ee-04c5-4009-8abb-69baddd68eec,Mr KABORE PATE JEAN CLAUDE,"KABOR, Pat Jean Claude",,,,ADF/RDA,rda,,,Assemblée Nationale,3,,,http://nosdeputes.assembleenationale.bf/deputes/photos/depute_72.jpg,male
f13bfab8-5433-4144-920f-1ecb31dbee3c,Mr LANKOANDE FOLGA ILDEVERT,"LANKOANDE, Folga Ildevert",folgaildevert@yahoo.fr,,,ADF/RDA,rda,,,Assemblée Nationale,3,,,http://nosdeputes.assembleenationale.bf/deputes/photos/depute_47.jpg,male
9cbc8786-34e7-4fcc-9bdc-f5e2a993c88b,Mr NABOHO KANIDOUA,"NABOHO, Kanidoua",heera@fasonet.bf,,,CDP,cdp,,,Assemblée Nationale,3,,,http://nosdeputes.assembleenationale.bf/deputes/photos/depute_43.jpg,male
32cf342f-cae7-45eb-be1d-b21d2565165b,Mr OUEDRAOGO BOUREIMA,"OUEDRAOGO, Boureima",ouedraogoboureima325@yahoo.fr,,,ADJ,adj,,,Assemblée Nationale,3,,,http://nosdeputes.assembleenationale.bf/deputes/photos/depute_104.jpg,male
940b135f-7adf-462a-b38b-afdfabcdef79,Mr OUEDRAOGO SALFO THEODORE,"OUEDRAOGO, Salfo Thodore",,,,UPC,upc,,,Assemblée Nationale,3,,,http://nosdeputes.assembleenationale.bf/deputes/photos/depute_65.jpg,male
efb72ac7-7057-4192-a591-dadb67b1911b,Mr SAWADOGO ZAMBENDE THEODORE,"SAWADOGO, D. Thodore",winninolasawadogo@yahoo.com,,,UPC,upc,,,Assemblée Nationale,3,,,http://nosdeputes.assembleenationale.bf/deputes/photos/depute_119.jpg,male
3d88b402-cc8b-46f9-8ca7-b0122e1d7a75,Mr SOURWEMA NOEL,"SOURWEMA, Nol",Congokoudnaga@yahoo.fr,,,CDP,cdp,,,Assemblée Nationale,3,,,http://nosdeputes.assembleenationale.bf/deputes/photos/depute_129.jpg,male
5ab900e2-83fb-4e5f-949b-73c54cfcb767,Mr TAPSOBA ACHILLE MARIE JOSEPH,"TAPSOBA, M.J. Achille",tachimajo@yahoo.fr,,,CDP,cdp,,,Assemblée Nationale,3,,,http://nosdeputes.assembleenationale.bf/deputes/photos/depute_93.jpg,male
a5f61e57-a059-4ea1-b14b-d07793827219,Mr TIENDREBEOGO VICTOR,"TIENDREBEOGO, Victor",larlenaba@yahoo.fr,,,CDP,cdp,,,Assemblée Nationale,3,,,http://nosdeputes.assembleenationale.bf/deputes/photos/depute_84.jpg,male
f69b19cd-419d-4370-8c3f-cc0d7de4bb8d,Mr TRAORE MELEGUE,"TRAORE, Mlgu",bougoula.melegue@yahoo.fr,,,CDP,cdp,,,Assemblée Nationale,3,,,http://nosdeputes.assembleenationale.bf/deputes/photos/depute_99.jpg,male
272f6b38-747e-4bad-8b6c-271163204d81,Nazi BANI,"BANI, Nazi",,,,CFR,cfr,,,Assemblée Nationale,3,,,,
e9dc8a8a-c755-4f89-9c3c-e9dfe448e3a5,Nbili Franois BADOLO,"BADOLO, Nbili Franois",,,,ADJ,adj,,,Assemblée Nationale,3,,,,
a12e3553-3345-4cf2-9b9c-6859ab78c211,Niquibo FANCANI,"FANCANI, Niquibo",,,,CDP,cdp,,,Assemblée Nationale,3,,,,
db576203-d48c-4390-a6b7-949a6a912faa,Nouhoun BARRY,"BARRY, Nouhoun",,,,ADF/RDA,rda,,,Assemblée Nationale,3,,,,
ef75f612-6412-41de-be19-ed2df1e92ed6,O. Franois OUEDRAOGO,"OUEDRAOGO, O. Franois",,,,UPC,upc,,,Assemblée Nationale,3,,,,
46f492ac-8470-426c-92d0-7a7a5e1bf9be,Oubkiri YAO,"YAO, Oubkiri",,,,CDP,cdp,,,Assemblée Nationale,3,,,,
492a32c4-b5a6-4bcb-bfca-aeec434f8492,Oussina MIKHALOU,"MIKHALOU, Oussina",,,,CDP,cdp,,,Assemblée Nationale,3,,,,
ece7f337-b07c-405d-b024-96a66edd7350,Philippe OUEDRAOGO,"OUEDRAOGO, Philippe",,,,ADJ,adj,,,Assemblée Nationale,3,,,,
02f77081-9f13-4bcb-90f1-797db06d66f8,Pierre TAPSOBA,"TAPSOBA, Pierre",,,,CDP,cdp,,,Assemblée Nationale,3,,,,
dc1e05a7-cf8a-45aa-b46a-520273860064,Pissi MASSIMBO,"MASSIMBO, Pissi",,,,CFR,cfr,,,Assemblée Nationale,3,,,,
353fcf99-6957-4519-9144-aa29585fc80e,R. Joanny ZONGO,"ZONGO, R. Joanny",,,,CDP,cdp,,,Assemblée Nationale,3,,,,
bd071007-9795-46ce-a2fa-bc3a28994aff,Ram OUEDRAOGO,"OUEDRAOGO, Ram",,,,UPC,upc,,,Assemblée Nationale,3,,,,
ecb4a257-730d-419a-9ee1-8eb1e188386a,Ramata DIALLO,"DIALLO, Ramata",,,,CFR,cfr,,,Assemblée Nationale,3,,,,
5e551b30-dd18-49f6-9063-a25552678c6a,Rn Emile KABORE,"KABORE, Rn Emile",,,,CDP,cdp,,,Assemblée Nationale,3,,,,
0f18af63-3632-44ce-8ea6-160513b09f5a,Roch KABORE,"KABORE, Roch",,,,CDP,cdp,,,Assemblée Nationale,3,,,,
9c0efb06-eae1-448d-bc53-0a00bfb09cb0,Sadou KABOR,"KABOR, Sadou",,,,CFR,cfr,,,Assemblée Nationale,3,,,,
a34751a3-f98d-403d-9526-0eac8a74bdbd,Salif OUDRAOGO,"OUDRAOGO, Salif",,,,ADJ,adj,,,Assemblée Nationale,3,,,,
ed119874-f38c-4bb5-baaf-6be2147ef9b0,Salvador YAMEOGO,"YAMEOGO, Salvador",,,,CFR,cfr,,,Assemblée Nationale,3,,,,
7f034467-9ab4-41e1-b39c-95dc63757642,Sansan Lucien KAMBIR,"KAMBIR, Sansan Lucien",,,,CDP,cdp,,,Assemblée Nationale,3,,,,
e2d7b5b5-fe4e-4b5f-8515-fce9c64eca78,Saran SERE/SEREME,"SERE/SEREME, Saran",,,,CDP,cdp,,,Assemblée Nationale,3,,,,
64fb1060-9101-496e-906d-11926ba4b399,Sayouba GUIRO,"GUIRO, Sayouba",,,,CDP,cdp,,,Assemblée Nationale,3,,,,
34068e69-59d1-4457-b493-9e4b592636de,Sbastien OUEDRAOGO,"OUEDRAOGO, Sbastien",,,,CFR,cfr,,,Assemblée Nationale,3,,,,
3cedc22e-c1f2-4b32-9335-c4b9a53942b2,Si Pascal KAMBOU,"KAMBOU, Si Pascal",,,,CDP,cdp,,,Assemblée Nationale,3,,,,
c9edd370-3da3-405f-91e1-71f70213f0ff,Sibiri Dval MILLOGO,"MILLOGO, Sibiri Dval",,,,ADJ,adj,,,Assemblée Nationale,3,,,,
72293aba-20a0-4bb2-8e5c-beb039de3f96,Simon SAWADOGO,"SAWADOGO, Simon",,,,CDP,cdp,,,Assemblée Nationale,3,,,,
4430fe6d-a112-49fe-8b82-3eba7cabbabf,Soma BARO,"BARO, Soma",,,,CDP,cdp,,,Assemblée Nationale,3,,,,
db503bed-444d-4ca1-858a-4bd946910ec2,Soumane TOUR,"TOUR, Soumane",,,,CFR,cfr,,,Assemblée Nationale,3,,,,
eed2ee7a-89ed-43c2-b0ce-2ca2de4ec003,T. Abel COULIBALY,"COULIBALY, T. Abel",,,,CFR,cfr,,,Assemblée Nationale,3,,,,
ecf709c6-fae6-4a23-a1e3-a392055819bb,T. Abel LOMPO,"LOMPO, T. Abel",,,,CDP,cdp,,,Assemblée Nationale,3,,,,
58b8844d-7758-44c5-a0f3-2278aeb2561a,T. Bernard NABARET,"NABARET, T. Bernard",,,,CDP,cdp,,,Assemblée Nationale,3,,,,
85ed1b1b-8225-40ad-8af8-ccd2abc6ac63,T. Boniface ZANGO,"ZANGO, T. Boniface",,,,CFR,cfr,,,Assemblée Nationale,3,,,,
d9e77ff9-769d-439d-b98b-e05d6d4c1400,T. Patrice DIESSONGO,"DIESSONGO, T. Patrice",,,,CDP,cdp,,,Assemblée Nationale,3,,,,
cd25c6a2-b382-4ab4-b5fa-ab36f6bb2653,Tahr OUEDRAOGO,"OUEDRAOGO, Tahr",,,,CDP,cdp,,,Assemblée Nationale,3,,,,
59732f4e-30c9-4ffe-ba47-f4d7d095085b,W. Stphane SANOU,"SANOU, W. Stphane",,,,ADF/RDA,rda,,,Assemblée Nationale,3,,,,
7747974e-53b4-44e8-9f50-1c3868f51eb3,Y. Boukari MOGMENGA,"MOGMENGA, Y. Boukari",,,,CFR,cfr,,,Assemblée Nationale,3,,,,
23ea5c2e-9b7b-43ce-989d-27a7a6c07579,Y. Viviane COMPAOR,"COMPAOR, Y. Viviane",,,,CDP,cdp,,,Assemblée Nationale,3,,,,
cabf0132-1f75-4598-9d04-5a640f17cd69,Yamba Malick SAWADOGO,"SAWADOGO, Yamba Malick",,,,CDP,cdp,,,Assemblée Nationale,3,,,,
8176cec4-6f40-4615-bce8-3c1d9f186bda,Yamba Malik SAWADOGO,"SAWADOGO, Yamba Malik",,,,CDP,cdp,,,Assemblée Nationale,3,,,,
d65af2d6-530d-48a6-a7dd-a3a2bc035e7f,Yonl Kisito SOM,"SOM, Yonl Kisito",,,,ADF/RDA,rda,,,Assemblée Nationale,3,,,,
