id,name,sort_name,district,mandate_start,mandate_end,party,term,source,image,phone,email,start_date
aabraham,Alejandro Abraham,"Abraham, Alejandro",Mendoza,2013-12-10,2017-12-09,FRENTE PARA LA VICTORIA - PJ,133,http://www.hcdn.gob.ar/diputados/aabraham/,"","","",
aargumedo,Alcira Susana Argumedo,"Argumedo, Alcira Susana",Ciudad De Buenos Aires,2013-12-10,2017-12-09,PROYECTO SUR - UNEN,133,http://www.hcdn.gob.ar/diputados/aargumedo/,"","","",
abesada,Alicia Irma Besada,"Besada, Alicia Irma",Ciudad De Buenos Aires,2013-12-10,2017-12-09,UNION PRO,133,http://www.hcdn.gob.ar/diputados/abesada/,"","","",
acalleri,Agustin Santiago Calleri,"Calleri, Agustin Santiago",Cordoba,2013-12-10,2017-12-09,UNIDOS POR UNA NUEVA ARGENTINA,133,http://www.hcdn.gob.ar/diputados/acalleri/,"","","",
acarol,Analuz Ailen Carol,"Carol, Analuz Ailen",Tierra Del Fuego,2015-12-10,2019-12-09,FRENTE PARA LA VICTORIA - PJ,133,http://www.hcdn.gob.ar/diputados/acarol/,"","","",2015-12-10
aciampini,Jose Alberto Ciampini,"Ciampini, Jose Alberto",Neuquen,2015-12-10,2019-12-09,FRENTE PARA LA VICTORIA - PJ,133,http://www.hcdn.gob.ar/diputados/aciampini/,"","","",2015-12-10
aciciliani,Alicia Mabel Ciciliani,"Ciciliani, Alicia Mabel",Santa Fe,2013-12-10,2017-12-09,PARTIDO SOCIALISTA,133,http://www.hcdn.gob.ar/diputados/aciciliani/,"","","",
acopes,Ana Isabel Copes,"Copes, Ana Isabel",Santa Fe,2013-12-10,2017-12-09,DEMOCRATA PROGRESISTA,133,http://www.hcdn.gob.ar/diputados/acopes/,"","","",
aechegaray,Alejandro Carlos Augusto Echegaray,"Echegaray, Alejandro Carlos Augusto",Buenos Aires,2015-12-10,2019-12-09,UCR,133,http://www.hcdn.gob.ar/diputados/aechegaray/,"","","",2015-12-10
aferreyra,Araceli Ferreyra,"Ferreyra, Araceli",Corrientes,2015-12-10,2019-12-09,PERONISMO PARA LA VICTORIA,133,http://www.hcdn.gob.ar/diputados/aferreyra/,"","","",2015-12-10
agaillard,Ana Carolina Gaillard,"Gaillard, Ana Carolina",Entre Rios,2013-12-10,2017-12-09,FRENTE PARA LA VICTORIA - PJ,133,http://www.hcdn.gob.ar/diputados/agaillard/,"","","",
agonzalez,Alvaro Gustavo Gonzalez,"Gonzalez, Alvaro Gustavo",Ciudad De Buenos Aires,2015-12-10,2019-12-09,UNION PRO,133,http://www.hcdn.gob.ar/diputados/agonzalez/,"","","",2015-12-10
agrana,Adrian Eduardo Grana,"Grana, Adrian Eduardo",Buenos Aires,2015-12-10,2019-12-09,FRENTE PARA LA VICTORIA - PJ,133,http://www.hcdn.gob.ar/diputados/agrana/,"","","",2015-12-10
agrandinetti,Alejandro Ariel Grandinetti,"Grandinetti, Alejandro Ariel",Santa Fe,2015-12-10,2019-12-09,FEDERAL UNIDOS POR UNA NUEVA ARGENTINA,133,http://www.hcdn.gob.ar/diputados/agrandinetti/,"","","",2015-12-10
aguzman,Andres Ernesto Guzman,"Guzman, Andres Ernesto",Cordoba,2013-12-10,2017-12-09,BRIGADIER GENERAL JUAN BAUTISTA BUSTOS,133,http://www.hcdn.gob.ar/diputados/aguzman/,"","","",
ahers,Anabella Ruth Hers Cabral,"Hers Cabral, Anabella Ruth",Ciudad De Buenos Aires,2015-12-10,2019-12-09,UNION PRO,133,http://www.hcdn.gob.ar/diputados/ahers/,"","","",2015-12-10
akicillof,Axel Kicillof,"Kicillof, Axel",Ciudad De Buenos Aires,2015-12-10,2019-12-09,FRENTE PARA LA VICTORIA - PJ,133,http://www.hcdn.gob.ar/diputados/akicillof/,"","","",2015-12-10
alarroque,Andres Larroque,"Larroque, Andres",Ciudad De Buenos Aires,2015-12-10,2019-12-09,FRENTE PARA LA VICTORIA - PJ,133,http://www.hcdn.gob.ar/diputados/alarroque/,"","","",2015-12-10
allanosm,Ana Maria Llanos Massa,"Llanos Massa, Ana Maria",Chubut,2015-12-10,2019-12-09,FRENTE PARA LA VICTORIA - PJ,133,http://www.hcdn.gob.ar/diputados/allanosm/,"","","",2015-12-10
amartinez,Ana Laura Martinez,"Martinez, Ana Laura",Santa Fe,2015-12-10,2019-12-09,UNION PRO,133,http://www.hcdn.gob.ar/diputados/amartinez/,"","","",2015-12-10
anazario,Adriana Monica Nazario,"Nazario, Adriana Monica",Cordoba,2015-12-10,2019-12-09,UNIDOS POR UNA NUEVA ARGENTINA,133,http://www.hcdn.gob.ar/diputados/anazario/,"","","",2015-12-10
aolmedo,Alfredo Horacio Olmedo,"Olmedo, Alfredo Horacio",Salta,2015-12-10,2019-12-09,SALTA SOMOS TODOS,133,http://www.hcdn.gob.ar/diputados/aolmedo/,"","","",2015-12-10
arachq,Analia Rach Quiroga,"Rach Quiroga, Analia",Chaco,2015-12-10,2019-12-09,FRENTE PARA LA VICTORIA - PJ,133,http://www.hcdn.gob.ar/diputados/arachq/,"","","",2015-12-10
aramos,Alejandro Ramos,"Ramos, Alejandro",Santa Fe,2015-12-10,2019-12-09,FRENTE PARA LA VICTORIA - PJ,133,http://www.hcdn.gob.ar/diputados/aramos/,"","","",2015-12-10
aroberti,Alberto Oscar Roberti,"Roberti, Alberto Oscar",Buenos Aires,2015-12-10,2019-12-09,JUSTICIALISTA,133,http://www.hcdn.gob.ar/diputados/aroberti/,"","","",2015-12-10
asanmartin,Adrian San Martin,"San Martin, Adrian",Neuquen,2013-12-10,2017-12-09,MOV POP NEUQUINO,133,http://www.hcdn.gob.ar/diputados/asanmartin/,"","","",
asnopek,Alejandro Francisco Snopek,"Snopek, Alejandro Francisco",Jujuy,2015-12-10,2019-12-09,FEDERAL UNIDOS POR UNA NUEVA ARGENTINA,133,http://www.hcdn.gob.ar/diputados/asnopek/,"","","",2015-12-10
asoraire,Mirta Alicia Soraire,"Soraire, Mirta Alicia",Tucuman,2015-12-10,2019-12-09,FRENTE PARA LA VICTORIA - PJ,133,http://www.hcdn.gob.ar/diputados/asoraire/,"","","",2015-12-10
aterada,Alicia Terada,"Terada, Alicia",Chaco,2013-12-10,2017-12-09,COALICION CIVICA,133,http://www.hcdn.gob.ar/diputados/aterada/,"","","",
aziegler,Alex Roberto Ziegler,"Ziegler, Alex Roberto",Misiones,2013-12-10,2017-12-09,LIBERTAD VALORES Y CAMBIO,133,http://www.hcdn.gob.ar/diputados/aziegler/,"","","",
barenas,Berta Hortensia Arenas,"Arenas, Berta Hortensia",San Luis,2013-12-10,2017-12-09,COMPROMISO FEDERAL,133,http://www.hcdn.gob.ar/diputados/barenas/,"","","",
baustin,Brenda Lis Austin,"Austin, Brenda Lis",Cordoba,2013-12-10,2017-12-09,UCR,133,http://www.hcdn.gob.ar/diputados/baustin/,"","","",
brossi,Blanca Araceli Rossi,"Rossi, Blanca Araceli",Cordoba,2013-12-10,2017-12-09,UNIDOS POR UNA NUEVA ARGENTINA,133,http://www.hcdn.gob.ar/diputados/brossi/,"","","",
ccarrizo,Ana Carla Carrizo,"Carrizo, Ana Carla",Ciudad De Buenos Aires,2013-12-10,2017-12-09,UCR,133,http://www.hcdn.gob.ar/diputados/ccarrizo/,"","","",
ccastagneto,Carlos Daniel Castagneto,"Castagneto, Carlos Daniel",Buenos Aires,2015-12-10,2019-12-09,FRENTE PARA LA VICTORIA - PJ,133,http://www.hcdn.gob.ar/diputados/ccastagneto/,"","","",2015-12-10
cdonate,Claudio Martin Doñate,"Doñate, Claudio Martin",Rio Negro,2015-12-10,2019-12-09,FRENTE PARA LA VICTORIA - PJ,133,http://www.hcdn.gob.ar/diputados/cdonate/,"","","",2015-12-10
cheller,Carlos Salomon Heller,"Heller, Carlos Salomon",Ciudad De Buenos Aires,2013-12-10,2017-12-09,SOLIDARIO SI,133,http://www.hcdn.gob.ar/diputados/cheller/,"","","",
ckunkel,Carlos Miguel Kunkel,"Kunkel, Carlos Miguel",Buenos Aires,2013-12-10,2017-12-09,FRENTE PARA LA VICTORIA - PJ,133,http://www.hcdn.gob.ar/diputados/ckunkel/,"","","",
cmoreau,Cecilia Moreau,"Moreau, Cecilia",Buenos Aires,2015-12-10,2019-12-09,FEDERAL UNIDOS POR UNA NUEVA ARGENTINA,133,http://www.hcdn.gob.ar/diputados/cmoreau/,"","","",2015-12-10
cmoreno,Carlos Julio Moreno,"Moreno, Carlos Julio",Buenos Aires,2013-12-10,2017-12-09,FRENTE PARA LA VICTORIA - PJ,133,http://www.hcdn.gob.ar/diputados/cmoreno/,"","","",
coliva,Cristian Rodolfo Oliva,"Oliva, Cristian Rodolfo",Santiago Del Estero,2013-12-10,2017-12-09,FRENTE CIVICO POR SANTIAGO,133,http://www.hcdn.gob.ar/diputados/coliva/,"","","",
cpitiot,Carla Betina Pitiot,"Pitiot, Carla Betina",Ciudad De Buenos Aires,2015-12-10,2019-12-09,FEDERAL UNIDOS POR UNA NUEVA ARGENTINA,133,http://www.hcdn.gob.ar/diputados/cpitiot/,"","","",2015-12-10
cpoggi,Claudio Javier Poggi,"Poggi, Claudio Javier",San Luis,2015-12-10,2019-12-09,AVANZAR SAN LUIS,133,http://www.hcdn.gob.ar/diputados/cpoggi/,"","","",2015-12-10
croma,Carlos Gaston Roma,"Roma, Carlos Gaston",Tierra Del Fuego,2015-12-10,2019-12-09,UNION PRO,133,http://www.hcdn.gob.ar/diputados/croma/,"","","",2015-12-10
crubin,Carlos Gustavo Rubin,"Rubin, Carlos Gustavo",Corrientes,2013-12-10,2017-12-09,JUSTICIALISTA,133,http://www.hcdn.gob.ar/diputados/crubin/,"","","",
crucci,Claudia Monica Rucci,"Rucci, Claudia Monica",Buenos Aires,2013-12-10,2017-12-09,UNIDOS POR UNA NUEVA ARGENTINA,133,http://www.hcdn.gob.ar/diputados/crucci/,"","","",
cselva,Carlos Americo Selva,"Selva, Carlos Americo",Buenos Aires,2015-12-10,2019-12-09,FEDERAL UNIDOS POR UNA NUEVA ARGENTINA,133,http://www.hcdn.gob.ar/diputados/cselva/,"","","",2015-12-10
csliermann,Cornelia Schmidt Liermann,"Schmidt Liermann, Cornelia",Ciudad De Buenos Aires,2015-12-10,2019-12-09,UNION PRO,133,http://www.hcdn.gob.ar/diputados/csliermann/,"","","",2015-12-10
dbossio,Diego Luis Bossio,"Bossio, Diego Luis",Buenos Aires,2015-12-10,2019-12-09,JUSTICIALISTA,133,http://www.hcdn.gob.ar/diputados/dbossio/,"","","",2015-12-10
dconti,Diana Beatriz Conti,"Conti, Diana Beatriz",Buenos Aires,2013-12-10,2017-12-09,FRENTE PARA LA VICTORIA - PJ,133,http://www.hcdn.gob.ar/diputados/dconti/,"","","",
ddistefano,Daniel Di Stefano,"Di Stefano, Daniel",Misiones,2015-12-10,2019-12-09,FRENTE PARA LA VICTORIA - PJ,133,http://www.hcdn.gob.ar/diputados/ddistefano/,"","","",2015-12-10
dgiustozzi,Ruben Dario Giustozzi,"Giustozzi, Ruben Dario",Buenos Aires,2013-12-10,2017-12-09,JUNTOS POR ARGENTINA,133,http://www.hcdn.gob.ar/diputados/dgiustozzi/,"","","",
dgranados,Dulce Granados,"Granados, Dulce",Buenos Aires,2013-12-10,2017-12-09,FRENTE PARA LA VICTORIA - PJ,133,http://www.hcdn.gob.ar/diputados/dgranados/,"","","",
dkroneberger,Daniel Ricardo Kroneberger,"Kroneberger, Daniel Ricardo",La Pampa,2015-12-10,2019-12-09,UCR,133,http://www.hcdn.gob.ar/diputados/dkroneberger/,"","","",2015-12-10
dlipovetzky,Daniel Andres Lipovetzky,"Lipovetzky, Daniel Andres",Buenos Aires,2015-12-10,2019-12-09,UNION PRO,133,http://www.hcdn.gob.ar/diputados/dlipovetzky/,"","","",2015-12-10
dmartinez,Norman Dario Martinez,"Martinez, Norman Dario",Neuquen,2013-12-10,2017-12-09,FRENTE PARA LA VICTORIA - PJ,133,http://www.hcdn.gob.ar/diputados/dmartinez/,"","","",
dmestre,Diego Matias Mestre,"Mestre, Diego Matias",Cordoba,2013-12-10,2017-12-09,UCR,133,http://www.hcdn.gob.ar/diputados/dmestre/,"","","",
eamadeo,Eduardo Pablo Amadeo,"Amadeo, Eduardo Pablo",Buenos Aires,2015-12-10,2019-12-09,UNION PRO,133,http://www.hcdn.gob.ar/diputados/eamadeo/,"","","",2015-12-10
ebalbo,Elva Susana Balbo,"Balbo, Elva Susana",Mendoza,2015-12-10,2019-12-09,UNION PRO,133,http://www.hcdn.gob.ar/diputados/ebalbo/,"","","",2015-12-10
ebrizueladelmoral,Eduardo Segundo Brizuela Del Moral,"Brizuela Del Moral, Eduardo Segundo",Catamarca,2013-12-10,2017-12-09,FRENTE CIVICO Y SOCIAL DE CATAMARCA,133,http://www.hcdn.gob.ar/diputados/ebrizueladelmoral/,"","","",
ecaceres,Eduardo Augusto Caceres,"Caceres, Eduardo Augusto",San Juan,2013-12-10,2017-12-09,UNION PRO,133,http://www.hcdn.gob.ar/diputados/ecaceres/,"","","",
ecarrio,Elisa Maria Avelina Carrio,"Carrio, Elisa Maria Avelina",Ciudad De Buenos Aires,2013-12-10,2017-12-09,COALICION CIVICA,133,http://www.hcdn.gob.ar/diputados/ecarrio/,"","","",
econesa,Eduardo Raul Conesa,"Conesa, Eduardo Raul",Ciudad De Buenos Aires,2013-12-10,2017-12-09,UNION PRO,133,http://www.hcdn.gob.ar/diputados/econesa/,"","","",
ecosta,Eduardo Raul Costa,"Costa, Eduardo Raul",Santa Cruz,2013-12-10,2017-12-09,UCR,133,http://www.hcdn.gob.ar/diputados/ecosta/,"","","",
edepedro,Eduardo Enrique De Pedro,"De Pedro, Eduardo Enrique",Buenos Aires,2015-12-10,2019-12-09,FRENTE PARA LA VICTORIA - PJ,133,http://www.hcdn.gob.ar/diputados/edepedro/,"","","",2015-12-10
edepetri,Edgardo Fernando Depetri,"Depetri, Edgardo Fernando",Buenos Aires,2013-12-10,2017-12-09,FRENTE PARA LA VICTORIA - PJ,133,http://www.hcdn.gob.ar/diputados/edepetri/,"","","",
efabiani,Eduardo Alberto Fabiani,"Fabiani, Eduardo Alberto",Buenos Aires,2013-12-10,2017-12-09,JUNTOS POR ARGENTINA,133,http://www.hcdn.gob.ar/diputados/efabiani/,"","","",
eisa,Evita Nelida Isa,"Isa, Evita Nelida",Salta,2013-12-10,2017-12-09,JUSTICIALISTA,133,http://www.hcdn.gob.ar/diputados/eisa/,"","","",
elagoria,Elia Nelly Lagoria,"Lagoria, Elia Nelly",Chubut,2013-12-10,2017-12-09,TRABAJO Y DIGNIDAD,133,http://www.hcdn.gob.ar/diputados/elagoria/,"","","",
emonzo,Emilio Monzo,"Monzo, Emilio",Buenos Aires,2015-12-10,2019-12-09,UNION PRO,133,http://www.hcdn.gob.ar/diputados/emonzo/,"","","",2015-12-10
eseminara,Eduardo Jorge Seminara,"Seminara, Eduardo Jorge",Santa Fe,2013-12-10,2017-12-09,FRENTE PARA LA VICTORIA - PJ,133,http://www.hcdn.gob.ar/diputados/eseminara/,"","","",
fcaviglia,Franco Agustin Caviglia,"Caviglia, Franco Agustin",Buenos Aires,2013-12-10,2017-12-09,JUNTOS POR ARGENTINA,133,http://www.hcdn.gob.ar/diputados/fcaviglia/,"","","",
ffurlan,Francisco Abel Furlan,"Furlan, Francisco Abel",Buenos Aires,2015-12-10,2019-12-09,FRENTE PARA LA VICTORIA - PJ,133,http://www.hcdn.gob.ar/diputados/ffurlan/,"","","",2015-12-10
fgarreton,Facundo Garreton,"Garreton, Facundo",Tucuman,2015-12-10,2019-12-09,UNION PRO,133,http://www.hcdn.gob.ar/diputados/fgarreton/,"","","",2015-12-10
fmasso,Federico Augusto Masso,"Masso, Federico Augusto",Tucuman,2013-12-10,2017-12-09,LIBRES DEL SUR,133,http://www.hcdn.gob.ar/diputados/fmasso/,"","","",
fmoyano,Juan Facundo Moyano,"Moyano, Juan Facundo",Buenos Aires,2015-12-10,2019-12-09,FEDERAL UNIDOS POR UNA NUEVA ARGENTINA,133,http://www.hcdn.gob.ar/diputados/fmoyano/,"","","",2015-12-10
fraverta,Maria Fernanda Raverta,"Raverta, Maria Fernanda",Buenos Aires,2015-12-10,2019-12-09,FRENTE PARA LA VICTORIA - PJ,133,http://www.hcdn.gob.ar/diputados/fraverta/,"","","",2015-12-10
fsanchez,Fernando Sanchez,"Sanchez, Fernando",Ciudad De Buenos Aires,2013-12-10,2017-12-09,COALICION CIVICA,133,http://www.hcdn.gob.ar/diputados/fsanchez/,"","","",
fsola,Felipe Carlos Sola,"Sola, Felipe Carlos",Buenos Aires,2013-12-10,2017-12-09,FEDERAL UNIDOS POR UNA NUEVA ARGENTINA,133,http://www.hcdn.gob.ar/diputados/fsola/,"","","",
ftorroba,Francisco Javier Torroba,"Torroba, Francisco Javier",La Pampa,2013-12-10,2017-12-09,UCR,133,http://www.hcdn.gob.ar/diputados/ftorroba/,"","","",
galbornoz,Gabriela Romina Albornoz,"Albornoz, Gabriela Romina",Jujuy,2013-12-10,2017-12-09,UCR,133,http://www.hcdn.gob.ar/diputados/galbornoz/,"","","",
galegre,Gilberto Oscar Alegre,"Alegre, Gilberto Oscar",Buenos Aires,2013-12-10,2017-12-09,FEDERAL UNIDOS POR UNA NUEVA ARGENTINA,133,http://www.hcdn.gob.ar/diputados/galegre/,"","","",
garrieta,Gustavo Hector Arrieta,"Arrieta, Gustavo Hector",Buenos Aires,2013-12-10,2017-12-09,FRENTE PARA LA VICTORIA - PJ,133,http://www.hcdn.gob.ar/diputados/garrieta/,"","","",
gbevilacqua,Gustavo Bevilacqua,"Bevilacqua, Gustavo",Buenos Aires,2015-12-10,2019-12-09,FEDERAL UNIDOS POR UNA NUEVA ARGENTINA,133,http://www.hcdn.gob.ar/diputados/gbevilacqua/,"","","",2015-12-10
gcamano,Graciela Camaño,"Camaño, Graciela",Buenos Aires,2015-12-10,2019-12-09,FEDERAL UNIDOS POR UNA NUEVA ARGENTINA,133,http://www.hcdn.gob.ar/diputados/gcamano/,"","","",2015-12-10
gcarmona,Guillermo Ramon Carmona,"Carmona, Guillermo Ramon",Mendoza,2015-12-10,2019-12-09,FRENTE PARA LA VICTORIA - PJ,133,http://www.hcdn.gob.ar/diputados/gcarmona/,"","","",2015-12-10
gcaselles,Graciela Maria Caselles,"Caselles, Graciela Maria",San Juan,2015-12-10,2019-12-09,PARTIDO BLOQUISTA DE SAN JUAN,133,http://www.hcdn.gob.ar/diputados/gcaselles/,"","","",2015-12-10
gcousinet,Graciela Cousinet,"Cousinet, Graciela",Mendoza,2013-12-10,2017-12-09,LIBRES DEL SUR,133,http://www.hcdn.gob.ar/diputados/gcousinet/,"","","",
gdurandc,Guillermo Mario Durand Cornejo,"Durand Cornejo, Guillermo Mario",Salta,2013-12-10,2017-12-09,UNION PRO,133,http://www.hcdn.gob.ar/diputados/gdurandc/,"","","",
gestevez,Gabriela Beatriz Estevez,"Estevez, Gabriela Beatriz",Cordoba,2015-12-10,2019-12-09,FRENTE PARA LA VICTORIA - PJ,133,http://www.hcdn.gob.ar/diputados/gestevez/,"","","",2015-12-10
gfernandezm,Gustavo Rodolfo Fernandez Mendia,"Fernandez Mendia, Gustavo Rodolfo",La Pampa,2013-12-10,2017-12-09,JUSTICIALISTA,133,http://www.hcdn.gob.ar/diputados/gfernandezm/,"","","",
gmartinezc,Gustavo Jose Martinez Campos,"Martinez Campos, Gustavo Jose",Chaco,2013-12-10,2017-12-09,JUSTICIALISTA,133,http://www.hcdn.gob.ar/diputados/gmartinezc/,"","","",
gnavarro,Graciela Navarro,"Navarro, Graciela",Santiago Del Estero,2015-12-10,2019-12-09,FRENTE CIVICO POR SANTIAGO,133,http://www.hcdn.gob.ar/diputados/gnavarro/,"","","",2015-12-10
gscaglia,Gisela Scaglia,"Scaglia, Gisela",Santa Fe,2013-12-10,2017-12-09,UNION PRO,133,http://www.hcdn.gob.ar/diputados/gscaglia/,"","","",
gsnopek,Guillermo Snopek,"Snopek, Guillermo",Jujuy,2015-12-10,2019-12-09,JUSTICIALISTA,133,http://www.hcdn.gob.ar/diputados/gsnopek/,"","","",2015-12-10
gtroiano,Gabriela Alejandra Troiano,"Troiano, Gabriela Alejandra",Buenos Aires,2013-12-10,2017-12-09,PARTIDO SOCIALISTA,133,http://www.hcdn.gob.ar/diputados/gtroiano/,"","","",
gvaldes,Gustavo Adolfo Valdes,"Valdes, Gustavo Adolfo",Corrientes,2013-12-10,2017-12-09,UCR,133,http://www.hcdn.gob.ar/diputados/gvaldes/,"","","",
halonso,Horacio Fernando Alonso,"Alonso, Horacio Fernando",Buenos Aires,2013-12-10,2017-12-09,FEDERAL UNIDOS POR UNA NUEVA ARGENTINA,133,http://www.hcdn.gob.ar/diputados/halonso/,"","","",
hbaldassi,Hector Baldassi,"Baldassi, Hector",Cordoba,2013-12-10,2017-12-09,UNION PRO,133,http://www.hcdn.gob.ar/diputados/hbaldassi/,"","","",
hbinner,Hermes Juan Binner,"Binner, Hermes Juan",Santa Fe,2013-12-10,2017-12-09,PARTIDO SOCIALISTA,133,http://www.hcdn.gob.ar/diputados/hbinner/,"","","",
hdaer,Hector Ricardo Daer,"Daer, Hector Ricardo",Buenos Aires,2013-12-10,2017-12-09,BLOQUE DE LOS TRABAJADORES,133,http://www.hcdn.gob.ar/diputados/hdaer/,"","","",
hgoicoechea,Horacio Goicoechea,"Goicoechea, Horacio",Chaco,2015-12-10,2019-12-09,UCR,133,http://www.hcdn.gob.ar/diputados/hgoicoechea/,"","","",2015-12-10
hgutierrez,Hector Maria Gutierrez,"Gutierrez, Hector Maria",Buenos Aires,2013-12-10,2017-12-09,UCR,133,http://www.hcdn.gob.ar/diputados/hgutierrez/,"","","",
hmarcucci,Hugo Maria Marcucci,"Marcucci, Hugo Maria",Santa Fe,2015-12-10,2019-12-09,UCR,133,http://www.hcdn.gob.ar/diputados/hmarcucci/,"","","",2015-12-10
holivares,Hector Enrique Olivares,"Olivares, Hector Enrique",La Rioja,2015-12-10,2019-12-09,UCR,133,http://www.hcdn.gob.ar/diputados/holivares/,"","","",2015-12-10
hrecalde,Hector Pedro Recalde,"Recalde, Hector Pedro",Buenos Aires,2013-12-10,2017-12-09,FRENTE PARA LA VICTORIA - PJ,133,http://www.hcdn.gob.ar/diputados/hrecalde/,"","","",
hroquel,Hector Alberto Roquel,"Roquel, Hector Alberto",Santa Cruz,2015-12-10,2019-12-09,UCR,133,http://www.hcdn.gob.ar/diputados/hroquel/,"","","",2015-12-10
htentor,Hector Olindo Tentor,"Tentor, Hector Olindo",Jujuy,2013-12-10,2017-12-09,JUSTICIALISTA,133,http://www.hcdn.gob.ar/diputados/htentor/,"","","",
ibianchi,Ivana Maria Bianchi,"Bianchi, Ivana Maria",San Luis,2015-12-10,2019-12-09,COMPROMISO FEDERAL,133,http://www.hcdn.gob.ar/diputados/ibianchi/,"","","",2015-12-10
ilotto,Ines Beatriz Lotto,"Lotto, Ines Beatriz",Formosa,2015-12-10,2019-12-09,FRENTE PARA LA VICTORIA - PJ,133,http://www.hcdn.gob.ar/diputados/ilotto/,"","","",2015-12-10
jbarreto,Jorge Ruben Barreto,"Barreto, Jorge Ruben",Entre Rios,2013-12-10,2017-12-09,FRENTE PARA LA VICTORIA - PJ,133,http://www.hcdn.gob.ar/diputados/jbarreto/,"","","",
jbrugge,Juan Fernando Brügge,"Brügge, Juan Fernando",Cordoba,2015-12-10,2019-12-09,UNIDOS POR UNA NUEVA ARGENTINA,133,http://www.hcdn.gob.ar/diputados/jbrugge/,"","","",2015-12-10
jcabandie,Juan Cabandie,"Cabandie, Juan",Ciudad De Buenos Aires,2013-12-10,2017-12-09,FRENTE PARA LA VICTORIA - PJ,133,http://www.hcdn.gob.ar/diputados/jcabandie/,"","","",
jcasanas,Juan Francisco Casañas,"Casañas, Juan Francisco",Tucuman,2013-12-10,2017-12-09,DEL BICENTENARIO,133,http://www.hcdn.gob.ar/diputados/jcasanas/,"","","",
jdagostino,Jorge Marcelo D'agostino,"D'agostino, Jorge Marcelo",Entre Rios,2013-12-10,2017-12-09,UCR,133,http://www.hcdn.gob.ar/diputados/jdagostino/,"","","",
jdavid,Nestor Javier David,"David, Nestor Javier",Salta,2015-12-10,2019-12-09,JUSTICIALISTA,133,http://www.hcdn.gob.ar/diputados/jdavid/,"","","",2015-12-10
jdemendiguren,Jose Ignacio De Mendiguren,"De Mendiguren, Jose Ignacio",Buenos Aires,2013-12-10,2017-12-09,FEDERAL UNIDOS POR UNA NUEVA ARGENTINA,133,http://www.hcdn.gob.ar/diputados/jdemendiguren/,"","","",
jdevido,Julio De Vido,"De Vido, Julio",Buenos Aires,2015-12-10,2019-12-09,FRENTE PARA LA VICTORIA - PJ,133,http://www.hcdn.gob.ar/diputados/jdevido/,"","","",2015-12-10
jdiazr,Juan Carlos Diaz Roig,"Diaz Roig, Juan Carlos",Formosa,2013-12-10,2017-12-09,FRENTE PARA LA VICTORIA - PJ,133,http://www.hcdn.gob.ar/diputados/jdiazr/,"","","",
jdindart,Julian Dindart,"Dindart, Julian",Corrientes,2015-12-10,2019-12-09,UCR,133,http://www.hcdn.gob.ar/diputados/jdindart/,"","","",2015-12-10
jditullio,Juliana Di Tullio,"Di Tullio, Juliana",Buenos Aires,2013-12-10,2017-12-09,FRENTE PARA LA VICTORIA - PJ,133,http://www.hcdn.gob.ar/diputados/jditullio/,"","","",
jforellana,Jose Fernando Orellana,"Orellana, Jose Fernando",Tucuman,2015-12-10,2019-12-09,PRIMERO TUCUMAN,133,http://www.hcdn.gob.ar/diputados/jforellana/,"","","",2015-12-10
jfranco,Jorge Daniel Franco,"Franco, Jorge Daniel",Misiones,2015-12-10,2019-12-09,FRENTE DE LA CONCORDIA MISIONERO,133,http://www.hcdn.gob.ar/diputados/jfranco/,"","","",2015-12-10
jgioja,Jose Luis Gioja,"Gioja, Jose Luis",San Juan,2015-12-10,2019-12-09,FRENTE PARA LA VICTORIA - PJ,133,http://www.hcdn.gob.ar/diputados/jgioja/,"","","",2015-12-10
jgiordano,Juan Carlos Giordano,"Giordano, Juan Carlos",Buenos Aires,2013-12-10,2017-12-09,IZQUIERDA SOCIALISTA - FRENTE DE IZQUIERDA,133,http://www.hcdn.gob.ar/diputados/jgiordano/,"","","",
jherrera,Jose Alberto Herrera,"Herrera, Jose Alberto",Santiago Del Estero,2015-12-10,2019-12-09,FRENTE CIVICO POR SANTIAGO,133,http://www.hcdn.gob.ar/diputados/jherrera/,"","","",2015-12-10
jhuss,Juan Manuel Huss,"Huss, Juan Manuel",Entre Rios,2015-12-10,2019-12-09,FRENTE PARA LA VICTORIA - PJ,133,http://www.hcdn.gob.ar/diputados/jhuss/,"","","",2015-12-10
jnunez,Jose Carlos Nuñez,"Nuñez, Jose Carlos",Santa Fe,2015-12-10,2019-12-09,UNION PRO,133,http://www.hcdn.gob.ar/diputados/jnunez/,"","","",2015-12-10
jpatino,Jose Luis Patiño,"Patiño, Jose Luis",Ciudad De Buenos Aires,2013-12-10,2017-12-09,UNION PRO,133,http://www.hcdn.gob.ar/diputados/jpatino/,"","","",
jpedrini,Juan Manuel Pedrini,"Pedrini, Juan Manuel",Chaco,2013-12-10,2017-12-09,FRENTE PARA LA VICTORIA - PJ,133,http://www.hcdn.gob.ar/diputados/jpedrini/,"","","",
jpereyra,Juan Manuel Pereyra,"Pereyra, Juan Manuel",Cordoba,2015-12-10,2019-12-09,CONCERTACION FORJA,133,http://www.hcdn.gob.ar/diputados/jpereyra/,"","","",2015-12-10
jpretto,Pedro Javier Pretto,"Pretto, Pedro Javier",Cordoba,2015-12-10,2019-12-09,UNION PRO,133,http://www.hcdn.gob.ar/diputados/jpretto/,"","","",2015-12-10
jraffo,Julio Raffo,"Raffo, Julio",Ciudad De Buenos Aires,2013-12-10,2017-12-09,DIALOGO Y TRABAJO,133,http://www.hcdn.gob.ar/diputados/jraffo/,"","","",
jriccardo,Jose Luis Riccardo,"Riccardo, Jose Luis",San Luis,2013-12-10,2017-12-09,UCR,133,http://www.hcdn.gob.ar/diputados/jriccardo/,"","","",
jruiza,Jose Arnaldo Ruiz Aragon,"Ruiz Aragon, Jose Arnaldo",Corrientes,2015-12-10,2019-12-09,FRENTE PARA LA VICTORIA - PJ,133,http://www.hcdn.gob.ar/diputados/jruiza/,"","","",2015-12-10
jsolanas,Julio Rodolfo Solanas,"Solanas, Julio Rodolfo",Entre Rios,2015-12-10,2019-12-09,FRENTE PARA LA VICTORIA - PJ,133,http://www.hcdn.gob.ar/diputados/jsolanas/,"","","",2015-12-10
jtaboada,Jorge Taboada,"Taboada, Jorge",Chubut,2015-12-10,2019-12-09,CHUBUT SOMOS TODOS,133,http://www.hcdn.gob.ar/diputados/jtaboada/,"","","",2015-12-10
jvgonzalez,Josefina Victoria Gonzalez,"Gonzalez, Josefina Victoria",Santa Fe,2013-12-10,2017-12-09,FRENTE PARA LA VICTORIA - PJ,133,http://www.hcdn.gob.ar/diputados/jvgonzalez/,"","","",
jvillalonga,Juan Carlos Villalonga,"Villalonga, Juan Carlos",Ciudad De Buenos Aires,2015-12-10,2019-12-09,UNION PRO,133,http://www.hcdn.gob.ar/diputados/jvillalonga/,"","","",2015-12-10
kbanfi,Karina Banfi,"Banfi, Karina",Buenos Aires,2015-12-10,2019-12-09,UCR,133,http://www.hcdn.gob.ar/diputados/kbanfi/,"","","",2015-12-10
kmolina,Karina Alejandra Molina,"Molina, Karina Alejandra",La Rioja,2015-12-10,2019-12-09,UNION PRO,133,http://www.hcdn.gob.ar/diputados/kmolina/,"","","",2015-12-10
lbardeggia,Luis Maria Bardeggia,"Bardeggia, Luis Maria",Rio Negro,2013-12-10,2017-12-09,FRENTE PARA LA VICTORIA - PJ,133,http://www.hcdn.gob.ar/diputados/lbardeggia/,"","","",
lbasterra,Luis Eugenio Basterra,"Basterra, Luis Eugenio",Formosa,2015-12-10,2019-12-09,FRENTE PARA LA VICTORIA - PJ,133,http://www.hcdn.gob.ar/diputados/lbasterra/,"","","",2015-12-10
lborsani,Luis Gustavo Borsani,"Borsani, Luis Gustavo",Mendoza,2015-12-10,2019-12-09,UCR,133,http://www.hcdn.gob.ar/diputados/lborsani/,"","","",2015-12-10
lcigogna,Luis Francisco Jorge Cigogna,"Cigogna, Luis Francisco Jorge",Buenos Aires,2013-12-10,2017-12-09,FRENTE PARA LA VICTORIA - PJ,133,http://www.hcdn.gob.ar/diputados/lcigogna/,"","","",
ldeponti,Lucila Maria De Ponti,"De Ponti, Lucila Maria",Santa Fe,2015-12-10,2019-12-09,PERONISMO PARA LA VICTORIA,133,http://www.hcdn.gob.ar/diputados/ldeponti/,"","","",2015-12-10
ldure,Lucila Beatriz Dure,"Dure, Lucila Beatriz",Formosa,2013-12-10,2017-12-09,PARTIDO SOCIALISTA,133,http://www.hcdn.gob.ar/diputados/ldure/,"","","",
lgervasoni,Lautaro Gervasoni,"Gervasoni, Lautaro",Entre Rios,2013-12-10,2017-12-09,FRENTE PARA LA VICTORIA - PJ,133,http://www.hcdn.gob.ar/diputados/lgervasoni/,"","","",
lgrosso,Leonardo Grosso,"Grosso, Leonardo",Buenos Aires,2015-12-10,2019-12-09,PERONISMO PARA LA VICTORIA,133,http://www.hcdn.gob.ar/diputados/lgrosso/,"","","",2015-12-10
lherrera,Luis Beder Herrera,"Herrera, Luis Beder",La Rioja,2015-12-10,2019-12-09,JUSTICIALISTA,133,http://www.hcdn.gob.ar/diputados/lherrera/,"","","",2015-12-10
lincicco,Lucas Ciriaco Incicco,"Incicco, Lucas Ciriaco",Santa Fe,2015-12-10,2019-12-09,UNION PRO,133,http://www.hcdn.gob.ar/diputados/lincicco/,"","","",2015-12-10
llaspina,Luciano Andres Laspina,"Laspina, Luciano Andres",Santa Fe,2013-12-10,2017-12-09,UNION PRO,133,http://www.hcdn.gob.ar/diputados/llaspina/,"","","",
llopezk,Leandro Gaston Lopez Koenig,"Lopez Koenig, Leandro Gaston",Neuquen,2015-12-10,2019-12-09,UNION PRO,133,http://www.hcdn.gob.ar/diputados/llopezk/,"","","",2015-12-10
lmartinez,Leonor Maria Martinez Villada,"Martinez Villada, Leonor Maria",Cordoba,2015-12-10,2019-12-09,COALICION CIVICA,133,http://www.hcdn.gob.ar/diputados/lmartinez/,"","","",2015-12-10
lmazure,Liliana Amalia Mazure,"Mazure, Liliana Amalia",Ciudad De Buenos Aires,2013-12-10,2017-12-09,FRENTE PARA LA VICTORIA - PJ,133,http://www.hcdn.gob.ar/diputados/lmazure/,"","","",
lpastori,Luis Mario Pastori,"Pastori, Luis Mario",Misiones,2013-12-10,2017-12-09,UCR,133,http://www.hcdn.gob.ar/diputados/lpastori/,"","","",
lpetri,Luis Alfonso Petri,"Petri, Luis Alfonso",Mendoza,2013-12-10,2017-12-09,UCR,133,http://www.hcdn.gob.ar/diputados/lpetri/,"","","",
ltailhade,Luis Rodolfo Tailhade,"Tailhade, Luis Rodolfo",Buenos Aires,2015-12-10,2019-12-09,FRENTE PARA LA VICTORIA - PJ,133,http://www.hcdn.gob.ar/diputados/ltailhade/,"","","",2015-12-10
lvolnovich,Luana Volnovich,"Volnovich, Luana",Buenos Aires,2015-12-10,2019-12-09,FRENTE PARA LA VICTORIA - PJ,133,http://www.hcdn.gob.ar/diputados/lvolnovich/,"","","",2015-12-10
malvarezr,Maria Cristina Alvarez Rodriguez,"Alvarez Rodriguez, Maria Cristina",Buenos Aires,2015-12-10,2019-12-09,FRENTE PARA LA VICTORIA - PJ,133,http://www.hcdn.gob.ar/diputados/malvarezr/,"","","",2015-12-10
mbarletta,Mario Domingo Barletta,"Barletta, Mario Domingo",Santa Fe,2013-12-10,2017-12-09,UCR,133,http://www.hcdn.gob.ar/diputados/mbarletta/,"","","",
mbazze,Miguel Angel Bazze,"Bazze, Miguel Angel",Buenos Aires,2015-12-10,2019-12-09,UCR,133,http://www.hcdn.gob.ar/diputados/mbazze/,"","","",2015-12-10
mbrezzo,Maria Eugenia Brezzo,"Brezzo, Maria Eugenia",Cordoba,2013-12-10,2017-12-09,UNIDOS POR UNA NUEVA ARGENTINA,133,http://www.hcdn.gob.ar/diputados/mbrezzo/,"","","",
mbritez,Maria Cristina Britez,"Britez, Maria Cristina",Misiones,2015-12-10,2019-12-09,FRENTE PARA LA VICTORIA - PJ,133,http://www.hcdn.gob.ar/diputados/mbritez/,"","","",2015-12-10
mburgos,Maria Gabriela Burgos,"Burgos, Maria Gabriela",Jujuy,2013-12-10,2017-12-09,UCR,133,http://www.hcdn.gob.ar/diputados/mburgos/,"","","",
mcleri,Marcos Cleri,"Cleri, Marcos",Santa Fe,2015-12-10,2019-12-09,FRENTE PARA LA VICTORIA - PJ,133,http://www.hcdn.gob.ar/diputados/mcleri/,"","","",2015-12-10
mcloss,Maurice Fabian Closs,"Closs, Maurice Fabian",Misiones,2015-12-10,2019-12-09,FRENTE DE LA CONCORDIA MISIONERO,133,http://www.hcdn.gob.ar/diputados/mcloss/,"","","",2015-12-10
mcremer,Maria Cristina Cremer De Busti,"Cremer De Busti, Maria Cristina",Entre Rios,2013-12-10,2017-12-09,UNION POR ENTRE RIOS,133,http://www.hcdn.gob.ar/diputados/mcremer/,"","","",
mehcosor,Maria Azucena Ehcosor,"Ehcosor, Maria Azucena",Buenos Aires,2013-12-10,2017-12-09,FEDERAL UNIDOS POR UNA NUEVA ARGENTINA,133,http://www.hcdn.gob.ar/diputados/mehcosor/,"","","",
mgallardo,Miriam Graciela Gallardo,"Gallardo, Miriam Graciela",Tucuman,2013-12-10,2017-12-09,FRENTE PARA LA VICTORIA - PJ,133,http://www.hcdn.gob.ar/diputados/mgallardo/,"","","",
mgarcia,Maria Teresa Garcia,"Garcia, Maria Teresa",Buenos Aires,2013-12-10,2017-12-09,FRENTE PARA LA VICTORIA - PJ,133,http://www.hcdn.gob.ar/diputados/mgarcia/,"","","",
mgomezb,Mauricio Ricardo Gomez Bull,"Gomez Bull, Mauricio Ricardo",Santa Cruz,2013-12-10,2017-12-09,FRENTE PARA LA VICTORIA - PJ,133,http://www.hcdn.gob.ar/diputados/mgomezb/,"","","",
mguerin,Maria Isabel Guerin,"Guerin, Maria Isabel",Buenos Aires,2015-12-10,2019-12-09,FRENTE PARA LA VICTORIA - PJ,133,http://www.hcdn.gob.ar/diputados/mguerin/,"","","",2015-12-10
mhernandez,Martin Osvaldo Hernandez,"Hernandez, Martin Osvaldo",Formosa,2015-12-10,2019-12-09,UCR,133,http://www.hcdn.gob.ar/diputados/mhernandez/,"","","",2015-12-10
mhjuarez,Manuel Humberto Juarez,"Juarez, Manuel Humberto",Santiago Del Estero,2013-12-10,2017-12-09,FRENTE CIVICO POR SANTIAGO,133,http://www.hcdn.gob.ar/diputados/mhjuarez/,"","","",
mjuarez,Myrian Del Valle Juarez,"Juarez, Myrian Del Valle",Catamarca,2013-12-10,2017-12-09,FRENTE CIVICO Y SOCIAL DE CATAMARCA,133,http://www.hcdn.gob.ar/diputados/mjuarez/,"","","",
mkirchner,Maximo Carlos Kirchner,"Kirchner, Maximo Carlos",Santa Cruz,2015-12-10,2019-12-09,FRENTE PARA LA VICTORIA - PJ,133,http://www.hcdn.gob.ar/diputados/mkirchner/,"","","",2015-12-10
mlavagna,Marco Lavagna,"Lavagna, Marco",Ciudad De Buenos Aires,2015-12-10,2019-12-09,FEDERAL UNIDOS POR UNA NUEVA ARGENTINA,133,http://www.hcdn.gob.ar/diputados/mlavagna/,"","","",2015-12-10
mlitza,Monica Edith Litza,"Litza, Monica Edith",Buenos Aires,2013-12-10,2017-12-09,FEDERAL UNIDOS POR UNA NUEVA ARGENTINA,133,http://www.hcdn.gob.ar/diputados/mlitza/,"","","",
mlopardo,Maria Paula Lopardo,"Lopardo, Maria Paula",Ciudad De Buenos Aires,2013-12-10,2017-12-09,UNION PRO,133,http://www.hcdn.gob.ar/diputados/mlopardo/,"","","",
mmaquieyra,Martin Maquieyra,"Maquieyra, Martin",La Pampa,2013-12-10,2017-12-09,UNION PRO,133,http://www.hcdn.gob.ar/diputados/mmaquieyra/,"","","",
mmasin,Maria Lucila Masin,"Masin, Maria Lucila",Chaco,2015-12-10,2019-12-09,FRENTE PARA LA VICTORIA - PJ,133,http://www.hcdn.gob.ar/diputados/mmasin/,"","","",2015-12-10
mmendoza,Mayra Soledad Mendoza,"Mendoza, Mayra Soledad",Buenos Aires,2015-12-10,2019-12-09,FRENTE PARA LA VICTORIA - PJ,133,http://www.hcdn.gob.ar/diputados/mmendoza/,"","","",2015-12-10
mmonfort,Marcelo Alejandro Monfort,"Monfort, Marcelo Alejandro",Entre Rios,2015-12-10,2019-12-09,UCR,133,http://www.hcdn.gob.ar/diputados/mmonfort/,"","","",2015-12-10
mmorales,Mariana Elizabet Morales,"Morales, Mariana Elizabet",Santiago Del Estero,2015-12-10,2019-12-09,FEDERAL UNIDOS POR UNA NUEVA ARGENTINA,133,http://www.hcdn.gob.ar/diputados/mmorales/,"","","",2015-12-10
mnanniv,Miguel Nanni,"Nanni, Miguel",Salta,2015-12-10,2019-12-09,UCR,133,http://www.hcdn.gob.ar/diputados/mnanniv/,"","","",2015-12-10
mnegri,Mario Raul Negri,"Negri, Mario Raul",Cordoba,2015-12-10,2019-12-09,UCR,133,http://www.hcdn.gob.ar/diputados/mnegri/,"","","",2015-12-10
mpasso,Marcela Fabiana Passo,"Passo, Marcela Fabiana",Buenos Aires,2015-12-10,2019-12-09,FEDERAL UNIDOS POR UNA NUEVA ARGENTINA,133,http://www.hcdn.gob.ar/diputados/mpasso/,"","","",2015-12-10
mpastoriza,Mirta Ameliana Pastoriza,"Pastoriza, Mirta Ameliana",Santiago Del Estero,2015-12-10,2019-12-09,FRENTE CIVICO POR SANTIAGO,133,http://www.hcdn.gob.ar/diputados/mpastoriza/,"","","",2015-12-10
mpenalozam,Maria Florencia Peñaloza Marianetti,"Peñaloza Marianetti, Maria Florencia",San Juan,2015-12-10,2019-12-09,COMPROMISO CON SAN JUAN,133,http://www.hcdn.gob.ar/diputados/mpenalozam/,"","","",2015-12-10
mperez,Martin Alejandro Perez,"Perez, Martin Alejandro",Tierra Del Fuego,2013-12-10,2017-12-09,FRENTE PARA LA VICTORIA - PJ,133,http://www.hcdn.gob.ar/diputados/mperez/,"","","",
mrodriguez,Matias David Rodriguez,"Rodriguez, Matias David",Tierra Del Fuego,2015-12-10,2019-12-09,FRENTE PARA LA VICTORIA - PJ,133,http://www.hcdn.gob.ar/diputados/mrodriguez/,"","","",2015-12-10
mscarrizo,Maria Soledad Carrizo,"Carrizo, Maria Soledad",Cordoba,2013-12-10,2017-12-09,UCR,133,http://www.hcdn.gob.ar/diputados/mscarrizo/,"","","",
mschwindt,Maria Liliana Schwindt,"Schwindt, Maria Liliana",Buenos Aires,2013-12-10,2017-12-09,FEDERAL UNIDOS POR UNA NUEVA ARGENTINA,133,http://www.hcdn.gob.ar/diputados/mschwindt/,"","","",
msemhan,Maria De Las Mercedes Semhan,"Semhan, Maria De Las Mercedes",Corrientes,2013-12-10,2017-12-09,UCR,133,http://www.hcdn.gob.ar/diputados/msemhan/,"","","",
msorgente,Marcelo Adolfo Sorgente,"Sorgente, Marcelo Adolfo",Ciudad De Buenos Aires,2013-12-10,2017-12-09,UNION PRO,133,http://www.hcdn.gob.ar/diputados/msorgente/,"","","",
msoria,Maria Emilia Soria,"Soria, Maria Emilia",Rio Negro,2013-12-10,2017-12-09,FRENTE PARA LA VICTORIA - PJ,133,http://www.hcdn.gob.ar/diputados/msoria/,"","","",
mstolbizer,Margarita Rosa Stolbizer,"Stolbizer, Margarita Rosa",Buenos Aires,2013-12-10,2017-12-09,GEN,133,http://www.hcdn.gob.ar/diputados/mstolbizer/,"","","",
mtundis,Mirta Tundis,"Tundis, Mirta",Buenos Aires,2013-12-10,2017-12-09,FEDERAL UNIDOS POR UNA NUEVA ARGENTINA,133,http://www.hcdn.gob.ar/diputados/mtundis/,"","","",
mvega,Maria Clara Del Valle Vega,"Vega, Maria Clara Del Valle",La Rioja,2013-12-10,2017-12-09,UCR,133,http://www.hcdn.gob.ar/diputados/mvega/,"","","",
mvillarm,Maria Ines Villar Molina,"Villar Molina, Maria Ines",Neuquen,2013-12-10,2017-12-09,MOV POP NEUQUINO,133,http://www.hcdn.gob.ar/diputados/mvillarm/,"","","",
mwechsler,Marcelo German Wechsler,"Wechsler, Marcelo German",Ciudad De Buenos Aires,2015-12-10,2019-12-09,UNION PRO,133,http://www.hcdn.gob.ar/diputados/mwechsler/,"","","",2015-12-10
nabdaladem,Norma Amanda Abdala De Matarazzo,"Abdala De Matarazzo, Norma Amanda",Santiago Del Estero,2013-12-10,2017-12-09,FRENTE CIVICO POR SANTIAGO,133,http://www.hcdn.gob.ar/diputados/nabdaladem/,"","","",
ncarrizo,Nilda Mabel Carrizo,"Carrizo, Nilda Mabel",Tucuman,2013-12-10,2017-12-09,FRENTE PARA LA VICTORIA - PJ,133,http://www.hcdn.gob.ar/diputados/ncarrizo/,"","","",
ngarre,Nilda Celia Garre,"Garre, Nilda Celia",Ciudad De Buenos Aires,2015-12-10,2019-12-09,FRENTE PARA LA VICTORIA - PJ,133,http://www.hcdn.gob.ar/diputados/ngarre/,"","","",2015-12-10
ngonzalezs,Nathalia Ines Gonzalez Seligra,"Gonzalez Seligra, Nathalia Ines",Buenos Aires,2015-12-10,2019-12-09,PTS - FRENTE DE IZQUIERDA,133,http://www.hcdn.gob.ar/diputados/ngonzalezs/,"","","",2015-12-10
nmassot,Nicolas Maria Massot,"Massot, Nicolas Maria",Cordoba,2015-12-10,2019-12-09,UNION PRO,133,http://www.hcdn.gob.ar/diputados/nmassot/,"","","",2015-12-10
ntomassi,Nestor Nicolas Tomassi,"Tomassi, Nestor Nicolas",Catamarca,2013-12-10,2017-12-09,JUSTICIALISTA,133,http://www.hcdn.gob.ar/diputados/ntomassi/,"","","",
oamartinez,Oscar Anselmo Martinez,"Martinez, Oscar Anselmo",Tierra Del Fuego,2013-12-10,2017-12-09,MOVIMIENTO SOLIDARIO POPULAR,133,http://www.hcdn.gob.ar/diputados/oamartinez/,"","","",
omacias,Oscar Alberto Macias,"Macias, Oscar Alberto",Corrientes,2015-12-10,2019-12-09,JUSTICIALISTA,133,http://www.hcdn.gob.ar/diputados/omacias/,"","","",2015-12-10
oplaini,Francisco Omar Plaini,"Plaini, Francisco Omar",Buenos Aires,2013-12-10,2017-12-09,"CULTURA, EDUCACION Y TRABAJO",133,http://www.hcdn.gob.ar/diputados/oplaini/,"","","",
orista,Olga Maria Rista,"Rista, Olga Maria",Cordoba,2015-12-10,2019-12-09,UCR,133,http://www.hcdn.gob.ar/diputados/orista/,"","","",2015-12-10
oromero,Oscar Alberto Romero,"Romero, Oscar Alberto",Buenos Aires,2013-12-10,2017-12-09,JUSTICIALISTA,133,http://www.hcdn.gob.ar/diputados/oromero/,"","","",
overag,Orieta Cecilia Vera Gonzalez,"Vera Gonzalez, Orieta Cecilia",Catamarca,2015-12-10,2019-12-09,COALICION CIVICA,133,http://www.hcdn.gob.ar/diputados/overag/,"","","",2015-12-10
pgimenez,Patricia Viviana Gimenez,"Gimenez, Patricia Viviana",Mendoza,2013-12-10,2017-12-09,UCR,133,http://www.hcdn.gob.ar/diputados/pgimenez/,"","","",
pkosiner,Pablo Francisco Juan Kosiner,"Kosiner, Pablo Francisco Juan",Salta,2015-12-10,2019-12-09,JUSTICIALISTA,133,http://www.hcdn.gob.ar/diputados/pkosiner/,"","","",2015-12-10
plopez,Pablo Sebastian Lopez,"Lopez, Pablo Sebastian",Salta,2013-12-10,2017-12-09,FRENTE DE IZQUIERDA Y DE LOS TRABAJADORES,133,http://www.hcdn.gob.ar/diputados/plopez/,"","","",
pmiranda,Pedro Ruben Miranda,"Miranda, Pedro Ruben",Mendoza,2015-12-10,2019-12-09,JUSTICIALISTA,133,http://www.hcdn.gob.ar/diputados/pmiranda/,"","","",2015-12-10
ptonelli,Pablo Gabriel Tonelli,"Tonelli, Pablo Gabriel",Ciudad De Buenos Aires,2015-12-10,2019-12-09,UNION PRO,133,http://www.hcdn.gob.ar/diputados/ptonelli/,"","","",2015-12-10
ptorello,Pablo Torello,"Torello, Pablo",Buenos Aires,2015-12-10,2019-12-09,UNION PRO,133,http://www.hcdn.gob.ar/diputados/ptorello/,"","","",2015-12-10
purroz,Paula Marcela Urroz,"Urroz, Paula Marcela",Buenos Aires,2015-12-10,2019-12-09,UNION PRO,133,http://www.hcdn.gob.ar/diputados/purroz/,"","","",2015-12-10
ralfonsin,Ricardo Luis Alfonsin,"Alfonsin, Ricardo Luis",Buenos Aires,2013-12-10,2017-12-09,UCR,133,http://www.hcdn.gob.ar/diputados/ralfonsin/,"","","",
rbernabey,Ramon Ernesto Bernabey,"Bernabey, Ramon Ernesto",Cordoba,2013-12-10,2017-12-09,BRIGADIER GENERAL JUAN BAUTISTA BUSTOS,133,http://www.hcdn.gob.ar/diputados/rbernabey/,"","","",
rcarlotto,Remo Gerardo Carlotto,"Carlotto, Remo Gerardo",Buenos Aires,2013-12-10,2017-12-09,PERONISMO PARA LA VICTORIA,133,http://www.hcdn.gob.ar/diputados/rcarlotto/,"","","",
rdominguez,Ramon Alfredo Dominguez,"Dominguez, Ramon Alfredo",San Luis,2013-12-10,2017-12-09,COMPROMISO FEDERAL,133,http://www.hcdn.gob.ar/diputados/rdominguez/,"","","",
rperez,Raul Joaquin Perez,"Perez, Raul Joaquin",Buenos Aires,2015-12-10,2019-12-09,FEDERAL UNIDOS POR UNA NUEVA ARGENTINA,133,http://www.hcdn.gob.ar/diputados/rperez/,"","","",2015-12-10
rrodriguez,Rodrigo Martin Rodriguez,"Rodriguez, Rodrigo Martin",Buenos Aires,2015-12-10,2019-12-09,FRENTE PARA LA VICTORIA - PJ,133,http://www.hcdn.gob.ar/diputados/rrodriguez/,"","","",2015-12-10
rspinozzi,Ricardo Adrian Spinozzi,"Spinozzi, Ricardo Adrian",Santa Fe,2013-12-10,2017-12-09,UNION PRO,133,http://www.hcdn.gob.ar/diputados/rspinozzi/,"","","",
rtovares,Ramon Alberto Tovares,"Tovares, Ramon Alberto",San Juan,2013-12-10,2017-12-09,FRENTE PARA LA VICTORIA - PJ,133,http://www.hcdn.gob.ar/diputados/rtovares/,"","","",
sacerenza,Samanta Maria Celeste Acerenza,"Acerenza, Samanta Maria Celeste",Buenos Aires,2015-12-10,2019-12-09,UNION PRO,133,http://www.hcdn.gob.ar/diputados/sacerenza/,"","","",2015-12-10
samartinez,Silvia Alejandra Martinez,"Martinez, Silvia Alejandra",Jujuy,2015-12-10,2019-12-09,UCR,133,http://www.hcdn.gob.ar/diputados/samartinez/,"","","",2015-12-10
sbermejo,Sixto Osvaldo Bermejo,"Bermejo, Sixto Osvaldo",Chubut,2013-12-10,2017-12-09,TRABAJO Y DIGNIDAD,133,http://www.hcdn.gob.ar/diputados/sbermejo/,"","","",
sbuil,Sergio Omar Buil,"Buil, Sergio Omar",Buenos Aires,2015-12-10,2019-12-09,UNION PRO,133,http://www.hcdn.gob.ar/diputados/sbuil/,"","","",2015-12-10
scastro,Sandra Daniela Castro,"Castro, Sandra Daniela",San Juan,2013-12-10,2017-12-09,FRENTE PARA LA VICTORIA - PJ,133,http://www.hcdn.gob.ar/diputados/scastro/,"","","",
sfrana,Silvina Patricia Frana,"Frana, Silvina Patricia",Santa Fe,2015-12-10,2019-12-09,FRENTE PARA LA VICTORIA - PJ,133,http://www.hcdn.gob.ar/diputados/sfrana/,"","","",2015-12-10
sguzman,Sandro Adrian Guzman,"Guzman, Sandro Adrian",Buenos Aires,2013-12-10,2017-12-09,FRENTE NORTE,133,http://www.hcdn.gob.ar/diputados/sguzman/,"","","",
shorne,Silvia Renee Horne,"Horne, Silvia Renee",Rio Negro,2015-12-10,2019-12-09,PERONISMO PARA LA VICTORIA,133,http://www.hcdn.gob.ar/diputados/shorne/,"","","",2015-12-10
shuczak,Stella Maris Huczak,"Huczak, Stella Maris",Mendoza,2015-12-10,2019-12-09,UNION PRO,133,http://www.hcdn.gob.ar/diputados/shuczak/,"","","",2015-12-10
sigon,Santiago Nicolas Igon,"Igon, Santiago Nicolas",Chubut,2015-12-10,2019-12-09,FRENTE PARA LA VICTORIA - PJ,133,http://www.hcdn.gob.ar/diputados/sigon/,"","","",2015-12-10
slospennato,Silvia Gabriela Lospennato,"Lospennato, Silvia Gabriela",Buenos Aires,2015-12-10,2019-12-09,UNION PRO,133,http://www.hcdn.gob.ar/diputados/slospennato/,"","","",2015-12-10
smartinez,Soledad Martinez,"Martinez, Soledad",Buenos Aires,2013-12-10,2017-12-09,UNION PRO,133,http://www.hcdn.gob.ar/diputados/smartinez/,"","","",
smassa,Sergio Tomas Massa,"Massa, Sergio Tomas",Buenos Aires,2013-12-10,2017-12-09,FEDERAL UNIDOS POR UNA NUEVA ARGENTINA,133,http://www.hcdn.gob.ar/diputados/smassa/,"","","",
smendoza,Sandra Marcela Mendoza,"Mendoza, Sandra Marcela",Chaco,2013-12-10,2017-12-09,FRENTE PARA LA VICTORIA - PJ,133,http://www.hcdn.gob.ar/diputados/smendoza/,"","","",
srisko,Silvia Lucrecia Risko,"Risko, Silvia Lucrecia",Misiones,2013-12-10,2017-12-09,FRENTE DE LA CONCORDIA MISIONERO,133,http://www.hcdn.gob.ar/diputados/srisko/,"","","",
ssosa,Soledad Sosa,"Sosa, Soledad",Mendoza,2013-12-10,2017-12-09,FRENTE DE IZQUIERDA Y DE LOS TRABAJADORES,133,http://www.hcdn.gob.ar/diputados/ssosa/,"","","",
stoledo,Susana Maria Toledo,"Toledo, Susana Maria",Santa Cruz,2013-12-10,2017-12-09,UCR,133,http://www.hcdn.gob.ar/diputados/stoledo/,"","","",
swisky,Sergio Javier Wisky,"Wisky, Sergio Javier",Rio Negro,2015-12-10,2019-12-09,UNION PRO,133,http://www.hcdn.gob.ar/diputados/swisky/,"","","",2015-12-10
sziliotto,Sergio Raul Ziliotto,"Ziliotto, Sergio Raul",La Pampa,2015-12-10,2019-12-09,JUSTICIALISTA,133,http://www.hcdn.gob.ar/diputados/sziliotto/,"","","",2015-12-10
tmadera,Teresita Madera,"Madera, Teresita",La Rioja,2013-12-10,2017-12-09,JUSTICIALISTA,133,http://www.hcdn.gob.ar/diputados/tmadera/,"","","",
tvillavicencio,Maria Teresita Villavicencio,"Villavicencio, Maria Teresita",Tucuman,2015-12-10,2019-12-09,DEL BICENTENARIO,133,http://www.hcdn.gob.ar/diputados/tvillavicencio/,"","","",2015-12-10
vcouly,Veronica Carolina Couly,"Couly, Veronica Carolina",Buenos Aires,2013-12-10,2017-12-09,FEDERAL UNIDOS POR UNA NUEVA ARGENTINA,133,http://www.hcdn.gob.ar/diputados/vcouly/,"","","",
vdondap,Victoria Analia Donda Perez,"Donda Perez, Victoria Analia",Ciudad De Buenos Aires,2015-12-10,2019-12-09,LIBRES DEL SUR,133,http://www.hcdn.gob.ar/diputados/vdondap/,"","","",2015-12-10
vmassetani,Vanesa Laura Massetani,"Massetani, Vanesa Laura",Santa Fe,2015-12-10,2019-12-09,FEDERAL UNIDOS POR UNA NUEVA ARGENTINA,133,http://www.hcdn.gob.ar/diputados/vmassetani/,"","","",2015-12-10
vmercado,Veronica Mercado,"Mercado, Veronica",Catamarca,2015-12-10,2019-12-09,FRENTE PARA LA VICTORIA - PJ,133,http://www.hcdn.gob.ar/diputados/vmercado/,"","","",2015-12-10
wsantillan,Walter Marcelo Santillan,"Santillan, Walter Marcelo",Tucuman,2015-12-10,2019-12-09,FRENTE PARA LA VICTORIA - PJ,133,http://www.hcdn.gob.ar/diputados/wsantillan/,"","","",2015-12-10
wwolff,Waldo Ezequiel Wolff,"Wolff, Waldo Ezequiel",Buenos Aires,2015-12-10,2019-12-09,UNION PRO,133,http://www.hcdn.gob.ar/diputados/wwolff/,"","","",2015-12-10
ygayol,Yanina Celeste Gayol,"Gayol, Yanina Celeste",Entre Rios,2015-12-10,2019-12-09,UNION PRO,133,http://www.hcdn.gob.ar/diputados/ygayol/,"","","",2015-12-10
