id,name,sort_name,email,twitter,facebook,group,group_id,area_id,area,chamber,term,start_date,end_date,image,gender
abdoulatifou_aly,Abdoulatifou Aly,Abdoulatifou Aly,,,,NI,ni,area/mayotte_(1re),Mayotte (1re),Assemblée nationale,13,,,,
Q2829584,Alain Bocquet,"Bocquet, Alain",,,,GDR,gdr,area/nord_(20e),Nord (20e),Assemblée nationale,13,,,https://upload.wikimedia.org/wikipedia/commons/b/b7/Wallers_-_Reconnaissance_du_parcours_du_Paris-Roubaix_le_7_avril_2014_(019).JPG,male
alain_cacheux,Alain Cacheux,Alain Cacheux,,,,SRC,src,area/nord_(3e),Nord (3e),Assemblée nationale,13,,,,
Q2829673,Alain Claeys,"Claeys, Alain",,,,SRC,src,area/vienne_(1re),Vienne (1re),Assemblée nationale,13,,,https://upload.wikimedia.org/wikipedia/commons/b/b0/Alain_Claeys.jpg,male
alain_cousin,Alain Cousin,Alain Cousin,,,,UMP,ump,area/manche_(3e),Manche (3e),Assemblée nationale,13,,,,
alain_ferry,Alain Ferry,Alain Ferry,,,,UMP,ump,area/bas-rhin_(6e),Bas-Rhin (6e),Assemblée nationale,13,,,,
Q2829853,Alain Gest,"Gest, Alain",,,,UMP,ump,area/somme_(6e),Somme (6e),Assemblée nationale,13,,,,male
alain_joyandet,Alain Joyandet,Alain Joyandet,,,,UMP,ump,area/haute-saône_(1re),Haute-Saône (1re),Assemblée nationale,13,,,,
alain_marc,Alain Marc,Alain Marc,,,,UMP,ump,area/aveyron_(3e),Aveyron (3e),Assemblée nationale,13,,,,
Q2830085,Alain Marleix,"Marleix, Alain",,,,UMP,ump,area/cantal_(2e),Cantal (2e),Assemblée nationale,13,,,https://upload.wikimedia.org/wikipedia/commons/0/0e/Alain_MARLEIX_lors_de_la_fête_du_casse-croute_à_Salers_cropped.jpg,male
Q2830088,Alain Marty,"Marty, Alain",,,,UMP,ump,area/moselle_(4e),Moselle (4e),Assemblée nationale,13,,,,male
Q2830127,Alain Moyne-Bressand,"Moyne-Bressand, Alain",,,,UMP,ump,area/isère_(6e),Isère (6e),Assemblée nationale,13,,,,male
alain_néri,Alain Néri,Alain Néri,,,,SRC,src,area/puy-de-dôme_(2e),Puy-de-Dôme (2e),Assemblée nationale,13,,,,
Q2830248,Alain Rodet,"Rodet, Alain",,,,SRC,src,area/haute-vienne_(4e),Haute-Vienne (4e),Assemblée nationale,13,,,https://upload.wikimedia.org/wikipedia/commons/b/b6/Alain_Rodet_2012.JPG,male
Q1768192,Alain Rousset,"Rousset, Alain",,,,SRC,src,area/gironde_(7e),Gironde (7e),Assemblée nationale,13,,,https://upload.wikimedia.org/wikipedia/commons/a/ae/Alain_Rousset_dans_les_Landes_2010.jpg,male
Q2830299,Alain Suguenot,"Suguenot, Alain",,,,UMP,ump,area/côte-d'or_(5e),Côte-d'Or (5e),Assemblée nationale,13,,,https://upload.wikimedia.org/wikipedia/commons/f/f7/Alain_Suguenot.jpg,male
Q1393874,Alain Vidalies,Alain Vidalies,,,,SRC,src,area/landes_(1re),Landes (1re),Assemblée nationale,13,,,https://upload.wikimedia.org/wikipedia/commons/4/44/Vidalies-cropped.jpg,male
albert_facon,Albert Facon,Albert Facon,,,,SRC,src,area/pas-de-calais_(14e),Pas-de-Calais (14e),Assemblée nationale,13,,,,
albert_likuvalu,Albert Likuvalu,Albert Likuvalu,,,,SRC,src,area/wallis-et-futuna_(1re),Wallis-et-Futuna (1re),Assemblée nationale,13,,,,
alfred_almont,Alfred Almont,Alfred Almont,,,,UMP,ump,area/martinique_(2e),Martinique (2e),Assemblée nationale,13,,,,
Q2250266,Alfred Marie-Jeanne,"Marie-Jeanne, Alfred",,,,GDR,gdr,area/martinique_(4e),Martinique (4e),Assemblée nationale,13,,,,male
alfred_trassy-paillogues,Alfred Trassy-Paillogues,Alfred Trassy-Paillogues,,,,UMP,ump,area/seine-maritime_(10e),Seine-Maritime (10e),Assemblée nationale,13,,,,
Q517765,André Chassaigne,"Chassaigne, André",,,,GDR,gdr,area/puy-de-dôme_(5e),Puy-de-Dôme (5e),Assemblée nationale,13,,,https://upload.wikimedia.org/wikipedia/commons/c/cf/André_Chassaigne_à_la_foire_du_livre_2010_de_Brive_la_Gaillarde.JPG,male
andré_flajolet,André Flajolet,André Flajolet,,,,UMP,ump,area/pas-de-calais_(9e),Pas-de-Calais (9e),Assemblée nationale,13,,,,
andré_gerin,André Gerin,André Gerin,,,,GDR,gdr,area/rhône_(14e),Rhône (14e),Assemblée nationale,13,,,,
Q2848614,André Santini,"Santini, André",,,,UMP,ump,area/hauts-de-seine_(10e),Hauts-de-Seine (10e),Assemblée nationale,13,,,https://upload.wikimedia.org/wikipedia/commons/b/ba/A._Santini.jpg,male
Q2848624,André Schneider,"Schneider, André",,,,UMP,ump,area/bas-rhin_(3e),Bas-Rhin (3e),Assemblée nationale,13,,,https://upload.wikimedia.org/wikipedia/commons/c/c4/André_Schneider_par_Claude_Truong-Ngoc_avril_2013.jpg,male
andré_vallini,André Vallini,André Vallini,,,,SRC,src,area/isère_(9e),Isère (9e),Assemblée nationale,13,,,,
andré_vézinhet,André Vézinhet,André Vézinhet,,,,SRC,src,area/hérault_(2e),Hérault (2e),Assemblée nationale,13,,,,
andré_wojciechowski,André Wojciechowski,André Wojciechowski,,,,UMP,ump,area/moselle_(7e),Moselle (7e),Assemblée nationale,13,,,,
Q522753,Anne Grommerch,"Grommerch, Anne",,AnneGrommerch,annegrommerch,UMP,ump,area/moselle_(9e),Moselle (9e),Assemblée nationale,13,,,https://upload.wikimedia.org/wikipedia/commons/3/32/Anne_grommerch.jpg,female
Q2851582,Annick Girardin,Annick Girardin,,,,SRC,src,area/saint-pierre-et-miquelon_(1re),Saint-Pierre-et-Miquelon (1re),Assemblée nationale,13,,,https://upload.wikimedia.org/wikipedia/commons/d/dc/Annick_Girardin.jpg,female
Q2851590,Annick Le Loch,"Le Loch, Annick",,,,SRC,src,area/finistère_(7e),Finistère (7e),Assemblée nationale,13,,,https://upload.wikimedia.org/wikipedia/commons/6/6e/Annick_Le_Loch.jpg,female
Q2851591,Annick Lepetit,"Lepetit, Annick",,,,SRC,src,area/paris_(17e),Paris (17e),Assemblée nationale,13,,,https://upload.wikimedia.org/wikipedia/commons/7/7a/Annick_Lepetit_Gay_Pride_Paris_2008.jpg,female
anny_poursinoff,Anny Poursinoff,Anny Poursinoff,,,,NI,ni,area/yvelines_(10e),Yvelines (10e),Assemblée nationale,13,,,,
Q2854054,Antoine Herth,"Herth, Antoine",,,,UMP,ump,area/bas-rhin_(5e),Bas-Rhin (5e),Assemblée nationale,13,,,,male
Q2861631,Arlette Grosskost,"Grosskost, Arlette",,,,UMP,ump,area/haut-rhin_(5e),Haut-Rhin (5e),Assemblée nationale,13,,,,female
Q2861893,Armand Jung,"Jung, Armand",,,,SRC,src,area/bas-rhin_(1re),Bas-Rhin (1re),Assemblée nationale,13,,,https://upload.wikimedia.org/wikipedia/commons/f/f1/Armand_Jung_par_Claude_Truong-Ngoc_septembre_2013.jpg,male
arnaud_montebourg,Arnaud Montebourg,Arnaud Montebourg,,,,SRC,src,area/saône-et-loire_(6e),Saône-et-Loire (6e),Assemblée nationale,13,,,,
Q2863207,Arnaud Richard,"Richard, Arnaud",,ArnaudRichard_,220091328010089,UMP,ump,area/yvelines_(7e),Yvelines (7e),Assemblée nationale,13,,,https://upload.wikimedia.org/wikipedia/commons/6/6c/Cover_Arnaud-Richard-elections-Me.jpg,male
Q2863211,Arnaud Robinet,"Robinet, Arnaud",,ArnaudRobinet,416652601775492,UMP,ump,area/marne_(1re),Marne (1re),Assemblée nationale,13,,,https://upload.wikimedia.org/wikipedia/commons/1/16/Arnaud_Robinet_par_Claude_Truong-Ngoc_avril_2015.jpg,male
Q198005,Aurélie Filippetti,"Filippetti, Aurélie",,aurelifil,,SRC,src,area/moselle_(8e),Moselle (8e),Assemblée nationale,13,,,https://upload.wikimedia.org/wikipedia/commons/0/0d/Aurélie_Filippetti_-_Semanticpedia_2012_-_002.jpg,female
Q938263,Axel Poniatowski,"Poniatowski, Axel",,,,UMP,ump,area/val-d'oise_(2e),Val-d'Oise (2e),Assemblée nationale,13,,,https://upload.wikimedia.org/wikipedia/commons/3/35/UMP_rally_Paris_regional_elections_2010-03-17_n01.jpg,male
Q2896372,Benoist Apparu,"Apparu, Benoist",,benoistapparu,57275787810,UMP,ump,area/marne_(4e),Marne (4e),Assemblée nationale,13,,,https://upload.wikimedia.org/wikipedia/commons/e/ee/Benoist-apparu1.jpg,male
Q822237,Bernard Accoyer,"Accoyer, Bernard",,,,UMP,ump,area/haute-savoie_(1re),Haute-Savoie (1re),Assemblée nationale,13,,,https://upload.wikimedia.org/wikipedia/commons/4/44/Accoyer.jpg,male
Q2897604,Bernard Brochand,"Brochand, Bernard",,,,UMP,ump,area/alpes-maritimes_(8e),Alpes-Maritimes (8e),Assemblée nationale,13,,,https://upload.wikimedia.org/wikipedia/commons/c/cf/Photo-bio-bernarbrochand.jpg,male
bernard_carayon,Bernard Carayon,Bernard Carayon,,,,UMP,ump,area/tarn_(4e),Tarn (4e),Assemblée nationale,13,,,,
Q560890,Bernard Cazeneuve,Bernard Cazeneuve,,,,SRC,src,area/manche_(5e),Manche (5e),Assemblée nationale,13,,,https://upload.wikimedia.org/wikipedia/commons/e/e8/Bernard_Cazeneuve.jpg,male
Q2897761,Bernard Debré,"Debré, Bernard",,,,UMP,ump,area/paris_(15e),Paris (15e),Assemblée nationale,13,,,https://upload.wikimedia.org/wikipedia/commons/1/15/Bernard_Debré_cropped.jpg,male
Q892174,Bernard Deflesselles,"Deflesselles, Bernard",,,,UMP,ump,area/bouches-du-rhône_(9e),Bouches-du-Rhône (9e),Assemblée nationale,13,,,,male
bernard_depierre,Bernard Depierre,Bernard Depierre,,,,UMP,ump,area/côte-d'or_(1re),Côte-d'Or (1re),Assemblée nationale,13,,,,
bernard_derosier,Bernard Derosier,Bernard Derosier,,,,SRC,src,area/nord_(2e),Nord (2e),Assemblée nationale,13,,,,
Q2898033,Bernard Gérard,Gerard Bernard,,,,UMP,ump,area/nord_(département)_(9e),Nord (département) (9e),Assemblée nationale,13,,,https://upload.wikimedia.org/wikipedia/commons/1/1a/Bernard_GÉRARD.jpg,male
Q2898240,Bernard Lesterlin,"Lesterlin, Bernard",,,,SRC,src,area/allier_(2e),Allier (2e),Assemblée nationale,13,,,https://upload.wikimedia.org/wikipedia/commons/4/49/DG-Lesterlin.jpg,male
Q12931,Bernard Perrut,"Perrut, Bernard",,B_Perrut,bernardperrut1,UMP,ump,area/rhône_(9e),Rhône (9e),Assemblée nationale,13,,,,male
Q822671,Bernard Reynès,"Reynès, Bernard",,,,UMP,ump,area/bouches-du-rhône_(15e),Bouches-du-Rhône (15e),Assemblée nationale,13,,,,male
Q2898547,Bernard Roman,"Roman, Bernard",,,,SRC,src,area/nord_(1er),Nord (1er),Assemblée nationale,13,,,https://upload.wikimedia.org/wikipedia/commons/c/c6/Vote_solennel_loi_mariage_23042013_06.jpg,male
Q2899644,Bertrand Pancher,"Pancher, Bertrand",,,,UMP,ump,area/meuse_(1re),Meuse (1re),Assemblée nationale,13,,,https://upload.wikimedia.org/wikipedia/commons/7/7a/Bertrand_Pancher.jpg,male
brigitte_barèges,Brigitte Barèges,Brigitte Barèges,,,,UMP,ump,area/tarn-et-garonne_(1re),Tarn-et-Garonne (1re),Assemblée nationale,13,,,,
Q993472,Bruno Le Maire,"Le Maire, Bruno",,Bruno_LeMaire,blm27,UMP,ump,area/eure_(1re),Eure (1re),Assemblée nationale,13,,,https://upload.wikimedia.org/wikipedia/commons/6/68/Bruno_Le_Maire.jpg,male
Q2926861,Bruno Le Roux,"Le Roux, Bruno",,,,SRC,src,area/seine-saint-denis_(1re),Seine-Saint-Denis (1re),Assemblée nationale,13,,,,male
bruno_sandras,Bruno Sandras,Bruno Sandras,,,,UMP,ump,area/polynésie_française_(2e),Polynésie française (2e),Assemblée nationale,13,,,,
béatrice_pavy,Béatrice Pavy,Béatrice Pavy,,,,UMP,ump,area/sarthe_(3e),Sarthe (3e),Assemblée nationale,13,,,,
Q2114685,Bérengère Poletti,"Poletti, Bérengère",,,,UMP,ump,area/ardennes_(1re),Ardennes (1re),Assemblée nationale,13,,,https://upload.wikimedia.org/wikipedia/commons/f/f7/Poletti_Bérengère.JPG,female
camille_de_rocca_serra,Camille de Rocca Serra,Rocca Serra Camille,,,,UMP,ump,area/corse-du-sud_(2e),Corse-du-Sud (2e),Assemblée nationale,13,,,,
Q2941865,Catherine Coutelle,"Coutelle, Catherine",,,,SRC,src,area/vienne_(2e),Vienne (2e),Assemblée nationale,13,,,https://upload.wikimedia.org/wikipedia/commons/a/a2/DeputeXIVeLegVeRep-Catherine_Coutelle2.jpg,female
catherine_génisson,Catherine Génisson,Catherine Génisson,,,,SRC,src,area/pas-de-calais_(2e),Pas-de-Calais (2e),Assemblée nationale,13,,,,
Q2815142,Catherine Lemorton,"Lemorton, Catherine",,,,SRC,src,area/haute-garonne_(1re),Haute-Garonne (1re),Assemblée nationale,13,,,"https://upload.wikimedia.org/wikipedia/commons/3/37/Catherine_Lemorton_-_Cohen's_rallye,_Toulouse_town_election,_2008_-_2252.jpg",female
Q2942049,Catherine Quéré,"Quéré, Catherine",,,catherine.quere.depute,SRC,src,area/charente-maritime_(3e),Charente-Maritime (3e),Assemblée nationale,13,,,,female
Q2942097,Catherine Vautrin,"Vautrin, Catherine",,,,UMP,ump,area/marne_(2e),Marne (2e),Assemblée nationale,13,,,https://upload.wikimedia.org/wikipedia/commons/f/fe/Catherine_Vautrin.jpg,female
Q2956260,Chantal Berthelot,"Berthelot, Chantal",,,CBERTHELOTGUYANE,SRC,src,area/guyane_(2e),Guyane (2e),Assemblée nationale,13,,,https://upload.wikimedia.org/wikipedia/commons/9/9b/Chantal_Berthelot.jpg,female
chantal_bourragué,Chantal Bourragué,Chantal Bourragué,,,,UMP,ump,area/gironde_(1re),Gironde (1re),Assemblée nationale,13,,,,
chantal_brunel,Chantal Brunel,Chantal Brunel,,,,UMP,ump,area/seine-et-marne_(8e),Seine-et-Marne (8e),Assemblée nationale,13,,,,
chantal_robin-rodrigo,Chantal Robin-Rodrigo,Chantal Robin-Rodrigo,,,,SRC,src,area/hautes-pyrénées_(2e),Hautes-Pyrénées (2e),Assemblée nationale,13,,,,
Q2960570,Charles de Courson,Courson Charles,,,,NC,nc,area/marne_(5e),Marne (5e),Assemblée nationale,13,,,https://upload.wikimedia.org/wikipedia/commons/9/9f/Charles_De_Courson.JPG,male
Q1534217,Charles de La Verpillière,Laverpilliere Charles,,,,UMP,ump,area/ain_(2e),Ain (2e),Assemblée nationale,13,,,https://upload.wikimedia.org/wikipedia/commons/1/16/Charles_de_La_Verpillière.jpg,male
Q428214,Christian Bataille,"Bataille, Christian",,,,SRC,src,area/nord_(22e),Nord (22e),Assemblée nationale,13,,,https://upload.wikimedia.org/wikipedia/commons/9/93/CBbureau2014.jpg,male
christian_blanc,Christian Blanc,Christian Blanc,,,,UMP,ump,area/yvelines_(3e),Yvelines (3e),Assemblée nationale,13,,,,
Q2965236,Christian Eckert,Christian Eckert,,,,SRC,src,area/meurthe-et-moselle_(3e),Meurthe-et-Moselle (3e),Assemblée nationale,13,,,https://upload.wikimedia.org/wikipedia/commons/9/94/Christian_Eckert_(22_mai_2014).jpg,male
Q749029,Christian Estrosi,"Estrosi, Christian",,cestrosi,,UMP,ump,area/alpes-maritimes_(5e),Alpes-Maritimes (5e),Assemblée nationale,13,,,https://upload.wikimedia.org/wikipedia/commons/d/da/Christian_Estrosi.jpg,male
Q2965349,Christian Hutin,"Hutin, Christian",,,,SRC,src,area/nord_(12e),Nord (12e),Assemblée nationale,13,,,https://upload.wikimedia.org/wikipedia/commons/f/fc/RuidaCosta4joursdeDK.JPG,male
Q707984,Christian Jacob,"Jacob, Christian",,,,UMP,ump,area/seine-et-marne_(4e),Seine-et-Marne (4e),Assemblée nationale,13,,,https://upload.wikimedia.org/wikipedia/commons/2/22/Christian_Jacob_-_29-08-11.jpg,male
Q1383068,Christian Kert,"Kert, Christian",,,,UMP,ump,area/bouches-du-rhône_(11e),Bouches-du-Rhône (11e),Assemblée nationale,13,,,https://upload.wikimedia.org/wikipedia/commons/4/4a/Christian_kert.jpg,male
christian_ménard,Christian Ménard,Christian Ménard,,,,UMP,ump,area/finistère_(6e),Finistère (6e),Assemblée nationale,13,,,,
christian_paul,Christian Paul,"Paul, Christian",,,,SRC,src,area/nièvre_(3e),Nièvre (3e),Assemblée nationale,13,,,,
christian_vanneste,Christian Vanneste,Christian Vanneste,,,,UMP,ump,area/nord_(10e),Nord (10e),Assemblée nationale,13,,,,
christiane_taubira,Christiane Taubira,Christiane Taubira,,,,SRC,src,area/guyane_(1re),Guyane (1re),Assemblée nationale,13,,,,
christine_marin,Christine Marin,Christine Marin,,,,UMP,ump,area/nord_(23e),Nord (23e),Assemblée nationale,13,,,,
Q2966121,Christophe Bouillon,"Bouillon, Christophe",,Chris_Bouillon,DeputeBouillon,SRC,src,area/seine-maritime_(5e),Seine-Maritime (5e),Assemblée nationale,13,,,https://upload.wikimedia.org/wikipedia/commons/e/ea/CB_Haute_2.jpg,male
Q2966137,Christophe Caresche,"Caresche, Christophe",,,,SRC,src,area/paris_(18e),Paris (18e),Assemblée nationale,13,,,,male
Q12934,Christophe Guilloteau,"Guilloteau, Christophe",,,christophe.guilloteau.1,UMP,ump,area/rhône_(10e),Rhône (10e),Assemblée nationale,13,,,,male
Q2966462,Christophe Priou,"Priou, Christophe",,,,UMP,ump,area/loire-atlantique_(7e),Loire-Atlantique (7e),Assemblée nationale,13,,,,male
Q2966490,Christophe Sirugue,"Sirugue, Christophe",,chsirugue,christophe.sirugue.3,SRC,src,area/saône-et-loire_(5e),Saône-et-Loire (5e),Assemblée nationale,13,,,https://upload.wikimedia.org/wikipedia/commons/1/19/Christophe_Sirugue.jpg,male
Q1096496,Claude Bartolone,"Bartolone, Claude",,claudebartolone,cbartolone,SRC,src,area/seine-saint-denis_(6e),Seine-Saint-Denis (6e),Assemblée nationale,13,,,https://upload.wikimedia.org/wikipedia/commons/5/58/Claude_Bartolone.jpg,male
claude_birraux,Claude Birraux,Claude Birraux,,,,UMP,ump,area/haute-savoie_(4e),Haute-Savoie (4e),Assemblée nationale,13,,,,
claude_bodin,Claude Bodin,Claude Bodin,,,,UMP,ump,area/val-d'oise_(4e),Val-d'Oise (4e),Assemblée nationale,13,,,,
claude_darciaux,Claude Darciaux,Claude Darciaux,,,,SRC,src,area/côte-d'or_(3e),Côte-d'Or (3e),Assemblée nationale,13,,,,
claude_gatignol,Claude Gatignol,Claude Gatignol,,,,UMP,ump,area/manche_(4e),Manche (4e),Assemblée nationale,13,,,,
Q2746785,Claude Goasguen,"Goasguen, Claude",,,,UMP,ump,area/paris_(14e),Paris (14e),Assemblée nationale,13,,,https://upload.wikimedia.org/wikipedia/commons/f/fd/Tissot-Panafieu_gymnase_Japy_2008_02_27_n7.jpg,male
Q2977503,Claude Greff,"Greff, Claude",,,,UMP,ump,area/indre-et-loire_(2e),Indre-et-Loire (2e),Assemblée nationale,13,,,,female
claude_leteurtre,Claude Leteurtre,Claude Leteurtre,,,,NC,nc,area/calvados_(3e),Calvados (3e),Assemblée nationale,13,,,,
Q2733411,Colette Langlade,"Langlade, Colette",,,,SRC,src,area/dordogne_(3e),Dordogne (3e),Assemblée nationale,13,,,https://upload.wikimedia.org/wikipedia/commons/5/52/Colette_Langlade.jpg,female
Q2991951,Conchita Lacuey,"Lacuey, Conchita",,,,SRC,src,area/gironde_(4e),Gironde (4e),Assemblée nationale,13,,,,female
Q2689088,Corinne Erhel,"Erhel, Corinne",,c_erhel_deputee,,SRC,src,area/côtes-d'armor_(5e),Côtes-d'Armor (5e),Assemblée nationale,13,,,https://upload.wikimedia.org/wikipedia/commons/9/98/DeputeXIVeLegVeRep-Corinne_Erhel.jpg,female
cécile_dumoulin,Cécile Dumoulin,Cécile Dumoulin,,,,UMP,ump,area/yvelines_(8e),Yvelines (8e),Assemblée nationale,13,,,,
Q3010054,Céleste Lett,"Lett, Céleste",,,,UMP,ump,area/moselle_(5e),Moselle (5e),Assemblée nationale,13,,,https://upload.wikimedia.org/wikipedia/commons/8/8c/Céleste_Lett.jpg,male
Q3012817,Damien Meslot,"Meslot, Damien",,,,UMP,ump,area/territoire_de_belfort_(1re),Territoire de Belfort (1re),Assemblée nationale,13,,,https://upload.wikimedia.org/wikipedia/commons/1/13/2013-07-14_11-57-01-defile-mil-belfort.jpg,male
Q3013769,Daniel Boisserie,"Boisserie, Daniel",,,,SRC,src,area/haute-vienne_(2e),Haute-Vienne (2e),Assemblée nationale,13,,,,male
Q3014035,Daniel Fasquelle,"Fasquelle, Daniel",,,,UMP,ump,area/pas-de-calais_(9e),Pas-de-Calais (9e),Assemblée nationale,13,,,https://upload.wikimedia.org/wikipedia/commons/4/44/Daniel_Fasquelle.jpg,male
daniel_fidelin,Daniel Fidelin,Daniel Fidelin,,,,UMP,ump,area/seine-maritime_(9e),Seine-Maritime (9e),Assemblée nationale,13,,,,
daniel_garrigue,Daniel Garrigue,Daniel Garrigue,,,,NI,ni,area/dordogne_(2e),Dordogne (2e),Assemblée nationale,13,,,,
daniel_goldberg,Daniel Goldberg,"Goldberg, Daniel",,,,SRC,src,area/seine-saint-denis_(3e),Seine-Saint-Denis (3e),Assemblée nationale,13,,,,
daniel_mach,Daniel Mach,Daniel Mach,,,,UMP,ump,area/pyrénées-orientales_(1re),Pyrénées-Orientales (1re),Assemblée nationale,13,,,,
daniel_paul,Daniel Paul,Daniel Paul,,,,GDR,gdr,area/seine-maritime_(8e),Seine-Maritime (8e),Assemblée nationale,13,,,,
daniel_spagnou,Daniel Spagnou,Daniel Spagnou,,,,UMP,ump,area/alpes-de-haute-provence_(2e),Alpes-de-Haute-Provence (2e),Assemblée nationale,13,,,,
Q1905371,Daniel Vaillant,"Vaillant, Daniel",,,,SRC,src,area/paris_(19e),Paris (19e),Assemblée nationale,13,,,https://upload.wikimedia.org/wikipedia/commons/e/ec/Daniel_Vaillant1_(5).JPG,male
danielle_bousquet,Danielle Bousquet,Danielle Bousquet,,,,SRC,src,area/côtes-d'armor_(1re),Côtes-d'Armor (1re),Assemblée nationale,13,,,,
danièle_hoffman-rispal,Danièle Hoffman-Rispal,Danièle Hoffman-Rispal,,,,SRC,src,area/paris_(6e),Paris (6e),Assemblée nationale,13,,,,
Q725694,David Douillet,"Douillet, David",,ddouillet,David.Douillet.page,UMP,ump,area/yvelines_(12e),Yvelines (12e),Assemblée nationale,13,,,https://upload.wikimedia.org/wikipedia/commons/c/c4/UMP_meeting_Paris_regional_elections_2010-03-17_n04.jpg,male
Q3018028,David Habib,"Habib, David",,,,SRC,src,area/pyrénées-atlantiques_(3e),Pyrénées-Atlantiques (3e),Assemblée nationale,13,,,,male
Q291385,Delphine Batho,"Batho, Delphine",,delphinebatho,DelphineBatho,SRC,src,area/deux-sèvres_(2e),Deux-Sèvres (2e),Assemblée nationale,13,,,https://upload.wikimedia.org/wikipedia/commons/4/47/Delphine_Batho_p1370391_(crop).jpg,female
Q3022746,Denis Jacquat,"Jacquat, Denis",,,,UMP,ump,area/moselle_(2e),Moselle (2e),Assemblée nationale,13,,,,male
didier_gonzales,Didier Gonzales,Didier Gonzales,,,,UMP,ump,area/val-de-marne_(3e),Val-de-Marne (3e),Assemblée nationale,13,,,,
didier_julia,Didier Julia,Didier Julia,,,,UMP,ump,area/seine-et-marne_(2e),Seine-et-Marne (2e),Assemblée nationale,13,,,,
didier_mathus,Didier Mathus,Didier Mathus,,,,SRC,src,area/saône-et-loire_(4e),Saône-et-Loire (4e),Assemblée nationale,13,,,,
Q2386047,Didier Quentin,"Quentin, Didier",,,,UMP,ump,area/charente-maritime_(5e),Charente-Maritime (5e),Assemblée nationale,13,,,,male
Q3028388,Dino Cinieri,"Cinieri, Dino",,,,UMP,ump,area/loire_(4e),Loire (4e),Assemblée nationale,13,,,,male
Q3034968,Dominique Baert,"Baert, Dominique",,,,SRC,src,area/nord_(département)_(8e),Nord (département) (8e),Assemblée nationale,13,,,,male
Q63628,Dominique Bussereau,"Bussereau, Dominique",,,,UMP,ump,area/charente-maritime_(4e),Charente-Maritime (4e),Assemblée nationale,13,,,https://upload.wikimedia.org/wikipedia/commons/8/84/Dominique_BUSSEREAU1.jpg,male
dominique_caillaud,Dominique Caillaud,Dominique Caillaud,,,,UMP,ump,area/vendée_(2e),Vendée (2e),Assemblée nationale,13,,,,
Q3035111,Dominique Dord,"Dord, Dominique",,,,UMP,ump,area/savoie_(1re),Savoie (1re),Assemblée nationale,13,,,https://upload.wikimedia.org/wikipedia/commons/d/d4/Dominique_Dord_et_Renaud_Beretti.jpg,male
Q3035273,Dominique Le Mèner,Le Mener Dominique,,,,UMP,ump,area/sarthe_(5e),Sarthe (5e),Assemblée nationale,13,,,,male
Q3035367,Dominique Orliac,"Orliac, Dominique",,,,SRC,src,area/lot_(1re),Lot (1re),Assemblée nationale,13,,,https://upload.wikimedia.org/wikipedia/commons/f/fc/Dominique_Orliac3.jpg,female
dominique_perben,Dominique Perben,Dominique Perben,,,,UMP,ump,area/rhône_(4e),Rhône (4e),Assemblée nationale,13,,,,
Q3035420,Dominique Raimbourg,"Raimbourg, Dominique",,,,SRC,src,area/loire-atlantique_(4e),Loire-Atlantique (4e),Assemblée nationale,13,,,https://upload.wikimedia.org/wikipedia/commons/b/b9/DRaimbourg_RMLL09.jpg,male
dominique_souchet,Dominique Souchet,Dominique Souchet,,,,NI,ni,area/vendée_(5e),Vendée (5e),Assemblée nationale,13,,,,
Q1238345,Dominique Tian,"Tian, Dominique",,Dominique_TIAN,dominique.tian.1,UMP,ump,area/bouches-du-rhône_(2e),Bouches-du-Rhône (2e),Assemblée nationale,13,,,https://upload.wikimedia.org/wikipedia/commons/0/07/Dominique_tian.jpg,male
fabienne_labrette-ménager,Fabienne Labrette-Ménager,Fabienne Labrette-Ménager,,,,UMP,ump,area/sarthe_(1re),Sarthe (1re),Assemblée nationale,13,,,,
Q3069340,Fernand Siré,"Siré, Fernand",,,,UMP,ump,area/pyrénées-orientales_(2e),Pyrénées-Orientales (2e),Assemblée nationale,13,,,https://upload.wikimedia.org/wikipedia/commons/a/a7/Fernandsire.jpg,male
Q3081488,Francis Hillmeyer,"Hillmeyer, Francis",,,,NC,nc,area/haut-rhin_(6e),Haut-Rhin (6e),Assemblée nationale,13,,,,male
francis_saint-léger,Francis Saint-Léger,Francis Saint-Léger,,,,UMP,ump,area/lozère_(1re),Lozère (1re),Assemblée nationale,13,,,,
Q3081737,Francis Vercamer,"Vercamer, Francis",,,,NC,nc,area/nord_(7e),Nord (7e),Assemblée nationale,13,,,,male
Q2791086,Franck Gilard,"Gilard, Franck",,,,UMP,ump,area/eure_(5e),Eure (5e),Assemblée nationale,13,,,https://upload.wikimedia.org/wikipedia/commons/0/07/Franck_Gilard_2.jpg,male
Q3082207,Franck Marlin,"Marlin, Franck",,,,UMP,ump,area/essonne_(2e),Essonne (2e),Assemblée nationale,13,,,https://upload.wikimedia.org/wikipedia/commons/a/a8/Fmarlin2.jpg,male
Q2754410,Franck Reynier,"Reynier, Franck",,FranckReynier,franck.reynier,UMP,ump,area/drôme_(2e),Drôme (2e),Assemblée nationale,13,,,https://upload.wikimedia.org/wikipedia/commons/1/1c/Franck_Reynier.jpg,male
Q64463,Franck Riester,"Riester, Franck",,franckriester,franck.riester,UMP,ump,area/seine-et-marne_(5e),Seine-et-Marne (5e),Assemblée nationale,13,,,https://upload.wikimedia.org/wikipedia/commons/c/c5/Franck_Riester.jpg,male
Q3083854,François Asensi,"Asensi, François",,,,GDR,gdr,area/seine-saint-denis_(11e),Seine-Saint-Denis (11e),Assemblée nationale,13,,,,male
Q736013,François Baroin,François Baroin,,francoisbaroin,32214306401,UMP,ump,area/aube_(3e),Aube (3e),Assemblée nationale,13,,,https://upload.wikimedia.org/wikipedia/commons/1/1f/François_Baroin.JPG,male
françois_bayrou,François Bayrou,François Bayrou,,,,NI,ni,area/pyrénées-atlantiques_(2e),Pyrénées-Atlantiques (2e),Assemblée nationale,13,,,,
Q3084113,François Brottes,"Brottes, François",,,,SRC,src,area/isère_(5e),Isère (5e),Assemblée nationale,13,,,https://upload.wikimedia.org/wikipedia/commons/0/02/François_Brottes_-_Janvier_2012.jpg,male
françois_calvet,François Calvet,François Calvet,,,,UMP,ump,area/pyrénées-orientales_(3e),Pyrénées-Orientales (3e),Assemblée nationale,13,,,,
Q3084310,François Cornut-Gentille,"Cornut-Gentille, François",,,,UMP,ump,area/haute-marne_(2e),Haute-Marne (2e),Assemblée nationale,13,,,,male
françois_deluga,François Deluga,François Deluga,,,,SRC,src,area/gironde_(8e),Gironde (8e),Assemblée nationale,13,,,,
Q101410,François Fillon,"Fillon, François",,FrancoisFillon,fillon.francois,UMP,ump,area/sarthe_(4e),Sarthe (4e),Assemblée nationale,13,,,https://upload.wikimedia.org/wikipedia/commons/e/e3/François_Fillon_2010.jpg,male
françois_goulard,François Goulard,François Goulard,,,,UMP,ump,area/morbihan_(1re),Morbihan (1re),Assemblée nationale,13,,,,
françois_grosdidier,François Grosdidier,François Grosdidier,,,,UMP,ump,area/moselle_(1re),Moselle (1re),Assemblée nationale,13,,,,
Q560944,François Lamy,"Lamy, François",,lamy_f,,SRC,src,area/essonne_(6e),Essonne (6e),Assemblée nationale,13,,,https://upload.wikimedia.org/wikipedia/commons/7/7f/François_Lamy_-_Février_2013_(2).jpg,male
Q3085196,François Loncle,"Loncle, François",,,,SRC,src,area/eure_(4e),Eure (4e),Assemblée nationale,13,,,,male
Q3085621,François Pupponi,"Pupponi, François",,,,SRC,src,area/val-d'oise_(8e),Val-d'Oise (8e),Assemblée nationale,13,,,,male
Q3085724,François Rochebloine,"Rochebloine, François",,,,NC,nc,area/loire_(3e),Loire (3e),Assemblée nationale,13,,,,male
Q3085814,François Scellier,"Scellier, François",,,,UMP,ump,area/val-d'oise_(6e),Val-d'Oise (6e),Assemblée nationale,13,,,,male
Q3085979,François Vannson,"Vannson, François",,,,UMP,ump,area/vosges_(3e),Vosges (3e),Assemblée nationale,13,,,,male
Q117340,François de Rugy,Rugy Francois,,FdeRugy,francoisderugy,NI,ni,area/loire-atlantique_(1re),Loire-Atlantique (1re),Assemblée nationale,13,,,https://upload.wikimedia.org/wikipedia/commons/0/02/François_De_Rugy_-_Assemblée_Nationale_-_20111025-02.jpg,male
françois-michel_gonnot,François-Michel Gonnot,François-Michel Gonnot,,,,UMP,ump,area/oise_(6e),Oise (6e),Assemblée nationale,13,,,,
Q12964,François-Xavier Villain,"Villain, François-Xavier",,,,NI,ni,area/nord_(18e),Nord (18e),Assemblée nationale,13,,,https://upload.wikimedia.org/wikipedia/commons/e/ed/François-xavier-villain.jpg,male
françoise_branget,Françoise Branget,Françoise Branget,,,,UMP,ump,area/doubs_(1re),Doubs (1re),Assemblée nationale,13,,,,
françoise_briand,Françoise Briand,Françoise Briand,,,,UMP,ump,area/essonne_(7e),Essonne (7e),Assemblée nationale,13,,,,
Q3086507,Françoise Guégot,"Guégot, Françoise",,,,UMP,ump,area/seine-maritime_(2e),Seine-Maritime (2e),Assemblée nationale,13,,,,female
françoise_hostalier,Françoise Hostalier,Françoise Hostalier,,,,UMP,ump,area/nord_(15e),Nord (15e),Assemblée nationale,13,,,,
Q3086522,Françoise Imbert,"Imbert, Françoise",,,,SRC,src,area/haute-garonne_(5e),Haute-Garonne (5e),Assemblée nationale,13,,,https://upload.wikimedia.org/wikipedia/commons/2/26/Francoise_Imbert_2012.jpg,female
françoise_de_panafieu,Françoise de Panafieu,Françoise de Panafieu,,,,UMP,ump,area/paris_(16e),Paris (16e),Assemblée nationale,13,,,,
Q731629,Frédéric Cuvillier,"Cuvillier, Frédéric",,fcuvillier,fcuvillier2,SRC,src,area/pas-de-calais_(5e),Pas-de-Calais (5e),Assemblée nationale,13,,,https://upload.wikimedia.org/wikipedia/commons/4/43/Frédéric_Cuvillier_2011.JPG,male
Q3090161,Frédéric Reiss,"Reiss, Frédéric",,,,UMP,ump,area/bas-rhin_(8e),Bas-Rhin (8e),Assemblée nationale,13,,,,male
Q3090390,Frédérique Massat,"Massat, Frédérique",,,,SRC,src,area/ariège_(1re),Ariège (1re),Assemblée nationale,13,,,https://upload.wikimedia.org/wikipedia/commons/b/b3/Frédérique_Massat_députée.jpg,female
Q3094138,Gabrielle Louis-Carabin,"Louis-Carabin, Gabrielle",,,,UMP,ump,area/guadeloupe_(2e),Guadeloupe (2e),Assemblée nationale,13,,,,female
gaël_yanno,Gaël Yanno,Gaël Yanno,,,,UMP,ump,area/nouvelle-calédonie_(1re),Nouvelle-Calédonie (1re),Assemblée nationale,13,,,,
gaëtan_gorce,Gaëtan Gorce,Gaëtan Gorce,,,,SRC,src,area/nièvre_(2e),Nièvre (2e),Assemblée nationale,13,,,,
geneviève_colot,Geneviève Colot,Geneviève Colot,,,,UMP,ump,area/essonne_(3e),Essonne (3e),Assemblée nationale,13,,,,
Q283173,Geneviève Fioraso,Geneviève Fioraso,,,,SRC,src,area/isère_(1re),Isère (1re),Assemblée nationale,13,,,https://upload.wikimedia.org/wikipedia/commons/4/41/Geneviève_Fioraso_-_Février_2013.jpg,female
Q645945,Geneviève Gaillard,"Gaillard, Geneviève",,,,SRC,src,area/deux-sèvres_(1er),Deux-Sèvres (1er),Assemblée nationale,13,,,,female
Q3100672,Geneviève Levy,"Levy, Geneviève",,,,UMP,ump,area/var_(1re),Var (1re),Assemblée nationale,13,,,https://upload.wikimedia.org/wikipedia/commons/3/3a/Genevieve_Levy.jpg,female
Q1321340,George Pau-Langevin,George Pau-Langevin,,,,SRC,src,area/paris_(21e),Paris (21e),Assemblée nationale,13,,,https://upload.wikimedia.org/wikipedia/commons/6/69/George_Pau-Langevin_-_Février_2013_(2).jpg,female
georges_colombier,Georges Colombier,Georges Colombier,,,,UMP,ump,area/isère_(7e),Isère (7e),Assemblée nationale,13,,,,
Q3102780,Georges Ginesta,"Ginesta, Georges",,,,UMP,ump,area/var_(5e),Var (5e),Assemblée nationale,13,,,,male
georges_mothron,Georges Mothron,Georges Mothron,,,,UMP,ump,area/val-d'oise_(5e),Val-d'Oise (5e),Assemblée nationale,13,,,,
georges_tron,Georges Tron,Georges Tron,,,,UMP,ump,area/essonne_(9e),Essonne (9e),Assemblée nationale,13,,,,
Q2362877,Germinal Peiro,"Peiro, Germinal",,,,SRC,src,area/dordogne_(4e),Dordogne (4e),Assemblée nationale,13,,,,male
Q3105773,Gilbert Le Bris,"Le Bris, Gilbert",,,,SRC,src,area/finistère_(8e),Finistère (8e),Assemblée nationale,13,,,,male
gilbert_mathon,Gilbert Mathon,Gilbert Mathon,,,,SRC,src,area/somme_(4e),Somme (4e),Assemblée nationale,13,,,,
Q3106130,Gilles Bourdouleix,"Bourdouleix, Gilles",,,,UMP,ump,area/maine-et-loire_(5e),Maine-et-Loire (5e),Assemblée nationale,13,,,,male
Q3106149,Gilles Carrez,"Carrez, Gilles",,,,UMP,ump,area/val-de-marne_(5e),Val-de-Marne (5e),Assemblée nationale,13,,,,male
gilles_cocquempot,Gilles Cocquempot,Gilles Cocquempot,,,,SRC,src,area/pas-de-calais_(7e),Pas-de-Calais (7e),Assemblée nationale,13,,,,
gilles_d'ettore,Gilles d'Ettore,Gilles d'Ettore,,,,UMP,ump,area/hérault_(7e),Hérault (7e),Assemblée nationale,13,,,,
Q3107809,Gisèle Biémouret,"Biémouret, Gisèle",,GiseleBiemouret,gisele.biemouret,SRC,src,area/gers_(2e),Gers (2e),Assemblée nationale,13,,,https://upload.wikimedia.org/wikipedia/commons/0/02/Gisele_Biemouret.jpg,female
Q3119861,Guillaume Garot,"Garot, Guillaume",,guillaumegarot,guillaumegarot.fr,SRC,src,area/mayenne_(1re),Mayenne (1re),Assemblée nationale,13,,,https://upload.wikimedia.org/wikipedia/commons/8/84/Guillaume_Garot_2012.jpg,male
Q1674130,Guy Chambefort,"Chambefort, Guy",,,,SRC,src,area/allier_(1re),Allier (1re),Assemblée nationale,13,,,,male
guy_delcourt,Guy Delcourt,"Delcourt, Guy",,,,SRC,src,area/pas-de-calais_(13e),Pas-de-Calais (13e),Assemblée nationale,13,,,,
Q3121808,Guy Geoffroy,"Geoffroy, Guy",,,,UMP,ump,area/seine-et-marne_(9e),Seine-et-Marne (9e),Assemblée nationale,13,,,https://upload.wikimedia.org/wikipedia/commons/a/a7/Guy_Geoffroy.jpg,male
Q3090,Guy Teissier,"Teissier, Guy",,,,UMP,ump,area/bouches-du-rhône_(6e),Bouches-du-Rhône (6e),Assemblée nationale,13,,,https://upload.wikimedia.org/wikipedia/commons/a/a1/Guy-Teissier.PNG,male
Q3122425,Guénhaël Huet,"Huet, Guénhaël",,,,UMP,ump,area/manche_(2e),Manche (2e),Assemblée nationale,13,,,,male
Q3122538,Gwendal Rouillard,"Rouillard, Gwendal",,G_ROUILLARD,gwendal.rouillard1,SRC,src,area/morbihan_(5e),Morbihan (5e),Assemblée nationale,13,,,https://upload.wikimedia.org/wikipedia/commons/f/f7/FIL_2014_-_Gwendal_Rouillard_-_1138.JPG,male
Q632930,Gérard Bapt,"Bapt, Gérard",,,,SRC,src,area/haute-garonne_(2e),Haute-Garonne (2e),Assemblée nationale,13,,,https://upload.wikimedia.org/wikipedia/commons/3/3a/Gérard_Bapt.jpg,male
Q2422277,Gérard Charasse,"Charasse, Gérard",,,,SRC,src,area/allier_(4e),Allier (4e),Assemblée nationale,13,,,,male
Q3123839,Gérard Cherpion,"Cherpion, Gérard",,,,UMP,ump,area/vosges_(2e),Vosges (2e),Assemblée nationale,13,,,https://upload.wikimedia.org/wikipedia/commons/6/69/Gérard_Cherpion.jpg,male
gérard_gaudron,Gérard Gaudron,Gérard Gaudron,,,,UMP,ump,area/seine-saint-denis_(10e),Seine-Saint-Denis (10e),Assemblée nationale,13,,,,
gérard_hamel,Gérard Hamel,Gérard Hamel,,,,UMP,ump,area/eure-et-loir_(2e),Eure-et-Loir (2e),Assemblée nationale,13,,,,
gérard_lorgeoux,Gérard Lorgeoux,Gérard Lorgeoux,,,,UMP,ump,area/morbihan_(3e),Morbihan (3e),Assemblée nationale,13,,,,
gérard_voisin,Gérard Voisin,Gérard Voisin,,,,UMP,ump,area/saône-et-loire_(1re),Saône-et-Loire (1re),Assemblée nationale,13,,,,
Q1347791,Henri Emmanuelli,"Emmanuelli, Henri",,henriemmanuelli,,SRC,src,area/landes_(3e),Landes (3e),Assemblée nationale,13,,,https://upload.wikimedia.org/wikipedia/commons/c/c4/Emmanuelli.jpg,male
Q281081,Henri Jibrayel,"Jibrayel, Henri",,henrijibrayel,,SRC,src,area/bouches-du-rhône_(4e),Bouches-du-Rhône (4e),Assemblée nationale,13,,,https://upload.wikimedia.org/wikipedia/commons/e/e3/DeputeXIVeLegVeRep-Henri_Jibrayel.jpg,male
henri_nayrou,Henri Nayrou,Henri Nayrou,,,,SRC,src,area/ariège_(5e),Ariège (5e),Assemblée nationale,13,,,,
Q787956,Henri Plagnol,Henri Plagnol,,,,UMP,ump,area/val-de-marne_(1re),Val-de-Marne (1re),Assemblée nationale,13,,,https://upload.wikimedia.org/wikipedia/commons/f/fa/Henri_Plagnol.jpg,male
henriette_martinez,Henriette Martinez,Henriette Martinez,,,,UMP,ump,area/hautes-alpes_(1re),Hautes-Alpes (1re),Assemblée nationale,13,,,,
Q3134497,Hervé Féron,"Féron, Hervé",,,,SRC,src,area/meurthe-et-moselle_(2e),Meurthe-et-Moselle (2e),Assemblée nationale,13,,,,male
Q182786,Hervé Gaymard,"Gaymard, Hervé",,,,UMP,ump,area/savoie_(2e),Savoie (2e),Assemblée nationale,13,,,https://upload.wikimedia.org/wikipedia/commons/9/94/Paris_-_Salon_du_livre_2012_-_Hervé_Gaymard_-_001.jpg,male
Q3134593,Hervé Mariton,"Mariton, Hervé",,,,UMP,ump,area/drôme_(3e),Drôme (3e),Assemblée nationale,13,,,https://upload.wikimedia.org/wikipedia/commons/4/43/Hervé_Mariton_2009.jpg,male
Q521021,Hervé Morin,"Morin, Hervé",,,,NC,nc,area/eure_(3e),Eure (3e),Assemblée nationale,13,,,https://upload.wikimedia.org/wikipedia/commons/1/19/Hervemorin2008_recadre.PNG,male
hervé_novelli,Hervé Novelli,Hervé Novelli,,,,UMP,ump,area/indre-et-loire_(4e),Indre-et-Loire (4e),Assemblée nationale,13,,,,
hervé_de_charette,Hervé de Charette,Hervé de Charette,,,,UMP,ump,area/maine-et-loire_(6e),Maine-et-Loire (6e),Assemblée nationale,13,,,,
Q3142774,Huguette Bello,"Bello, Huguette",,HuguetteBello,1514688388804955,GDR,gdr,area/réunion_(2e),Réunion (2e),Assemblée nationale,13,,,https://upload.wikimedia.org/wikipedia/commons/f/fe/HuguetteBelloMaido.jpg,female
isabelle_vasseur,Isabelle Vasseur,Isabelle Vasseur,,,,UMP,ump,area/aisne_(5e),Aisne (5e),Assemblée nationale,13,,,,
jack_lang,Jack Lang,Jack Lang,,,,SRC,src,area/pas-de-calais_(6e),Pas-de-Calais (6e),Assemblée nationale,13,,,,
jacqueline_farreyrol,Jacqueline Farreyrol,Jacqueline Farreyrol,,,,UMP,ump,area/réunion_(3e),Réunion (3e),Assemblée nationale,13,,,,
Q3157725,Jacqueline Fraysse,"Fraysse, Jacqueline",,,,GDR,gdr,area/hauts-de-seine_(4e),Hauts-de-Seine (4e),Assemblée nationale,13,,,https://upload.wikimedia.org/wikipedia/commons/4/43/Jacqueline_Fraysse-January_2007.jpg,female
jacqueline_irles,Jacqueline Irles,Jacqueline Irles,,,,UMP,ump,area/pyrénées-orientales_(4e),Pyrénées-Orientales (4e),Assemblée nationale,13,,,,
Q3157761,Jacqueline Maquet,"Maquet, Jacqueline",,,,SRC,src,area/pas-de-calais_(3e),Pas-de-Calais (3e),Assemblée nationale,13,,,,female
jacques_bascou,Jacques Bascou,Jacques Bascou,,,,SRC,src,area/aude_(2e),Aude (2e),Assemblée nationale,13,,,,
jacques_desallangre,Jacques Desallangre,Jacques Desallangre,,,,GDR,gdr,area/aisne_(4e),Aisne (4e),Assemblée nationale,13,,,,
jacques_domergue,Jacques Domergue,Jacques Domergue,,,,UMP,ump,area/hérault_(1re),Hérault (1re),Assemblée nationale,13,,,,
jacques_grosperrin,Jacques Grosperrin,Jacques Grosperrin,,,,UMP,ump,area/doubs_(2e),Doubs (2e),Assemblée nationale,13,,,,
Q962891,Jacques Kossowski,"Kossowski, Jacques",,,,UMP,ump,area/hauts-de-seine_(3e),Hauts-de-Seine (3e),Assemblée nationale,13,,,,male
Q3159251,Jacques Lamblin,"Lamblin, Jacques",,,,UMP,ump,area/meurthe-et-moselle_(4e),Meurthe-et-Moselle (4e),Assemblée nationale,13,,,https://upload.wikimedia.org/wikipedia/commons/d/db/Jacques_Lamblin_2012.jpg,male
jacques_le_guen,Jacques Le Guen,Jacques Le Guen,,,,UMP,ump,area/finistère_(5e),Finistère (5e),Assemblée nationale,13,,,,
jacques_le_nay,Jacques Le Nay,Jacques Le Nay,,,,UMP,ump,area/morbihan_(6e),Morbihan (6e),Assemblée nationale,13,,,,
Q3159627,Jacques Myard,"Myard, Jacques",,,,UMP,ump,area/yvelines_(5e),Yvelines (5e),Assemblée nationale,13,,,,male
Q3159822,Jacques Pélissard,"Pélissard, Jacques",,,,UMP,ump,area/jura_(1re),Jura (1re),Assemblée nationale,13,,,https://upload.wikimedia.org/wikipedia/commons/e/e5/Jacques_Pélissard.jpg,male
jacques_remiller,Jacques Remiller,Jacques Remiller,,,,UMP,ump,area/isère_(8e),Isère (8e),Assemblée nationale,13,,,,
Q3160124,Jacques Valax,"Valax, Jacques",,,,SRC,src,area/tarn_(1re),Tarn (1re),Assemblée nationale,13,,,,male
Q3157844,Jacques-Alain Bénisti,"Bénisti, Jacques-Alain",,,JacquesAlainBenisti,UMP,ump,area/val-de-marne_(4e),Val-de-Marne (4e),Assemblée nationale,13,,,,male
jean_auclair,Jean Auclair,Jean Auclair,,,,UMP,ump,area/creuse_(2e),Creuse (2e),Assemblée nationale,13,,,,
jean_bardet,Jean Bardet,Jean Bardet,,,,UMP,ump,area/val-d'oise_(3e),Val-d'Oise (3e),Assemblée nationale,13,,,,
jean_dionis_du_séjour,Jean Dionis du Séjour,Jean Dionis du Séjour,,,,NC,nc,area/lot-et-garonne_(1re),Lot-et-Garonne (1re),Assemblée nationale,13,,,,
jean_gaubert,Jean Gaubert,Jean Gaubert,,,,SRC,src,area/côtes-d'armor_(2e),Côtes-d'Armor (2e),Assemblée nationale,13,,,,
Q3172322,Jean Glavany,"Glavany, Jean",,,,SRC,src,area/hautes-pyrénées_(3e),Hautes-Pyrénées (3e),Assemblée nationale,13,,,,male
Q3172381,Jean Grellier,"Grellier, Jean",,,,SRC,src,area/deux-sèvres_(4e),Deux-Sèvres (4e),Assemblée nationale,13,,,,male
jean_grenet,Jean Grenet,Jean Grenet,,,,UMP,ump,area/pyrénées-atlantiques_(5e),Pyrénées-Atlantiques (5e),Assemblée nationale,13,,,,
Q3173022,Jean Lassalle,"Lassalle, Jean",,jeanlassalle,,NI,ni,area/pyrénées-atlantiques_(4e),Pyrénées-Atlantiques (4e),Assemblée nationale,13,,,https://upload.wikimedia.org/wikipedia/commons/d/d6/MoDem_regional_elections_2010-01-24_n06.jpg,male
Q3173030,Jean Launay,"Launay, Jean",,,,SRC,src,area/lot_(2e),Lot (2e),Assemblée nationale,13,,,,male
Q3083582,Jean Leonetti,"Leonetti, Jean",,,,UMP,ump,area/alpes-maritimes_(7e),Alpes-Maritimes (7e),Assemblée nationale,13,,,https://upload.wikimedia.org/wikipedia/commons/2/2f/Leonetti.JPG,male
jean_mallot,Jean Mallot,Jean Mallot,,,,SRC,src,area/allier_(3e),Allier (3e),Assemblée nationale,13,,,,
jean_michel,Jean Michel,Jean Michel,,,,SRC,src,area/puy-de-dôme_(6e),Puy-de-Dôme (6e),Assemblée nationale,13,,,,
jean_proriol,Jean Proriol,Jean Proriol,,,,UMP,ump,area/haute-loire_(2e),Haute-Loire (2e),Assemblée nationale,13,,,,
jean_tiberi,Jean Tiberi,Jean Tiberi,,,,UMP,ump,area/paris_(2e),Paris (2e),Assemblée nationale,13,,,,
jean_ueberschlag,Jean Ueberschlag,Jean Ueberschlag,,,,UMP,ump,area/haut-rhin_(4e),Haut-Rhin (4e),Assemblée nationale,13,,,,
Q3164701,Jean-Charles Taugourdeau,"Taugourdeau, Jean-Charles",,,,UMP,ump,area/maine-et-loire_(3e),Maine-et-Loire (3e),Assemblée nationale,13,,,,male
Q1684726,Jean-Christophe Cambadélis,"Cambadélis, Jean-Christophe",,,,SRC,src,area/paris_(20e),Paris (20e),Assemblée nationale,13,,,https://upload.wikimedia.org/wikipedia/commons/8/86/Socialist_rally_Zenith_2007_05_29_n1.jpg,male
Q3164758,Jean-Christophe Lagarde,"Lagarde, Jean-Christophe",,jclagarde,jeanchristophe.lagarde.3,NC,nc,area/seine-saint-denis_(5e),Seine-Saint-Denis (5e),Assemblée nationale,13,,,https://upload.wikimedia.org/wikipedia/commons/d/d2/Bayrou_Bercy_2007-04-18_n10.jpg,male
Q3164854,Jean-Claude Bouchet,"Bouchet, Jean-Claude",,,,UMP,ump,area/vaucluse_(2e),Vaucluse (2e),Assemblée nationale,13,,,,male
jean-claude_flory,Jean-Claude Flory,Jean-Claude Flory,,,,UMP,ump,area/ardèche_(3e),Ardèche (3e),Assemblée nationale,13,,,,
Q3164979,Jean-Claude Fruteau,"Fruteau, Jean-Claude",,,,SRC,src,area/réunion_(5e),Réunion (5e),Assemblée nationale,13,,,,male
Q3165004,Jean-Claude Guibal,"Guibal, Jean-Claude",,,,UMP,ump,area/alpes-maritimes_(4e),Alpes-Maritimes (4e),Assemblée nationale,13,,,,male
jean-claude_lenoir,Jean-Claude Lenoir,Jean-Claude Lenoir,,,,UMP,ump,area/orne_(2e),Orne (2e),Assemblée nationale,13,,,,
jean-claude_leroy,Jean-Claude Leroy,Jean-Claude Leroy,,,,SRC,src,area/pas-de-calais_(3e),Pas-de-Calais (3e),Assemblée nationale,13,,,,
Q2161754,Jean-Claude Mathis,"Mathis, Jean-Claude",,,,UMP,ump,area/aube_(2e),Aube (2e),Assemblée nationale,13,,,,male
Q1188660,Jean-Claude Mignon,"Mignon, Jean-Claude",,DeputeMIGNON,,UMP,ump,area/seine-et-marne_(1re),Seine-et-Marne (1re),Assemblée nationale,13,,,https://upload.wikimedia.org/wikipedia/commons/4/49/Jcmignon.portrait.jpg,male
jean-claude_perez,Jean-Claude Perez,"Perez, Jean-Claude",,,,SRC,src,area/aude_(1re),Aude (1re),Assemblée nationale,13,,,,
jean-claude_sandrier,Jean-Claude Sandrier,Jean-Claude Sandrier,,,,GDR,gdr,area/cher_(2e),Cher (2e),Assemblée nationale,13,,,,
jean-claude_thomas,Jean-Claude Thomas,Jean-Claude Thomas,,,,UMP,ump,area/marne_(3e),Marne (3e),Assemblée nationale,13,,,,
jean-claude_viollet,Jean-Claude Viollet,Jean-Claude Viollet,,,,SRC,src,area/charente_(1re),Charente (1re),Assemblée nationale,13,,,,
Q62354,Jean-François Copé,"Copé, Jean-François",,jf_cope,,UMP,ump,area/seine-et-marne_(6e),Seine-et-Marne (6e),Assemblée nationale,13,,,https://upload.wikimedia.org/wikipedia/commons/9/92/UMP_regional_elections_Paris_2010-01-21_n2_(cropped).jpg,male
Q956428,Jean-François Lamour,"Lamour, Jean-François",,,,UMP,ump,area/paris_(13e),Paris (13e),Assemblée nationale,13,,,https://upload.wikimedia.org/wikipedia/commons/f/f4/UMP_regional_elections_Paris_2010-01-21_n3.jpg,male
Q3165759,Jean-François Mancel,"Mancel, Jean-François",,JFMancel,,UMP,ump,area/oise_(2e),Oise (2e),Assemblée nationale,13,,,https://upload.wikimedia.org/wikipedia/commons/1/18/Mancel_JF.jpg,male
jean-jack_queyranne,Jean-Jack Queyranne,Jean-Jack Queyranne,,,,SRC,src,area/rhône_(7e),Rhône (7e),Assemblée nationale,13,,,,
Q2395973,Jean-Jacques Candelier,"Candelier, Jean-Jacques",,,,GDR,gdr,area/nord_(16e),Nord (16e),Assemblée nationale,13,,,"https://upload.wikimedia.org/wikipedia/commons/b/b7/Lewarde_-_Quatre_jours_de_Dunkerque,_étape_2,_2_mai_2013,_départ_(149).JPG",male
jean-jacques_gaultier,Jean-Jacques Gaultier,Jean-Jacques Gaultier,,,,UMP,ump,area/vosges_(4e),Vosges (4e),Assemblée nationale,13,,,,
Q3166286,Jean-Jacques Guillet,"Guillet, Jean-Jacques",,,,UMP,ump,area/hauts-de-seine_(8e),Hauts-de-Seine (8e),Assemblée nationale,13,,,,male
Q2791083,Jean-Jacques Urvoas,"Urvoas, Jean-Jacques",,,,SRC,src,area/finistère_(1re),Finistère (1re),Assemblée nationale,13,,,https://upload.wikimedia.org/wikipedia/commons/a/af/Jean-Jacques_Urvoas.jpg,male
jean-louis_bernard,Jean-Louis Bernard,Jean-Louis Bernard,,,,UMP,ump,area/loiret_(3e),Loiret (3e),Assemblée nationale,13,,,,
jean-louis_bianco,Jean-Louis Bianco,Jean-Louis Bianco,,,,SRC,src,area/alpes-de-haute-provence_(1re),Alpes-de-Haute-Provence (1re),Assemblée nationale,13,,,,
Q467781,Jean-Louis Borloo,Jean-Louis Borloo,,,,UMP,ump,area/nord_(département)_(21e),Nord (département) (21e),Assemblée nationale,13,,,https://upload.wikimedia.org/wikipedia/commons/b/b7/Jean-Louis_Borloo_par_Claude_Truong-Ngoc_avril_2013.jpg,male
Q3166710,Jean-Louis Christ,"Christ, Jean-Louis",,,,UMP,ump,area/haut-rhin_(2e),Haut-Rhin (2e),Assemblée nationale,13,,,,male
Q3166748,Jean-Louis Dumont,"Dumont, Jean-Louis",,,,SRC,src,area/meuse_(2e),Meuse (2e),Assemblée nationale,13,,,,male
Q3166775,Jean-Louis Gagnaire,"Gagnaire, Jean-Louis",,,,SRC,src,area/loire_(2e),Loire (2e),Assemblée nationale,13,,,,male
jean-louis_idiart,Jean-Louis Idiart,Jean-Louis Idiart,,,,SRC,src,area/haute-garonne_(8e),Haute-Garonne (8e),Assemblée nationale,13,,,,
jean-louis_léonard,Jean-Louis Léonard,Jean-Louis Léonard,,,,UMP,ump,area/charente-maritime_(2e),Charente-Maritime (2e),Assemblée nationale,13,,,,
Q12923,Jean-Louis Touraine,"Touraine, Jean-Louis",,,jeanlouis.touraine,SRC,src,area/rhône_(3e),Rhône (3e),Assemblée nationale,13,,,https://upload.wikimedia.org/wikipedia/commons/4/45/Jean-Louis_Touraine.jpg,male
jean-luc_préel,Jean-Luc Préel,Jean-Luc Préel,,,,NC,nc,area/vendée_(1re),Vendée (1re),Assemblée nationale,13,,,,
jean-luc_pérat,Jean-Luc Pérat,Jean-Luc Pérat,,,,SRC,src,area/nord_(24e),Nord (24e),Assemblée nationale,13,,,,
Q3167246,Jean-Luc Reitzer,"Reitzer, Jean-Luc",,,,UMP,ump,area/haut-rhin_(3e),Haut-Rhin (3e),Assemblée nationale,13,,,,male
Q509407,Jean-Luc Warsmann,"Warsmann, Jean-Luc",,warsmann,warsmann,UMP,ump,area/ardennes_(3e),Ardennes (3e),Assemblée nationale,13,,,,male
Q7711,Jean-Marc Ayrault,"Ayrault, Jean-Marc",,jeanmarcayrault,jmayrault,SRC,src,area/loire-atlantique_(3e),Loire-Atlantique (3e),Assemblée nationale,13,,,https://upload.wikimedia.org/wikipedia/commons/3/3f/Ayrault.jpg,male
jean-marc_lefranc,Jean-Marc Lefranc,Jean-Marc Lefranc,,,,UMP,ump,area/calvados_(5e),Calvados (5e),Assemblée nationale,13,,,,
jean-marc_nesme,Jean-Marc Nesme,Jean-Marc Nesme,,,,UMP,ump,area/saône-et-loire_(2e),Saône-et-Loire (2e),Assemblée nationale,13,,,,
jean-marc_roubaud,Jean-Marc Roubaud,Jean-Marc Roubaud,,,,UMP,ump,area/gard_(3e),Gard (3e),Assemblée nationale,13,,,,
jean-marie_binetruy,Jean-Marie Binetruy,Jean-Marie Binetruy,,,,UMP,ump,area/doubs_(5e),Doubs (5e),Assemblée nationale,13,,,,
Q640830,Jean-Marie Le Guen,Jean-Marie Le Guen,,,,SRC,src,area/paris_(9e),Paris (9e),Assemblée nationale,13,,,https://upload.wikimedia.org/wikipedia/commons/6/6e/Paris_de_la_Recherche_-_Jean-Marie_Le_Guen_1.jpg,male
jean-marie_morisset,Jean-Marie Morisset,Jean-Marie Morisset,,,,UMP,ump,area/deux-sèvres_(3e),Deux-Sèvres (3e),Assemblée nationale,13,,,,
jean-marie_rolland,Jean-Marie Rolland,Jean-Marie Rolland,,,,UMP,ump,area/yonne_(2e),Yonne (2e),Assemblée nationale,13,,,,
Q3167821,Jean-Marie Sermier,"Sermier, Jean-Marie",,,,UMP,ump,area/jura_(3e),Jura (3e),Assemblée nationale,13,,,https://upload.wikimedia.org/wikipedia/commons/a/a7/Jeanmariesermier.jpg,male
jean-michel_boucheron,Jean-Michel Boucheron,Jean-Michel Boucheron,,,,SRC,src,area/ille-et-vilaine_(1re),Ille-et-Vilaine (1re),Assemblée nationale,13,,,,
Q3167990,Jean-Michel Clément,"Clément, Jean-Michel",,,,SRC,src,area/vienne_(3e),Vienne (3e),Assemblée nationale,13,,,,male
Q868322,Jean-Michel Couve,"Couve, Jean-Michel",,jmcouve,,UMP,ump,area/var_(4e),Var (4e),Assemblée nationale,13,,,https://upload.wikimedia.org/wikipedia/commons/0/01/Jean-michel_Couve.jpg,male
jean-michel_ferrand,Jean-Michel Ferrand,Jean-Michel Ferrand,,,,UMP,ump,area/vaucluse_(3e),Vaucluse (3e),Assemblée nationale,13,,,,
jean-michel_fourgous,Jean-Michel Fourgous,Jean-Michel Fourgous,,,,UMP,ump,area/yvelines_(11e),Yvelines (11e),Assemblée nationale,13,,,,
Q3168176,Jean-Michel Villaumé,"Villaumé, Jean-Michel",,,,SRC,src,area/haute-saône_(2e),Haute-Saône (2e),Assemblée nationale,13,,,https://upload.wikimedia.org/wikipedia/commons/a/a9/J-Michel_Villaumé_old.jpg,male
Q3164383,Jean-Patrick Gille,"Gille, Jean-Patrick",,,,SRC,src,area/indre-et-loire_(1re),Indre-et-Loire (1re),Assemblée nationale,13,,,https://upload.wikimedia.org/wikipedia/commons/c/ca/DeputeXIVeLegVeRep-Jean-Patrick_Gille1.jpg,male
jean-paul_anciaux,Jean-Paul Anciaux,Jean-Paul Anciaux,,,,UMP,ump,area/saône-et-loire_(3e),Saône-et-Loire (3e),Assemblée nationale,13,,,,
Q3168350,Jean-Paul Bacquet,"Bacquet, Jean-Paul",,,,SRC,src,area/puy-de-dôme_(4e),Puy-de-Dôme (4e),Assemblée nationale,13,,,,male
Q3168410,Jean-Paul Chanteguet,"Chanteguet, Jean-Paul",,,,SRC,src,area/indre_(3e),Indre (3e),Assemblée nationale,13,,,,male
Q2271863,Jean-Paul Dupré,"Dupré, Jean-Paul",,,,SRC,src,area/aude_(3e),Aude (3e),Assemblée nationale,13,,,https://upload.wikimedia.org/wikipedia/commons/6/68/Jean-Paul_Dupré.jpg,male
jean-paul_garraud,Jean-Paul Garraud,Jean-Paul Garraud,,,,UMP,ump,area/gironde_(10e),Gironde (10e),Assemblée nationale,13,,,,
jean-paul_lecoq,Jean-Paul Lecoq,Jean-Paul Lecoq,,,,GDR,gdr,area/seine-maritime_(6e),Seine-Maritime (6e),Assemblée nationale,13,,,,
jean-philippe_maurer,Jean-Philippe Maurer,Jean-Philippe Maurer,,,,UMP,ump,area/bas-rhin_(2e),Bas-Rhin (2e),Assemblée nationale,13,,,,
jean-pierre_abelin,Jean-Pierre Abelin,Jean-Pierre Abelin,,,,NC,nc,area/vienne_(4e),Vienne (4e),Assemblée nationale,13,,,,
jean-pierre_balligand,Jean-Pierre Balligand,Jean-Pierre Balligand,,,,SRC,src,area/aisne_(3e),Aisne (3e),Assemblée nationale,13,,,,
jean-pierre_brard,Jean-Pierre Brard,Jean-Pierre Brard,,,,GDR,gdr,area/seine-saint-denis_(7e),Seine-Saint-Denis (7e),Assemblée nationale,13,,,,
Q3169178,Jean-Pierre Decool,"Decool, Jean-Pierre",,,,UMP,ump,area/nord_(14e),Nord (14e),Assemblée nationale,13,,,,male
Q3169226,Jean-Pierre Door,"Door, Jean-Pierre",,doorjean,,UMP,ump,area/loiret_(4e),Loiret (4e),Assemblée nationale,13,,,https://upload.wikimedia.org/wikipedia/commons/9/96/Jean-Pierre_Door.JPG,male
Q3169237,Jean-Pierre Dufau,"Dufau, Jean-Pierre",,,,SRC,src,area/landes_(2e),Landes (2e),Assemblée nationale,13,,,https://upload.wikimedia.org/wikipedia/commons/4/42/Photo_de_Jean-Pierre_DUFAU.jpg,male
jean-pierre_dupont,Jean-Pierre Dupont,Jean-Pierre Dupont,,,,UMP,ump,area/corrèze_(3e),Corrèze (3e),Assemblée nationale,13,,,,
Q3169347,Jean-Pierre Giran,"Giran, Jean-Pierre",,,,UMP,ump,area/var_(3e),Var (3e),Assemblée nationale,13,,,,male
Q3169360,Jean-Pierre Gorges,"Gorges, Jean-Pierre",,,,UMP,ump,area/eure-et-loir_(1re),Eure-et-Loir (1re),Assemblée nationale,13,,,https://upload.wikimedia.org/wikipedia/commons/3/3b/JPGorge.JPG,male
jean-pierre_grand,Jean-Pierre Grand,Jean-Pierre Grand,,,,UMP,ump,area/hérault_(3e),Hérault (3e),Assemblée nationale,13,,,,
jean-pierre_kucheida,Jean-Pierre Kucheida,Jean-Pierre Kucheida,,,,SRC,src,area/pas-de-calais_(12e),Pas-de-Calais (12e),Assemblée nationale,13,,,,
jean-pierre_nicolas,Jean-Pierre Nicolas,Jean-Pierre Nicolas,,,,UMP,ump,area/eure_(2e),Eure (2e),Assemblée nationale,13,,,,
jean-pierre_schosteck,Jean-Pierre Schosteck,Jean-Pierre Schosteck,,,,UMP,ump,area/hauts-de-seine_(12e),Hauts-de-Seine (12e),Assemblée nationale,13,,,,
jean-pierre_soisson,Jean-Pierre Soisson,Jean-Pierre Soisson,,,,UMP,ump,area/yonne_(1re),Yonne (1re),Assemblée nationale,13,,,,
Q3169921,Jean-René Marsac,"Marsac, Jean-René",,,,SRC,src,area/ille-et-vilaine_(4e),Ille-et-Vilaine (4e),Assemblée nationale,13,,,https://upload.wikimedia.org/wikipedia/commons/6/6d/Jean-rene-marsac.JPG,male
Q3170031,Jean-Sébastien Vialatte,"Vialatte, Jean-Sébastien",,,,UMP,ump,area/var_(7e),Var (7e),Assemblée nationale,13,,,,male
jean-yves_cousin,Jean-Yves Cousin,Jean-Yves Cousin,,,,UMP,ump,area/calvados_(6e),Calvados (6e),Assemblée nationale,13,,,,
Q3170161,Jean-Yves Le Bouillonnec,"Le Bouillonnec, Jean-Yves",,,,SRC,src,area/val-de-marne_(11e),Val-de-Marne (11e),Assemblée nationale,13,,,https://upload.wikimedia.org/wikipedia/commons/6/61/Jean-YvesLeBouillonnec.jpg,male
Q3170164,Jean-Yves Le Déaut,Le Deaut Jean-Yves,,,,SRC,src,area/meurthe-et-moselle_(6e),Meurthe-et-Moselle (6e),Assemblée nationale,13,,,"https://upload.wikimedia.org/wikipedia/commons/a/a0/Jean-Yves_Le_Déaut,_2015.JPG",male
jeanny_marc,Jeanny Marc,Jeanny Marc,,,,SRC,src,area/guadeloupe_(3e),Guadeloupe (3e),Assemblée nationale,13,,,,
Q3185940,Josette Pons,"Pons, Josette",,,,UMP,ump,area/var_(6e),Var (6e),Assemblée nationale,13,,,https://upload.wikimedia.org/wikipedia/commons/8/88/Josette_Pons_Députée_Var.jpg,female
Q637002,Joël Giraud,"Giraud, Joël",,,,SRC,src,area/hautes-alpes_(2e),Hautes-Alpes (2e),Assemblée nationale,13,,,,male
joëlle_ceccaldi-raynaud,Joëlle Ceccaldi-Raynaud,Joëlle Ceccaldi-Raynaud,,,,UMP,ump,area/hauts-de-seine_(6e),Hauts-de-Seine (6e),Assemblée nationale,13,,,,
julien_dray,Julien Dray,Julien Dray,,,,SRC,src,area/essonne_(10e),Essonne (10e),Assemblée nationale,13,,,,
jérôme_bignon,Jérôme Bignon,Jérôme Bignon,,,,UMP,ump,area/somme_(3e),Somme (3e),Assemblée nationale,13,,,,
Q57751,Jérôme Cahuzac,Jérôme Cahuzac,,,,SRC,src,area/lot-et-garonne_(3e),Lot-et-Garonne (3e),Assemblée nationale,13,,,https://upload.wikimedia.org/wikipedia/commons/b/b6/PR-2012-05-15_IMG_1493_(crop).jpg,male
Q3190850,Jérôme Chartier,"Chartier, Jérôme",,jechartier,jeromechartier2,UMP,ump,area/val-d'oise_(7e),Val-d'Oise (7e),Assemblée nationale,13,,,https://upload.wikimedia.org/wikipedia/commons/4/4b/Jérôme_Chartier.jpg,male
jérôme_lambert,Jérôme Lambert,"Lambert, Jérôme",,,,SRC,src,area/charente_(3e),Charente (3e),Assemblée nationale,13,,,,
Q3197944,Kléber Mesquida,"Mesquida, Kléber",,,,SRC,src,area/hérault_(5e),Hérault (5e),Assemblée nationale,13,,,,male
Q3218809,Laure de La Raudière,La Raudiere Laure,,lauredlr,,UMP,ump,area/eure-et-loir_(3e),Eure-et-Loir (3e),Assemblée nationale,13,,,https://upload.wikimedia.org/wikipedia/commons/9/98/Laure_de_la_Raudière.jpg,female
Q2271318,Laurence Dumont,"Dumont, Laurence",,,,SRC,src,area/calvados_(2e),Calvados (2e),Assemblée nationale,13,,,https://upload.wikimedia.org/wikipedia/commons/5/5e/DeputeXIVeLegVeRep-Laurence_Dumont2.jpg,female
Q3219106,Laurent Cathala,"Cathala, Laurent",,,,SRC,src,area/val-de-marne_(2e),Val-de-Marne (2e),Assemblée nationale,13,,,,male
Q217070,Laurent Fabius,Laurent Fabius,,,,SRC,src,area/seine-maritime_(4e),Seine-Maritime (4e),Assemblée nationale,13,,,https://upload.wikimedia.org/wikipedia/commons/8/88/Laurent_Fabius_-_Royal_&_Zapatero's_meeting_in_Toulouse_for_the_2007_French_presidential_election_0538_2007-04-19.jpg,male
laurent_hénart,Laurent Hénart,Laurent Hénart,,,,UMP,ump,area/meurthe-et-moselle_(1re),Meurthe-et-Moselle (1re),Assemblée nationale,13,,,,
Q984375,Laurent Wauquiez,"Wauquiez, Laurent",,laurentwauquiez,LaurentWauquiez,UMP,ump,area/haute-loire_(1er),Haute-Loire (1er),Assemblée nationale,13,,,"https://upload.wikimedia.org/wikipedia/commons/8/80/Laurent_Wauquiez,_vice-président_de_l'UMP.jpg",male
Q3241953,Lionel Tardy,"Tardy, Lionel",,DeputeTardy,lioneltardy.depute,UMP,ump,area/haute-savoie_(2e),Haute-Savoie (2e),Assemblée nationale,13,,,https://upload.wikimedia.org/wikipedia/commons/1/16/Lionel_Tardy_2009.jpg,male
Q737204,Lionnel Luca,"Luca, Lionnel",,lionnelluca06,,UMP,ump,area/alpes-maritimes_(6e),Alpes-Maritimes (6e),Assemblée nationale,13,,,,male
louis_cosyns,Louis Cosyns,Louis Cosyns,,,,UMP,ump,area/cher_(3e),Cher (3e),Assemblée nationale,13,,,,
louis_giscard_d'estaing,Louis Giscard d'Estaing,Louis Giscard d'Estaing,,,,UMP,ump,area/puy-de-dôme_(3e),Puy-de-Dôme (3e),Assemblée nationale,13,,,,
louis_guédon,Louis Guédon,Louis Guédon,,,,UMP,ump,area/vendée_(3e),Vendée (3e),Assemblée nationale,13,,,,
Q3260652,Louis-Joseph Manscour,Louis-Joseph Manscour,,,,SRC,src,area/martinique_(1re),Martinique (1re),Assemblée nationale,13,,,,male
loïc_bouvard,Loïc Bouvard,Loïc Bouvard,,,,UMP,ump,area/morbihan_(4e),Morbihan (4e),Assemblée nationale,13,,,,
Q642640,Luc Chatel,"Chatel, Luc",,,,UMP,ump,area/haute-marne_(1re),Haute-Marne (1re),Assemblée nationale,13,,,https://upload.wikimedia.org/wikipedia/commons/4/49/Luc_Chatel_par_Claude_Truong-Ngoc_août_2015.jpg,male
Q3265461,Lucien Degauchy,"Degauchy, Lucien",,,,UMP,ump,area/oise_(5e),Oise (5e),Assemblée nationale,13,,,,male
manuel_aeschlimann,Manuel Aeschlimann,Manuel Aeschlimann,,,,UMP,ump,area/hauts-de-seine_(2e),Hauts-de-Seine (2e),Assemblée nationale,13,,,,
Q10287,Manuel Valls,Manuel Valls,,manuelvalls,manuelvalls,SRC,src,area/essonne_(1re),Essonne (1re),Assemblée nationale,13,,,https://upload.wikimedia.org/wikipedia/commons/1/1c/Valls_Toulouse_2012.JPG,male
marc_bernier,Marc Bernier,Marc Bernier,,,,UMP,ump,area/mayenne_(2e),Mayenne (2e),Assemblée nationale,13,,,,
Q937175,Marc Dolez,"Dolez, Marc",,,,GDR,gdr,area/nord_(17e),Nord (17e),Assemblée nationale,13,,,https://upload.wikimedia.org/wikipedia/commons/b/b7/Marc_Dolez.jpg,male
Q3288040,Marc Francina,"Francina, Marc",,,,UMP,ump,area/haute-savoie_(5e),Haute-Savoie (5e),Assemblée nationale,13,,,,male
Q3288084,Marc Goua,"Goua, Marc",,,,SRC,src,area/maine-et-loire_(2e),Maine-et-Loire (2e),Assemblée nationale,13,,,,male
Q3288161,Marc Laffineur,"Laffineur, Marc",,,,UMP,ump,area/maine-et-loire_(7e),Maine-et-Loire (7e),Assemblée nationale,13,,,https://upload.wikimedia.org/wikipedia/commons/6/65/Marc_Laffineur2.jpg,male
Q3288193,Marc Le Fur,"Le Fur, Marc",,,,UMP,ump,area/côtes-d'armor_(3e),Côtes-d'Armor (3e),Assemblée nationale,13,,,https://upload.wikimedia.org/wikipedia/commons/6/6a/Manif_pour_tous_Paris_2013-01-13_n13.jpg,male
Q960474,Marc-Philippe Daubresse,"Daubresse, Marc-Philippe",,DAUBRESSE_MP,,UMP,ump,area/nord_(4e),Nord (4e),Assemblée nationale,13,,,https://upload.wikimedia.org/wikipedia/commons/4/4d/Lille_-_Marc-Philippe_Daubresse_-_2.jpg,male
Q3288709,Marcel Bonnot,"Bonnot, Marcel",,,,UMP,ump,area/doubs_(3e),Doubs (3e),Assemblée nationale,13,,,https://upload.wikimedia.org/wikipedia/commons/8/89/MarcelBonnot.jpg,male
Q3289343,Marcel Rogemont,"Rogemont, Marcel",,,,SRC,src,area/ille-et-vilaine_(3e),Ille-et-Vilaine (3e),Assemblée nationale,13,,,https://upload.wikimedia.org/wikipedia/commons/b/bc/Marcel-Rogemont.JPG,male
marguerite_lamour,Marguerite Lamour,Marguerite Lamour,,,,UMP,ump,area/finistère_(3e),Finistère (3e),Assemblée nationale,13,,,,
Q3291298,Marianne Dubois,"Dubois, Marianne",,,,UMP,ump,area/loiret_(2e),Loiret (2e),Assemblée nationale,13,,,https://upload.wikimedia.org/wikipedia/commons/3/39/MD001.jpg,female
marie-anne_montchamp,Marie-Anne Montchamp,Marie-Anne Montchamp,,,,UMP,ump,area/val-de-marne_(7e),Val-de-Marne (7e),Assemblée nationale,13,,,,
Q3291640,Marie-Christine Dalloz,"Dalloz, Marie-Christine",,,,UMP,ump,area/jura_(2e),Jura (2e),Assemblée nationale,13,,,,female
marie-claude_marchand,Marie-Claude Marchand,Marie-Claude Marchand,,,,SRC,src,area/nord_(19e),Nord (19e),Assemblée nationale,13,,,,
Q3291821,Marie-Françoise Clergeau,"Clergeau, Marie-Françoise",,,,SRC,src,area/loire-atlantique_(2e),Loire-Atlantique (2e),Assemblée nationale,13,,,https://upload.wikimedia.org/wikipedia/commons/4/44/Marie-Françoise_Clergeau.jpg,female
marie-françoise_pérol-dumont,Marie-Françoise Pérol-Dumont,Marie-Françoise Pérol-Dumont,,,,SRC,src,area/haute-vienne_(3e),Haute-Vienne (3e),Assemblée nationale,13,,,,
Q464029,Marie-George Buffet,"Buffet, Marie-George",,,,GDR,gdr,area/seine-saint-denis_(4e),Seine-Saint-Denis (4e),Assemblée nationale,13,,,https://upload.wikimedia.org/wikipedia/commons/e/ea/Marie-George_Buffet_2010.jpg,female
marie-hélène_amiable,Marie-Hélène Amiable,Marie-Hélène Amiable,,,,GDR,gdr,area/hauts-de-seine_(11e),Hauts-de-Seine (11e),Assemblée nationale,13,,,,
marie-hélène_thoraval,Marie-Hélène Thoraval,Marie-Hélène Thoraval,,,,UMP,ump,area/drôme_(4e),Drôme (4e),Assemblée nationale,13,,,,
Q514965,Marie-Jo Zimmermann,"Zimmermann, Marie-Jo",,,,UMP,ump,area/moselle_(3e),Moselle (3e),Assemblée nationale,13,,,https://upload.wikimedia.org/wikipedia/commons/f/f6/Marie_Jo_Zimmermann.jpg,female
marie-josée_roig,Marie-Josée Roig,Marie-Josée Roig,,,,UMP,ump,area/vaucluse_(1re),Vaucluse (1re),Assemblée nationale,13,,,,
Q2277941,Marie-Line Reynaud,"Reynaud, Marie-Line",,MLReynaud16,mlreynaud,SRC,src,area/charente_(2e),Charente (2e),Assemblée nationale,13,,,,female
Q3292045,Marie-Lou Marcel,"Marcel, Marie-Lou",,,,SRC,src,area/aveyron_(2e),Aveyron (2e),Assemblée nationale,13,,,,female
Q3292063,Marie-Louise Fort,"Fort, Marie-Louise",,,,UMP,ump,area/yonne_(3e),Yonne (3e),Assemblée nationale,13,,,https://upload.wikimedia.org/wikipedia/commons/1/1f/Villemanoche-89-inauguration-école-10.jpg,female
Q3292159,Marie-Noëlle Battistel,"Battistel, Marie-Noëlle",,,,SRC,src,area/isère_(4e),Isère (4e),Assemblée nationale,13,,,https://upload.wikimedia.org/wikipedia/commons/6/6e/MNB.jpg,female
Q2395969,Marie-Odile Bouillé,"Bouillé, Marie-Odile",,,,SRC,src,area/loire-atlantique_(8e),Loire-Atlantique (8e),Assemblée nationale,13,,,https://upload.wikimedia.org/wikipedia/commons/c/c1/DeputeXIVeLegVeRep-Marie-Odile_Bouille.jpg,female
marie-renée_oget,Marie-Renée Oget,Marie-Renée Oget,,,,SRC,src,area/côtes-d'armor_(4e),Côtes-d'Armor (4e),Assemblée nationale,13,,,,
Q3293018,Marietta Karamanli,"Karamanli, Marietta",,,,SRC,src,area/sarthe_(2e),Sarthe (2e),Assemblée nationale,13,,,,female
Q270094,Marisol Touraine,Marisol Touraine,,,,SRC,src,area/indre-et-loire_(3e),Indre-et-Loire (3e),Assemblée nationale,13,,,https://upload.wikimedia.org/wikipedia/commons/c/c4/Marisol_Touraine.jpg,female
Q3295273,Martial Saddier,"Saddier, Martial",,MartialSaddier,martial.saddier.9,UMP,ump,area/haute-savoie_(3e),Haute-Savoie (3e),Assemblée nationale,13,,,,male
martine_aurillac,Martine Aurillac,Martine Aurillac,,,,UMP,ump,area/paris_(3e),Paris (3e),Assemblée nationale,13,,,,
martine_billard,Martine Billard,Martine Billard,,,,GDR,gdr,area/paris_(1re),Paris (1re),Assemblée nationale,13,,,,
Q3295753,Martine Carrillon-Couvreur,"Carrillon-Couvreur, Martine",,,,SRC,src,area/nièvre_(1re),Nièvre (1re),Assemblée nationale,13,,,https://upload.wikimedia.org/wikipedia/commons/e/ef/DeputeXIVeLegVeRep-Martine_Carrillon-Couvreur.jpg,female
Q2913271,Martine Faure,"Faure, Martine",,,,SRC,src,area/gironde_(9e),Gironde (9e),Assemblée nationale,13,,,https://upload.wikimedia.org/wikipedia/commons/f/fe/Martine_Faure.png,female
Q3295803,Martine Lignières-Cassou,"Lignières-Cassou, Martine",,,,SRC,src,area/pyrénées-atlantiques_(1re),Pyrénées-Atlantiques (1re),Assemblée nationale,13,,,https://upload.wikimedia.org/wikipedia/commons/d/de/Martine_Lignières-Cassou.jpg,female
Q3295812,Martine Martinel,"Martinel, Martine",,,,SRC,src,area/haute-garonne_(4e),Haute-Garonne (4e),Assemblée nationale,13,,,https://upload.wikimedia.org/wikipedia/commons/a/a8/DeputeXIVeLegVeRep-Martine_Martinel.jpg,female
Q3295826,Martine Pinville,"Pinville, Martine",,,,SRC,src,area/charente_(4e),Charente (4e),Assemblée nationale,13,,,https://upload.wikimedia.org/wikipedia/commons/6/6d/Portait_Martine_PINVILLE.jpg,female
Q63275,Marylise Lebranchu,Marylise Lebranchu,,,,SRC,src,area/finistère_(4e),Finistère (4e),Assemblée nationale,13,,,https://upload.wikimedia.org/wikipedia/commons/3/30/Marylise_Lebranchu_par_Claude_Truong-Ngoc_avril_2015.jpg,female
maryse_joissains-masini,Maryse Joissains-Masini,Maryse Joissains-Masini,,,,UMP,ump,area/bouches-du-rhône_(14e),Bouches-du-Rhône (14e),Assemblée nationale,13,,,,
Q984381,Maurice Leroy,"Leroy, Maurice",,,,NC,nc,area/loir-et-cher_(3e),Loir-et-Cher (3e),Assemblée nationale,13,,,https://upload.wikimedia.org/wikipedia/commons/d/db/Maurice-leroy-freeuse.jpg,male
max_roustan,Max Roustan,Max Roustan,,,,UMP,ump,area/gard_(4e),Gard (4e),Assemblée nationale,13,,,,
maxime_bono,Maxime Bono,Maxime Bono,,,,SRC,src,area/charente-maritime_(1re),Charente-Maritime (1re),Assemblée nationale,13,,,,
michel_bouvard,Michel Bouvard,Michel Bouvard,,,,UMP,ump,area/savoie_(3e),Savoie (3e),Assemblée nationale,13,,,,
michel_buillard,Michel Buillard,Michel Buillard,,,,UMP,ump,area/polynésie_française_(1re),Polynésie française (1re),Assemblée nationale,13,,,,
michel_delebarre,Michel Delebarre,Michel Delebarre,,,,SRC,src,area/nord_(13e),Nord (13e),Assemblée nationale,13,,,,
Q959067,Michel Destot,"Destot, Michel",,,,SRC,src,area/isère_(3e),Isère (3e),Assemblée nationale,13,,,https://upload.wikimedia.org/wikipedia/commons/a/a6/Michel_Destot_-_Critérium_du_Dauphiné_2012_-_Prologue.jpg,male
michel_diefenbacher,Michel Diefenbacher,Michel Diefenbacher,,,,UMP,ump,area/lot-et-garonne_(2e),Lot-et-Garonne (2e),Assemblée nationale,13,,,,
Q3309676,Michel Françaix,Francaix,,,,SRC,src,area/oise_(3e),Oise (3e),Assemblée nationale,13,,,,male
michel_grall,Michel Grall,Michel Grall,,,,UMP,ump,area/morbihan_(2e),Morbihan (2e),Assemblée nationale,13,,,,
michel_havard,Michel Havard,Michel Havard,,,,UMP,ump,area/rhône_(1re),Rhône (1re),Assemblée nationale,13,,,,
Q962903,Michel Heinrich,"Heinrich, Michel",,,,UMP,ump,area/vosges_(1re),Vosges (1re),Assemblée nationale,13,,,https://upload.wikimedia.org/wikipedia/commons/6/6d/Michel_Heinrich_par_Claude_Truong-Ngoc_avril_2015.jpg,male
Q924976,Michel Herbillon,"Herbillon, Michel",,,,UMP,ump,area/val-de-marne_(8e),Val-de-Marne (8e),Assemblée nationale,13,,,https://upload.wikimedia.org/wikipedia/commons/4/44/Michel_Herbillon_lors_de_la_cérémonie_du_8_mai_2010-003.JPG,male
michel_hunault,Michel Hunault,Michel Hunault,,,,NC,nc,area/loire-atlantique_(6e),Loire-Atlantique (6e),Assemblée nationale,13,,,,
Q3309959,Michel Issindou,"Issindou, Michel",,,,SRC,src,area/isère_(2e),Isère (2e),Assemblée nationale,13,,,"https://upload.wikimedia.org/wikipedia/commons/9/93/Michel_ISSINDOU,_Député_de_la_2ème_circonscription_de_l'Isère_depuis_2007.JPG",male
Q3310168,Michel Lefait,"Lefait, Michel",,,,SRC,src,area/pas-de-calais_(8e),Pas-de-Calais (8e),Assemblée nationale,13,,,,male
michel_lejeune,Michel Lejeune,Michel Lejeune,,,,UMP,ump,area/seine-maritime_(12e),Seine-Maritime (12e),Assemblée nationale,13,,,,
Q3310197,Michel Liebgott,"Liebgott, Michel",,,,SRC,src,area/moselle_(10e),Moselle (10e),Assemblée nationale,13,,,https://upload.wikimedia.org/wikipedia/commons/3/3d/Michel-liebgott-photo-archives-rl_copie.jpg,male
Q3310446,Michel Ménard,"Ménard, Michel",,,,SRC,src,area/loire-atlantique_(5e),Loire-Atlantique (5e),Assemblée nationale,13,,,https://upload.wikimedia.org/wikipedia/commons/1/14/MICHEL-MENARD-189_-_Copie.jpg,male
Q3310508,Michel Pajon,"Pajon, Michel",,,,SRC,src,area/seine-saint-denis_(13e),Seine-Saint-Denis (13e),Assemblée nationale,13,,,,male
Q3310603,Michel Piron,"Piron, Michel",,,,UMP,ump,area/maine-et-loire_(4e),Maine-et-Loire (4e),Assemblée nationale,13,,,,male
michel_raison,Michel Raison,Michel Raison,,,,UMP,ump,area/haute-saône_(3e),Haute-Saône (3e),Assemblée nationale,13,,,,
michel_sainte-marie,Michel Sainte-Marie,Michel Sainte-Marie,,,,SRC,src,area/gironde_(6e),Gironde (6e),Assemblée nationale,13,,,,
michel_sapin,Michel Sapin,Michel Sapin,,,,SRC,src,area/indre_(1re),Indre (1re),Assemblée nationale,13,,,,
Q3310886,Michel Sordi,"Sordi, Michel",,,,UMP,ump,area/haut-rhin_(7e),Haut-Rhin (7e),Assemblée nationale,13,,,,male
Q12939,Michel Terrot,"Terrot, Michel",,,,UMP,ump,area/rhône_(12e),Rhône (12e),Assemblée nationale,13,,,,male
Q609661,Michel Vauzelle,"Vauzelle, Michel",,Vauzelle,michel.vauzelle,SRC,src,area/bouches-du-rhône_(16e),Bouches-du-Rhône (16e),Assemblée nationale,13,,,https://upload.wikimedia.org/wikipedia/commons/8/8c/Vauzelle_Meeting_régionales_2010.jpg,male
michel_vaxès,Michel Vaxès,Michel Vaxès,,,,GDR,gdr,area/bouches-du-rhône_(13e),Bouches-du-Rhône (13e),Assemblée nationale,13,,,,
Q2689072,Michel Vergnier,"Vergnier, Michel",,,,SRC,src,area/creuse_(1re),Creuse (1re),Assemblée nationale,13,,,,male
Q3311094,Michel Voisin,"Voisin, Michel",,,,UMP,ump,area/ain_(4e),Ain (4e),Assemblée nationale,13,,,https://upload.wikimedia.org/wikipedia/commons/7/75/Michel_Voisin_-_2013_(cropped).jpg,male
Q3311135,Michel Zumkeller,"Zumkeller, Michel",,MichelZumkeller,michel.zumkeller.5,UMP,ump,area/territoire_de_belfort_(2e),Territoire de Belfort (2e),Assemblée nationale,13,,,https://upload.wikimedia.org/wikipedia/commons/b/ba/2013-09-17_21-17-14-meeting-nouveau-souffle-pour-belfort.jpg,male
michèle_alliot-marie,Michèle Alliot-Marie,Michèle Alliot-Marie,,,,UMP,ump,area/pyrénées-atlantiques_(6e),Pyrénées-Atlantiques (6e),Assemblée nationale,13,,,,
Q452139,Michèle Delaunay,"Delaunay, Michèle",,,,SRC,src,area/gironde_(2e),Gironde (2e),Assemblée nationale,13,,,https://upload.wikimedia.org/wikipedia/commons/6/65/Michele_Delaunay_à_Bordeaux.jpg,female
Q2254052,Michèle Tabarot,"Tabarot, Michèle",,,,UMP,ump,area/alpes-maritimes_(9e),Alpes-Maritimes (9e),Assemblée nationale,13,,,https://upload.wikimedia.org/wikipedia/commons/5/5b/Michèle_Tabarot.jpg,female
monique_boulestin,Monique Boulestin,Monique Boulestin,,,,SRC,src,area/haute-vienne_(1re),Haute-Vienne (1re),Assemblée nationale,13,,,,
Q3320860,Monique Iborra,"Iborra, Monique",,,,SRC,src,area/haute-garonne_(6e),Haute-Garonne (6e),Assemblée nationale,13,,,,female
muriel_marland-militello,Muriel Marland-Militello,Muriel Marland-Militello,,,,UMP,ump,area/alpes-maritimes_(2e),Alpes-Maritimes (2e),Assemblée nationale,13,,,,
nadine_morano,Nadine Morano,Nadine Morano,,,,UMP,ump,area/meurthe-et-moselle_(5e),Meurthe-et-Moselle (5e),Assemblée nationale,13,,,,
Q268595,Nathalie Kosciusko-Morizet,"Kosciusko-Morizet, Nathalie",,nk_m,nkosciuskomorizet,UMP,ump,area/essonne_(4e),Essonne (4e),Assemblée nationale,13,,,https://upload.wikimedia.org/wikipedia/commons/1/11/Nathalie_Kosciusko-Morizet.jpg,female
Q3340260,Nicolas Dhuicq,"Dhuicq, Nicolas",,,,UMP,ump,area/aube_(1re),Aube (1re),Assemblée nationale,13,,,,male
Q12961,Nicolas Dupont-Aignan,"Dupont-Aignan, Nicolas",,dupontaignan,nicolasdupontaignan,NI,ni,area/essonne_(8e),Essonne (8e),Assemblée nationale,13,,,https://upload.wikimedia.org/wikipedia/commons/8/88/Nicolas_Dupont-Aignan_DLR_2009-06-02_n1.jpg,male
nicolas_forissier,Nicolas Forissier,Nicolas Forissier,,,,UMP,ump,area/indre_(2e),Indre (2e),Assemblée nationale,13,,,,
nicolas_perruchot,Nicolas Perruchot,Nicolas Perruchot,,,,NC,nc,area/loir-et-cher_(1re),Loir-et-Cher (1re),Assemblée nationale,13,,,,
Q3340996,Nicole Ameline,"Ameline, Nicole",,,,UMP,ump,area/calvados_(4e),Calvados (4e),Assemblée nationale,13,,,https://upload.wikimedia.org/wikipedia/commons/7/71/Nicoleameline5.jpg,female
Q965109,Noël Mamère,"Mamère, Noël",,,,NI,ni,area/gironde_(3e),Gironde (3e),Assemblée nationale,13,,,https://upload.wikimedia.org/wikipedia/commons/1/1a/Noel.Mamere2006.JPG,male
odette_duriez,Odette Duriez,Odette Duriez,,,,SRC,src,area/pas-de-calais_(11e),Pas-de-Calais (11e),Assemblée nationale,13,,,,
Q3349257,Odile Saugues,"Saugues, Odile",,,,SRC,src,area/puy-de-dôme_(1re),Puy-de-Dôme (1re),Assemblée nationale,13,,,,female
olivier_carré,Olivier Carré,Carre Olivier,,,,UMP,ump,area/loiret_(1re),Loiret (1re),Assemblée nationale,13,,,,
Q3350961,Olivier Dassault,"Dassault, Olivier",,,,UMP,ump,area/oise_(1re),Oise (1re),Assemblée nationale,13,,,https://upload.wikimedia.org/wikipedia/commons/0/06/Olivier_Dassault.jpg,male
Q2020823,Olivier Dussopt,"Dussopt, Olivier",,olivierdussopt,olivierdussopt,SRC,src,area/ardèche_(2e),Ardèche (2e),Assemblée nationale,13,,,,male
olivier_jardé,Olivier Jardé,Olivier Jardé,,,,NC,nc,area/somme_(2e),Somme (2e),Assemblée nationale,13,,,,
pascal_clément,Pascal Clément,Pascal Clément,,,,UMP,ump,area/loire_(6e),Loire (6e),Assemblée nationale,13,,,,
Q3367366,Pascal Deguilhem,"Deguilhem, Pascal",,,,SRC,src,area/dordogne_(1re),Dordogne (1re),Assemblée nationale,13,,,https://upload.wikimedia.org/wikipedia/commons/9/9a/Pascal_DEGUILHEM_portrait_2012-2.jpg,male
Q2040280,Pascal Terrasse,"Terrasse, Pascal",,,,SRC,src,area/ardèche_(1re),Ardèche (1re),Assemblée nationale,13,,,https://upload.wikimedia.org/wikipedia/commons/c/cf/Pascal_Terrasse_-_Débat_gaz_de_schiste.jpg,male
Q12926,Pascale Crozon,"Crozon, Pascale",,,pascale.crozon,SRC,src,area/rhône_(6e),Rhône (6e),Assemblée nationale,13,,,,female
Q3367676,Pascale Got,"Got, Pascale",,,,SRC,src,area/gironde_(5e),Gironde (5e),Assemblée nationale,13,,,,female
patrice_calméjane,Patrice Calméjane,Patrice Calméjane,,,,UMP,ump,area/seine-saint-denis_(8e),Seine-Saint-Denis (8e),Assemblée nationale,13,,,,
Q3368994,Patrice Martin-Lalande,"Martin-Lalande, Patrice",,,,UMP,ump,area/loir-et-cher_(2e),Loir-et-Cher (2e),Assemblée nationale,13,,,https://upload.wikimedia.org/wikipedia/commons/e/e3/Patrice_Martin-Lalande.jpg,male
Q12930,Patrice Verchère,"Verchère, Patrice",,,patrice.verchere,UMP,ump,area/rhône_(8e),Rhône (8e),Assemblée nationale,13,,,,male
Q3369075,Patricia Adam,"Adam, Patricia",,,,SRC,src,area/finistère_(2e),Finistère (2e),Assemblée nationale,13,,,https://upload.wikimedia.org/wikipedia/commons/c/c7/Patricia_Adam.jpg,female
Q945181,Patrick Balkany,"Balkany, Patrick",,,,UMP,ump,area/hauts-de-seine_(5e),Hauts-de-Seine (5e),Assemblée nationale,13,,,https://upload.wikimedia.org/wikipedia/commons/f/fe/Balkany_Patrick_cropped.JPG,male
patrick_beaudouin,Patrick Beaudouin,Patrick Beaudouin,,,,UMP,ump,area/val-de-marne_(6e),Val-de-Marne (6e),Assemblée nationale,13,,,,
Q1887194,Patrick Bloche,"Bloche, Patrick",,,,SRC,src,area/paris_(7e),Paris (7e),Assemblée nationale,13,,,https://upload.wikimedia.org/wikipedia/commons/f/f9/Bloche2006.jpg,male
patrick_braouezec,Patrick Braouezec,Patrick Braouezec,,,,GDR,gdr,area/seine-saint-denis_(2e),Seine-Saint-Denis (2e),Assemblée nationale,13,,,,
Q1383590,Patrick Devedjian,"Devedjian, Patrick",,,,UMP,ump,area/hauts-de-seine_(13e),Hauts-de-Seine (13e),Assemblée nationale,13,,,https://upload.wikimedia.org/wikipedia/commons/9/9b/Patrick_Devedjian_2007_06_06_n1.jpg,male
Q2733287,Patrick Labaune,"Labaune, Patrick",,,,UMP,ump,area/drôme_(1re),Drôme (1re),Assemblée nationale,13,,,https://upload.wikimedia.org/wikipedia/commons/7/78/Patrick_Labaune.jpg,male
Q3369610,Patrick Lebreton,"Lebreton, Patrick",,,,SRC,src,area/la_réunion_(4e),La Réunion (4e),Assemblée nationale,13,,,https://upload.wikimedia.org/wikipedia/commons/b/bf/PatrickLebreton02.jpg,male
Q3369623,Patrick Lemasle,"Lemasle, Patrick",,,,SRC,src,area/haute-garonne_(7e),Haute-Garonne (7e),Assemblée nationale,13,,,https://upload.wikimedia.org/wikipedia/commons/2/28/2013-01-27_Patrick_Lemasle.jpg,male
paul_giacobbi,Paul Giacobbi,"Giacobbi, Paul",,,,SRC,src,area/haute-corse_(2e),Haute-Corse (2e),Assemblée nationale,13,,,,
Q3372149,Paul Salen,"Salen, Paul",,,,UMP,ump,area/loire_(7e),Loire (7e),Assemblée nationale,13,,,https://upload.wikimedia.org/wikipedia/commons/5/58/Paul_Salen_hémicycle-2.jpg,male
philippe_boënnec,Philippe Boënnec,Philippe Boënnec,,,,UMP,ump,area/loire-atlantique_(9e),Loire-Atlantique (9e),Assemblée nationale,13,,,,
Q3379439,Philippe Briand,"Briand, Philippe",,,,UMP,ump,area/indre-et-loire_(5e),Indre-et-Loire (5e),Assemblée nationale,13,,,https://upload.wikimedia.org/wikipedia/commons/5/5a/Philippe_Briand_-_Saint-Cyr-Loire_-_151014.jpg,male
Q12925,Philippe Cochet,"Cochet, Philippe",,PhilippeCochet,philippe.cochet.58,UMP,ump,area/rhône_(5e),Rhône (5e),Assemblée nationale,13,,,https://upload.wikimedia.org/wikipedia/commons/6/6e/Philippe_Cochet.JPG,male
Q743479,Philippe Duron,"Duron, Philippe",,,,SRC,src,area/calvados_(1re),Calvados (1re),Assemblée nationale,13,,,https://upload.wikimedia.org/wikipedia/commons/9/97/Élection_Philippe_Duron.JPG,male
Q3379838,Philippe Folliot,"Folliot, Philippe",,,,NC,nc,area/tarn_(3e),Tarn (3e),Assemblée nationale,13,,,,male
Q3379940,Philippe Gosselin,"Gosselin, Philippe",,phgosselin,phgosselin,UMP,ump,area/manche_(1re),Manche (1re),Assemblée nationale,13,,,https://upload.wikimedia.org/wikipedia/commons/1/16/Philippe_Gosselin_1.JPG,male
Q3379945,Philippe Goujon,"Goujon, Philippe",,,,UMP,ump,area/paris_(12e),Paris (12e),Assemblée nationale,13,,,https://upload.wikimedia.org/wikipedia/commons/d/d5/Philippegoujon.jpg,male
Q3380032,Philippe Houillon,"Houillon, Philippe",,,,UMP,ump,area/val-d'oise_(1re),Val-d'Oise (1re),Assemblée nationale,13,,,,male
philippe_martin,Philippe Martin,"Martin, Philippe",,,,SRC,src,area/gers_(1re),Gers (1re),Assemblée nationale,13,,,,
philippe_martin,Philippe Martin,"Martin, Philippe",,,,UMP,ump,area/marne_(6e),Marne (6e),Assemblée nationale,13,,,,
Q12941,Philippe Meunier,"Meunier, Philippe",,Meunier_Ph,,UMP,ump,area/rhône_(13e),Rhône (13e),Assemblée nationale,13,,,,male
Q781970,Philippe Nauche,"Nauche, Philippe",,,,SRC,src,area/corrèze_(2e),Corrèze (2e),Assemblée nationale,13,,,https://upload.wikimedia.org/wikipedia/commons/d/da/Philippe_Nauche.JPG,male
Q2913267,Philippe Plisson,"Plisson, Philippe",,,,SRC,src,area/gironde_(11e),Gironde (11e),Assemblée nationale,13,,,,male
philippe_tourtelier,Philippe Tourtelier,Philippe Tourtelier,,,,SRC,src,area/ille-et-vilaine_(2e),Ille-et-Vilaine (2e),Assemblée nationale,13,,,,
Q3380857,Philippe Vigier,"Vigier, Philippe",,VigierPhilippe,vigierphilippe,NC,nc,area/eure-et-loir_(4e),Eure-et-Loir (4e),Assemblée nationale,13,,,,male
Q3380870,Philippe Vitel,"Vitel, Philippe",,,,UMP,ump,area/var_(2e),Var (2e),Assemblée nationale,13,,,https://upload.wikimedia.org/wikipedia/commons/1/12/Philippe_Vitel.jpg,male
philippe_vuilque,Philippe Vuilque,Philippe Vuilque,,,,SRC,src,area/ardennes_(2e),Ardennes (2e),Assemblée nationale,13,,,,
pierre_bourguignon,Pierre Bourguignon,Pierre Bourguignon,,,,SRC,src,area/seine-maritime_(3e),Seine-Maritime (3e),Assemblée nationale,13,,,,
pierre_cohen,Pierre Cohen,Pierre Cohen,,,,SRC,src,area/haute-garonne_(3e),Haute-Garonne (3e),Assemblée nationale,13,,,,
pierre_forgues,Pierre Forgues,Pierre Forgues,,,,SRC,src,area/hautes-pyrénées_(1re),Hautes-Pyrénées (1re),Assemblée nationale,13,,,,
pierre_frogier,Pierre Frogier,Pierre Frogier,,,,UMP,ump,area/nouvelle-calédonie_(2e),Nouvelle-Calédonie (2e),Assemblée nationale,13,,,,
pierre_gosnat,Pierre Gosnat,Pierre Gosnat,,,,GDR,gdr,area/val-de-marne_(10e),Val-de-Marne (10e),Assemblée nationale,13,,,,
pierre_lang,Pierre Lang,Pierre Lang,,,,UMP,ump,area/moselle_(6e),Moselle (6e),Assemblée nationale,13,,,,
pierre_lasbordes,Pierre Lasbordes,Pierre Lasbordes,,,,UMP,ump,area/essonne_(5e),Essonne (5e),Assemblée nationale,13,,,,
Q784751,Pierre Lellouche,"Lellouche, Pierre",,,,UMP,ump,area/paris_(4e),Paris (4e),Assemblée nationale,13,,,https://upload.wikimedia.org/wikipedia/commons/4/44/Pierre_lellouche.jpg,male
Q3385940,Pierre Lequiller,"Lequiller, Pierre",,,,UMP,ump,area/yvelines_(4e),Yvelines (4e),Assemblée nationale,13,,,https://upload.wikimedia.org/wikipedia/commons/c/c5/Pierre_Lequiller_par_Claude_Truong-Ngoc_mai_2013.jpg,male
Q3386344,Pierre Morange,"Morange, Pierre",,,,UMP,ump,area/yvelines_(6e),Yvelines (6e),Assemblée nationale,13,,,,male
Q1192864,Pierre Morel-A-L'Huissier,"Morel-A-L'Huissier, Pierre",,morelpierre,pierremorelalhuissier,UMP,ump,area/lozère_(2e)|,Lozère (2e)|,Assemblée nationale,13,,,https://upload.wikimedia.org/wikipedia/commons/2/23/Pierre_morel_a_l'huissier.jpg,male
Q356919,Pierre Moscovici,Pierre Moscovici,,,,SRC,src,area/doubs_(4e),Doubs (4e),Assemblée nationale,13,,,https://upload.wikimedia.org/wikipedia/commons/c/c1/Pierre_Moscovici_en_mai_2010.png,male
pierre_méhaignerie,Pierre Méhaignerie,Pierre Méhaignerie,,,,UMP,ump,area/ille-et-vilaine_(5e),Ille-et-Vilaine (5e),Assemblée nationale,13,,,,
Q12922,Pierre-Alain Muet,"Muet, Pierre-Alain",,pierrealainmuet,muetpierrealain,SRC,src,area/rhône_(2e),Rhône (2e),Assemblée nationale,13,,,https://upload.wikimedia.org/wikipedia/commons/0/01/Pierre_alain_muet_1.jpg,male
pierre-christophe_baguet,Pierre-Christophe Baguet,Pierre-Christophe Baguet,,,,UMP,ump,area/hauts-de-seine_(9e),Hauts-de-Seine (9e),Assemblée nationale,13,,,,
raymond_durand,Raymond Durand,Raymond Durand,,,,NC,nc,area/rhône_(11e),Rhône (11e),Assemblée nationale,13,,,,
renaud_muselier,Renaud Muselier,Renaud Muselier,,,,UMP,ump,area/bouches-du-rhône_(5e),Bouches-du-Rhône (5e),Assemblée nationale,13,,,,
rené_couanau,René Couanau,René Couanau,,,,NI,ni,area/ille-et-vilaine_(7e),Ille-et-Vilaine (7e),Assemblée nationale,13,,,,
Q3426115,René Dosière,"Dosière, René",,,,SRC,src,area/aisne_(1re),Aisne (1re),Assemblée nationale,13,,,https://upload.wikimedia.org/wikipedia/commons/8/82/René_Dosière_par_Claude_Truong-Ngoc_juin_2013.jpg,male
Q3426851,René Rouquet,"Rouquet, René",,,,SRC,src,area/val-de-marne_(9e),Val-de-Marne (9e),Assemblée nationale,13,,,,male
rené-paul_victoria,René-Paul Victoria,René-Paul Victoria,,,,UMP,ump,area/réunion_(1re),Réunion (1re),Assemblée nationale,13,,,,
richard_dell'agnola,Richard Dell'Agnola,Richard Dell'Agnola,,,,UMP,ump,area/val-de-marne_(12e),Val-de-Marne (12e),Assemblée nationale,13,,,,
richard_mallié,Richard Mallié,Richard Mallié,,,,UMP,ump,area/bouches-du-rhône_(10e),Bouches-du-Rhône (10e),Assemblée nationale,13,,,,
robert_lecou,Robert Lecou,Robert Lecou,,,,UMP,ump,area/hérault_(4e),Hérault (4e),Assemblée nationale,13,,,,
roland_blum,Roland Blum,Roland Blum,,,,UMP,ump,area/bouches-du-rhône_(1re),Bouches-du-Rhône (1re),Assemblée nationale,13,,,,
roland_muzeau,Roland Muzeau,Roland Muzeau,,,,GDR,gdr,area/hauts-de-seine_(1re),Hauts-de-Seine (1re),Assemblée nationale,13,,,,
roselyne_bachelot-narquin,Roselyne Bachelot-Narquin,Roselyne Bachelot-Narquin,,,,UMP,ump,area/maine-et-loire_(1re),Maine-et-Loire (1re),Assemblée nationale,13,,,,
Q1862692,Rudy Salles,"Salles, Rudy",,,,NC,nc,area/alpes-maritimes_(3e),Alpes-Maritimes (3e),Assemblée nationale,13,,,https://upload.wikimedia.org/wikipedia/commons/a/a8/Photo_RS.JPG,male
Q3455745,Régis Juanico,"Juanico, Régis",,Juanico,regis.juanico,SRC,src,area/loire_(1re),Loire (1re),Assemblée nationale,13,,,https://upload.wikimedia.org/wikipedia/commons/a/a0/Régis_Juanico.jpg,male
Q2597745,Rémi Delatte,"Delatte, Rémi",,,,UMP,ump,area/côte-d'or_(2e),Côte-d'Or (2e),Assemblée nationale,13,,,,male
Q3472000,Sandrine Hurel,"Hurel, Sandrine",,sandrinehurel,,SRC,src,area/seine-maritime_(11e),Seine-Maritime (11e),Assemblée nationale,13,,,,female
Q3472011,Sandrine Mazetier,"Mazetier, Sandrine",,S_Mazetier,sandrine.mazetier,SRC,src,area/paris_(8e),Paris (8e),Assemblée nationale,13,,,https://upload.wikimedia.org/wikipedia/commons/f/ff/Sandrine_Mazetier.jpg,female
Q2571038,Sauveur Gandolfi-Scheit,"Gandolfi-Scheit, Sauveur",,,,UMP,ump,area/haute-corse_(1re),Haute-Corse (1re),Assemblée nationale,13,,,,male
serge_blisko,Serge Blisko,Serge Blisko,,,,SRC,src,area/paris_(10e),Paris (10e),Assemblée nationale,13,,,,
Q3479338,Serge Grouard,"Grouard, Serge",,,,UMP,ump,area/loiret_(2e),Loiret (2e),Assemblée nationale,13,,,,male
Q3479364,Serge Janquin,"Janquin, Serge",,,,SRC,src,area/pas-de-calais_(10e),Pas-de-Calais (10e),Assemblée nationale,13,,,,male
Q608242,Serge Letchimy,"Letchimy, Serge",,,,SRC,src,area/martinique_(3e),Martinique (3e),Assemblée nationale,13,,,,male
serge_poignant,Serge Poignant,Serge Poignant,,,,UMP,ump,area/loire-atlantique_(10e),Loire-Atlantique (10e),Assemblée nationale,13,,,,
simon_renucci,Simon Renucci,Simon Renucci,,,,SRC,src,area/corse-du-sud_(1re),Corse-du-Sud (1re),Assemblée nationale,13,,,,
sophie_primas,Sophie Primas,Sophie Primas,,,,UMP,ump,area/yvelines_(9e),Yvelines (9e),Assemblée nationale,13,,,,
Q3501722,Stéphane Demilly,"Demilly, Stéphane",,,,NC,nc,area/somme_(5e),Somme (5e),Assemblée nationale,13,,,https://upload.wikimedia.org/wikipedia/commons/9/9c/FIERS_ALBERTINS(15).JPG,male
sylvia_bassot,Sylvia Bassot,Sylvia Bassot,,,,UMP,ump,area/orne_(3e),Orne (3e),Assemblée nationale,13,,,,
Q467943,Sylvia Pinel,Sylvia Pinel,,SylviaPinel,sylvia.pinel,SRC,src,area/tarn-et-garonne_(2e),Tarn-et-Garonne (2e),Assemblée nationale,13,,,https://upload.wikimedia.org/wikipedia/commons/5/59/Sylvia_Pinel_par_Claude_Truong-Ngoc_avril_2015.jpg,female
sylvie_andrieux-bacquet,Sylvie Andrieux-Bacquet,Sylvie Andrieux-Bacquet,,,,SRC,src,area/bouches-du-rhône_(7e),Bouches-du-Rhône (7e),Assemblée nationale,13,,,,
Q3510140,Sébastien Huyghe,"Huyghe, Sébastien",,SebastienHuyghe,shuyghe.depute,UMP,ump,area/nord_(5e),Nord (5e),Assemblée nationale,13,,,https://upload.wikimedia.org/wikipedia/commons/1/11/Sébastien_Huyghe_(photo_version_2).jpg,male
Q3182341,Thierry Benoit,"Benoit, Thierry",,Th_Benoit35,thierry.benoit.148,NI,ni,area/ille-et-vilaine_(6e),Ille-et-Vilaine (6e),Assemblée nationale,13,,,https://upload.wikimedia.org/wikipedia/commons/4/4b/Thierry_Benoït.jpg,male
thierry_carcenac,Thierry Carcenac,Thierry Carcenac,,,,SRC,src,area/tarn_(2e),Tarn (2e),Assemblée nationale,13,,,,
Q3524375,Thierry Lazaro,"Lazaro, Thierry",,,,UMP,ump,area/nord_(6e),Nord (6e),Assemblée nationale,13,,,https://upload.wikimedia.org/wikipedia/commons/d/d5/Thierry_Lazaro_&_Louis_de_Bourbon.jpg,male
Q63655,Thierry Mariani,"Mariani, Thierry",,ThierryMARIANI,,UMP,ump,area/vaucluse_(4e),Vaucluse (4e),Assemblée nationale,13,,,https://upload.wikimedia.org/wikipedia/commons/5/57/Thierry_Mariani.png,male
tony_dreyfus,Tony Dreyfus,Tony Dreyfus,,,,SRC,src,area/paris_(5e),Paris (5e),Assemblée nationale,13,,,,
Q465989,Valérie Boyer,"Boyer, Valérie",,,,UMP,ump,area/bouches-du-rhône_(8e),Bouches-du-Rhône (8e),Assemblée nationale,13,,,https://upload.wikimedia.org/wikipedia/commons/4/43/Valerie_boyer.jpg,female
Q291356,Valérie Fourneyron,"Fourneyron, Valérie",,,,SRC,src,area/seine-maritime_(1re),Seine-Maritime (1re),Assemblée nationale,13,,,https://upload.wikimedia.org/wikipedia/commons/9/98/Valérie_Fourneyron.jpg,female
Q455023,Valérie Pécresse,"Pécresse, Valérie",,vpecresse,vpecresse,UMP,ump,area/yvelines_(2e),Yvelines (2e),Assemblée nationale,13,,,https://upload.wikimedia.org/wikipedia/commons/a/a9/UMP_regional_elections_Paris_2010-01-21_n11.jpg,female
valérie_rosso-debord,Valérie Rosso-Debord,Valérie Rosso-Debord,,,,UMP,ump,area/meurthe-et-moselle_(3e),Meurthe-et-Moselle (3e),Assemblée nationale,13,,,,
Q983563,Victorin Lurel,"Lurel, Victorin",,,,SRC,src,area/guadeloupe_(4e),Guadeloupe (4e),Assemblée nationale,13,,,https://upload.wikimedia.org/wikipedia/commons/2/20/Victorin_Lurel_2.jpg,male
vincent_descoeur,Vincent Descoeur,Vincent Descoeur,,,,UMP,ump,area/cantal_(1re),Cantal (1re),Assemblée nationale,13,,,,
Q3564277,Véronique Besse,"Besse, Véronique",,veroniquebesse,veronique.besse.85,NI,ni,area/vendée_(4e),Vendée (4e),Assemblée nationale,13,,,https://upload.wikimedia.org/wikipedia/commons/5/54/Véronique_Besse_Vendée_wikipedia.jpg,female
Q1324990,William Dumas,"Dumas, William",,,,SRC,src,area/gard_(5e),Gard (5e),Assemblée nationale,13,,,,male
Q203793,Xavier Bertrand,"Bertrand, Xavier",,,,UMP,ump,area/aisne_(2e),Aisne (2e),Assemblée nationale,13,,,https://upload.wikimedia.org/wikipedia/commons/2/20/Xavier.Bertrand.jpg,male
Q427080,Xavier Breton,"Breton, Xavier",,,,UMP,ump,area/ain_(1re),Ain (1re),Assemblée nationale,13,,,https://upload.wikimedia.org/wikipedia/commons/1/10/Xavier-Breton.jpg,male
yanick_paternotte,Yanick Paternotte,Yanick Paternotte,,,,UMP,ump,area/val-d'oise_(9e),Val-d'Oise (9e),Assemblée nationale,13,,,,
Q3571749,Yannick Favennec,"Favennec, Yannick",,,,UMP,ump,area/mayenne_(3e),Mayenne (3e),Assemblée nationale,13,,,https://upload.wikimedia.org/wikipedia/commons/d/d7/Yannick_FAVENNEC_député_de_la_Mayenne.jpg,male
yvan_lachaud,Yvan Lachaud,Yvan Lachaud,,,,NC,nc,area/gard_(1re),Gard (1re),Assemblée nationale,13,,,,
Q3573443,Yves Albarello,"Albarello, Yves",,,,UMP,ump,area/seine-et-marne_(7e),Seine-et-Marne (7e),Assemblée nationale,13,,,,male
yves_bur,Yves Bur,Yves Bur,,,,UMP,ump,area/bas-rhin_(4e),Bas-Rhin (4e),Assemblée nationale,13,,,,
Q2271848,Yves Censi,"Censi, Yves",,,,UMP,ump,area/aveyron_(1re),Aveyron (1re),Assemblée nationale,13,,,https://upload.wikimedia.org/wikipedia/commons/f/f6/Yves_Censi_-_Sarkozy's_meeting_in_Toulouse_for_the_2007_French_presidential_election_0082_2007-04-12.jpg,male
yves_deniaud,Yves Deniaud,Yves Deniaud,,,,UMP,ump,area/orne_(1re),Orne (1re),Assemblée nationale,13,,,,
yves_durand,Yves Durand,"Durand, Yves",,,,SRC,src,area/nord_(11e),Nord (11e),Assemblée nationale,13,,,,
Q2482462,Yves Fromion,"Fromion, Yves",,,,UMP,ump,area/cher_(1re),Cher (1re),Assemblée nationale,13,,,,male
Q636424,Yves Jégo,"Jégo, Yves",,,,UMP,ump,area/seine-et-marne_(3re),Seine-et-Marne (3re),Assemblée nationale,13,,,https://upload.wikimedia.org/wikipedia/commons/0/0c/UMP_meeting_Paris_regional_elections_2010-03-17_n13.jpg,male
Q3573878,Yves Nicolin,"Nicolin, Yves",,,,UMP,ump,area/loire_(5e),Loire (5e),Assemblée nationale,13,,,https://upload.wikimedia.org/wikipedia/commons/4/40/Yves_Nicolin.JPG,male
Q274276,Édouard Courtial,"Courtial, Édouard",,EdouardCourtial,EdouardCourtialDepute,UMP,ump,area/oise_(7e),Oise (7e),Assemblée nationale,13,,,https://upload.wikimedia.org/wikipedia/commons/4/4a/Edouard_Courtial.jpg,male
Q3579995,Édouard Philippe,"Philippe, Édouard",,EPhilippe_LH,edouard.philippe.77,UMP,ump,area/seine-maritime_(7e),Seine-Maritime (7e),Assemblée nationale,13,,,https://upload.wikimedia.org/wikipedia/commons/9/9b/Edouard_Philippe.jpg,male
Q3587715,Élie Aboud,"Aboud, Élie",,,,UMP,ump,area/hérault_(6e),Hérault (6e),Assemblée nationale,13,,,https://upload.wikimedia.org/wikipedia/commons/3/37/ElieAboud.jpg,male
Q274689,Élisabeth Guigou,"Guigou, Élisabeth",,,,SRC,src,area/seine-saint-denis_(9e),Seine-Saint-Denis (9e),Assemblée nationale,13,,,https://upload.wikimedia.org/wikipedia/commons/1/15/Socialist_rally_Zenith_2007_05_29_n11.jpg,female
Émile_blessig,Émile Blessig,Émile Blessig,,,,UMP,ump,area/bas-rhin_(7e),Bas-Rhin (7e),Assemblée nationale,13,,,,
Éric_berdoati,Éric Berdoati,Éric Berdoati,,,,UMP,ump,area/hauts-de-seine_(7e),Hauts-de-Seine (7e),Assemblée nationale,13,,,,
Q1844180,Éric Ciotti,"Ciotti, Éric",,ECiotti,ECIOTTI,UMP,ump,area/alpes-maritimes_(1re),Alpes-Maritimes (1re),Assemblée nationale,13,,,https://upload.wikimedia.org/wikipedia/commons/c/c7/Éric_Ciotti_(2).jpg,male
Éric_diard,Éric Diard,Éric Diard,,,,UMP,ump,area/bouches-du-rhône_(12e),Bouches-du-Rhône (12e),Assemblée nationale,13,,,,
Q3591191,Éric Jalton,"Jalton, Éric",,,,SRC,src,area/guadeloupe_(1re),Guadeloupe (1re),Assemblée nationale,13,,,https://upload.wikimedia.org/wikipedia/commons/8/82/Ericjalton.jpg,male
Éric_raoult,Éric Raoult,Éric Raoult,,,,UMP,ump,area/seine-saint-denis_(12e),Seine-Saint-Denis (12e),Assemblée nationale,13,,,,
Q3591368,Éric Straumann,"Straumann, Éric",,,,UMP,ump,area/haut-rhin_(1re),Haut-Rhin (1re),Assemblée nationale,13,,,https://upload.wikimedia.org/wikipedia/commons/f/f9/Ericstraumann.jpg,male
Q288486,Éric Woerth,"Woerth, Éric",,,,UMP,ump,area/oise_(4e),Oise (4e),Assemblée nationale,13,,,https://upload.wikimedia.org/wikipedia/commons/b/b5/Éric_Woerth_2.jpg,male
Q1590383,Étienne Blanc,"Blanc, Étienne",,,,UMP,ump,area/ain_(3e),Ain (3e),Assemblée nationale,13,,,https://upload.wikimedia.org/wikipedia/commons/d/da/Blanc_Etienne-001.jpg,male
Étienne_mourrut,Étienne Mourrut,Étienne Mourrut,,,,UMP,ump,area/gard_(2e),Gard (2e),Assemblée nationale,13,,,,
Étienne_pinte,Étienne Pinte,Étienne Pinte,,,,UMP,ump,area/yvelines_(1re),Yvelines (1re),Assemblée nationale,13,,,,
