id,name,sort_name,email,twitter,facebook,group,group_id,area_id,area,chamber,term,start_date,end_date,image,gender
aimé_kergueris,Aimé Kergueris,Aimé Kergueris,,,,UMP,ump,area/morbihan_(2e),Morbihan (2e),Assemblée nationale,12,,,,
Q2829584,Alain Bocquet,"Bocquet, Alain",,,,Communiste,communiste,area/nord_(20e),Nord (20e),Assemblée nationale,12,,,https://upload.wikimedia.org/wikipedia/commons/b/b7/Wallers_-_Reconnaissance_du_parcours_du_Paris-Roubaix_le_7_avril_2014_(019).JPG,male
Q2829673,Alain Claeys,"Claeys, Alain",,,,Socialiste,socialiste,area/vienne_(1re),Vienne (1re),Assemblée nationale,12,,,https://upload.wikimedia.org/wikipedia/commons/b/b0/Alain_Claeys.jpg,male
alain_cortade,Alain Cortade,Alain Cortade,,,,UMP,ump,area/vaucluse_(1re),Vaucluse (1re),Assemblée nationale,12,,,,
alain_cousin,Alain Cousin,Alain Cousin,,,,UMP,ump,area/manche_(3e),Manche (3e),Assemblée nationale,12,,,,
alain_ferry,Alain Ferry,Alain Ferry,,,,UMP,ump,area/bas-rhin_(6e),Bas-Rhin (6e),Assemblée nationale,12,,,,
Q2829853,Alain Gest,"Gest, Alain",,,,UMP,ump,area/somme_(6e),Somme (6e),Assemblée nationale,12,,,,male
alain_gouriou,Alain Gouriou,Alain Gouriou,,,,Socialiste,socialiste,area/côtes-d'armor_(5e),Côtes-d'Armor (5e),Assemblée nationale,12,,,,
alain_joyandet,Alain Joyandet,Alain Joyandet,,,,UMP,ump,area/haute-saône_(1re),Haute-Saône (1re),Assemblée nationale,12,,,,
alain_madelin,Alain Madelin,Alain Madelin,,,,UMP,ump,area/ille-et-vilaine_(4e),Ille-et-Vilaine (4e),Assemblée nationale,12,,,,
Q2830085,Alain Marleix,"Marleix, Alain",,,,UMP,ump,area/cantal_(2e),Cantal (2e),Assemblée nationale,12,,,https://upload.wikimedia.org/wikipedia/commons/0/0e/Alain_MARLEIX_lors_de_la_fête_du_casse-croute_à_Salers_cropped.jpg,male
Q2830086,Alain Marsaud,"Marsaud, Alain",,,,UMP,ump,area/haute-vienne_(1re),Haute-Vienne (1re),Assemblée nationale,12,,,https://upload.wikimedia.org/wikipedia/commons/a/ad/Alain_Marsaud.jpg,male
Q2830088,Alain Marty,"Marty, Alain",,,,UMP,ump,area/moselle_(4e),Moselle (4e),Assemblée nationale,12,,,,male
alain_merly,Alain Merly,Alain Merly,,,,UMP,ump,area/lot-et-garonne_(3e),Lot-et-Garonne (3e),Assemblée nationale,12,,,,
Q2830127,Alain Moyne-Bressand,"Moyne-Bressand, Alain",,,,UMP,ump,area/isère_(6e),Isère (6e),Assemblée nationale,12,,,,male
alain_néri,Alain Néri,Alain Néri,,,,Socialiste,socialiste,area/puy-de-dôme_(2e),Puy-de-Dôme (2e),Assemblée nationale,12,,,,
Q2830248,Alain Rodet,"Rodet, Alain",,,,Socialiste,socialiste,area/haute-vienne_(4e),Haute-Vienne (4e),Assemblée nationale,12,,,https://upload.wikimedia.org/wikipedia/commons/b/b6/Alain_Rodet_2012.JPG,male
Q2830299,Alain Suguenot,"Suguenot, Alain",,,,UMP,ump,area/côte-d'or_(5e),Côte-d'Or (5e),Assemblée nationale,12,,,https://upload.wikimedia.org/wikipedia/commons/f/f7/Alain_Suguenot.jpg,male
alain_venot,Alain Venot,Alain Venot,,,,UMP,ump,area/eure-et-loir_(4e),Eure-et-Loir (4e),Assemblée nationale,12,,,,
Q1393874,Alain Vidalies,Alain Vidalies,,,,Socialiste,socialiste,area/landes_(1re),Landes (1re),Assemblée nationale,12,,,https://upload.wikimedia.org/wikipedia/commons/4/44/Vidalies-cropped.jpg,male
albert_facon,Albert Facon,Albert Facon,,,,Socialiste,socialiste,area/pas-de-calais_(14e),Pas-de-Calais (14e),Assemblée nationale,12,,,,
alfred_almont,Alfred Almont,Alfred Almont,,,,UMP,ump,area/martinique_(2e),Martinique (2e),Assemblée nationale,12,,,,
Q2250266,Alfred Marie-Jeanne,"Marie-Jeanne, Alfred",,,,Non Inscrit,non_inscrit,area/martinique_(4e),Martinique (4e),Assemblée nationale,12,,,,male
alfred_trassy-paillogues,Alfred Trassy-Paillogues,Alfred Trassy-Paillogues,,,,UMP,ump,area/seine-maritime_(10e),Seine-Maritime (10e),Assemblée nationale,12,,,,
andré_berthol,André Berthol,André Berthol,,,,UMP,ump,area/moselle_(7e),Moselle (7e),Assemblée nationale,12,,,,
Q517765,André Chassaigne,"Chassaigne, André",,,,Communiste,communiste,area/puy-de-dôme_(5e),Puy-de-Dôme (5e),Assemblée nationale,12,,,https://upload.wikimedia.org/wikipedia/commons/c/cf/André_Chassaigne_à_la_foire_du_livre_2010_de_Brive_la_Gaillarde.JPG,male
andré_flajolet,André Flajolet,André Flajolet,,,,UMP,ump,area/pas-de-calais_(9e),Pas-de-Calais (9e),Assemblée nationale,12,,,,
andré_gerin,André Gerin,André Gerin,,,,Communiste,communiste,area/rhône_(14e),Rhône (14e),Assemblée nationale,12,,,,
Q2848614,André Santini,"Santini, André",,,,UDF,udf,area/hauts-de-seine_(10e),Hauts-de-Seine (10e),Assemblée nationale,12,,,https://upload.wikimedia.org/wikipedia/commons/b/ba/A._Santini.jpg,male
Q2848624,André Schneider,"Schneider, André",,,,UMP,ump,area/bas-rhin_(3e),Bas-Rhin (3e),Assemblée nationale,12,,,https://upload.wikimedia.org/wikipedia/commons/c/c4/André_Schneider_par_Claude_Truong-Ngoc_avril_2013.jpg,male
andré_thien_ah_koon,André Thien Ah Koon,André Thien Ah Koon,,,,UMP,ump,area/la_réunion_(3e),La Réunion (3e),Assemblée nationale,12,,,,
andré_vallini,André Vallini,André Vallini,,,,Socialiste,socialiste,area/isère_(9e),Isère (9e),Assemblée nationale,12,,,,
anne-marie_comparini,Anne-Marie Comparini,Anne-Marie Comparini,,,,UDF,udf,area/rhône_(1re),Rhône (1re),Assemblée nationale,12,,,,
Q2851591,Annick Lepetit,"Lepetit, Annick",,,,Socialiste,socialiste,area/paris_(17e),Paris (17e),Assemblée nationale,12,,,https://upload.wikimedia.org/wikipedia/commons/7/7a/Annick_Lepetit_Gay_Pride_Paris_2008.jpg,female
antoine_carré,Antoine Carré,Antoine Carré,,,,UMP,ump,area/loiret_(1re),Loiret (1re),Assemblée nationale,12,,,,
Q2854054,Antoine Herth,"Herth, Antoine",,,,UMP,ump,area/bas-rhin_(5e),Bas-Rhin (5e),Assemblée nationale,12,,,,male
arlette_franco,Arlette Franco,Arlette Franco,,,,UMP,ump,area/pyrénées-orientales_(2e),Pyrénées-Orientales (2e),Assemblée nationale,12,,,,
Q2861631,Arlette Grosskost,"Grosskost, Arlette",,,,UMP,ump,area/haut-rhin_(5e),Haut-Rhin (5e),Assemblée nationale,12,,,,female
Q2861893,Armand Jung,"Jung, Armand",,,,Socialiste,socialiste,area/bas-rhin_(1re),Bas-Rhin (1re),Assemblée nationale,12,,,https://upload.wikimedia.org/wikipedia/commons/f/f1/Armand_Jung_par_Claude_Truong-Ngoc_septembre_2013.jpg,male
arnaud_lepercq,Arnaud Lepercq,Arnaud Lepercq,,,,UMP,ump,area/vienne_(3e),Vienne (3e),Assemblée nationale,12,,,,
arnaud_montebourg,Arnaud Montebourg,Arnaud Montebourg,,,,Socialiste,socialiste,area/saône-et-loire_(6e),Saône-et-Loire (6e),Assemblée nationale,12,,,,
augustin_bonrepaux,Augustin Bonrepaux,Augustin Bonrepaux,,,,Socialiste,socialiste,area/ariège_(1re),Ariège (1re),Assemblée nationale,12,,,,
Q938263,Axel Poniatowski,"Poniatowski, Axel",,,,UMP,ump,area/val-d'oise_(2e),Val-d'Oise (2e),Assemblée nationale,12,,,https://upload.wikimedia.org/wikipedia/commons/3/35/UMP_rally_Paris_regional_elections_2010-03-17_n01.jpg,male
bernadette_païx,Bernadette Païx,Bernadette Païx,,,,UMP,ump,area/haute-garonne_(1re),Haute-Garonne (1re),Assemblée nationale,12,,,,
Q822237,Bernard Accoyer,"Accoyer, Bernard",,,,UMP,ump,area/haute-savoie_(1re),Haute-Savoie (1re),Assemblée nationale,12,,,https://upload.wikimedia.org/wikipedia/commons/4/44/Accoyer.jpg,male
bernard_bosson,Bernard Bosson,Bernard Bosson,,,,UDF,udf,area/haute-savoie_(2e),Haute-Savoie (2e),Assemblée nationale,12,,,,
Q2897604,Bernard Brochand,"Brochand, Bernard",,,,UMP,ump,area/alpes-maritimes_(8e),Alpes-Maritimes (8e),Assemblée nationale,12,,,https://upload.wikimedia.org/wikipedia/commons/c/cf/Photo-bio-bernarbrochand.jpg,male
bernard_carayon,Bernard Carayon,Bernard Carayon,,,,UMP,ump,area/tarn_(4e),Tarn (4e),Assemblée nationale,12,,,,
Q2897761,Bernard Debré,"Debré, Bernard",,,,UMP,ump,area/paris_(15e),Paris (15e),Assemblée nationale,12,,,https://upload.wikimedia.org/wikipedia/commons/1/15/Bernard_Debré_cropped.jpg,male
Q892174,Bernard Deflesselles,"Deflesselles, Bernard",,,,UMP,ump,area/bouches-du-rhône_(9e),Bouches-du-Rhône (9e),Assemblée nationale,12,,,,male
bernard_depierre,Bernard Depierre,Bernard Depierre,,,,UMP,ump,area/côte-d'or_(1re),Côte-d'Or (1re),Assemblée nationale,12,,,,
bernard_derosier,Bernard Derosier,Bernard Derosier,,,,Socialiste,socialiste,area/nord_(2e),Nord (2e),Assemblée nationale,12,,,,
bernard_madrelle,Bernard Madrelle,Bernard Madrelle,,,,Socialiste,socialiste,area/gironde_(11re),Gironde (11re),Assemblée nationale,12,,,,
bernard_mazouaud,Bernard Mazouaud,Bernard Mazouaud,,,,UMP,ump,area/dordogne_(3e),Dordogne (3e),Assemblée nationale,12,,,,
Q12931,Bernard Perrut,"Perrut, Bernard",,B_Perrut,bernardperrut1,UMP,ump,area/rhône_(9e),Rhône (9e),Assemblée nationale,12,,,,male
bernard_pousset,Bernard Pousset,Bernard Pousset,,,,UMP,ump,area/indre_(2e),Indre (2e),Assemblée nationale,12,,,,
Q2898547,Bernard Roman,"Roman, Bernard",,,,Socialiste,socialiste,area/nord_(1re),Nord (1re),Assemblée nationale,12,,,https://upload.wikimedia.org/wikipedia/commons/c/c6/Vote_solennel_loi_mariage_23042013_06.jpg,male
bernard_schreiner,Bernard Schreiner,Bernard Schreiner,,,,UMP,ump,area/bas-rhin_(9e),Bas-Rhin (9e),Assemblée nationale,12,,,,
bertho_audifax,Bertho Audifax,Bertho Audifax,,,,UMP,ump,area/la_réunion_(5e),La Réunion (5e),Assemblée nationale,12,,,,
brigitte_barèges,Brigitte Barèges,Brigitte Barèges,,,,UMP,ump,area/tarn-et-garonne_(1re),Tarn-et-Garonne (1re),Assemblée nationale,12,,,,
brigitte_le_brethon,Brigitte Le Brethon,Brigitte Le Brethon,,,,UMP,ump,area/calvados_(1re),Calvados (1re),Assemblée nationale,12,,,,
bruno_bourg-broc,Bruno Bourg-Broc,Bruno Bourg-Broc,,,,UMP,ump,area/marne_(4e),Marne (4e),Assemblée nationale,12,,,,
bruno_gilles,Bruno Gilles,Bruno Gilles,,,,UMP,ump,area/bouches-du-rhône_(5e),Bouches-du-Rhône (5e),Assemblée nationale,12,,,,
Q2926861,Bruno Le Roux,"Le Roux, Bruno",,,,Socialiste,socialiste,area/seine-saint-denis_(1re),Seine-Saint-Denis (1re),Assemblée nationale,12,,,,male
béatrice_pavy,Béatrice Pavy,Béatrice Pavy,,,,UMP,ump,area/sarthe_(3e),Sarthe (3e),Assemblée nationale,12,,,,
béatrice_vernaudon,Béatrice Vernaudon,Béatrice Vernaudon,,,,UMP,ump,area/polynésie_française_(2e),Polynésie française (2e),Assemblée nationale,12,,,,
Q2114685,Bérengère Poletti,"Poletti, Bérengère",,,,UMP,ump,area/ardennes_(1re),Ardennes (1re),Assemblée nationale,12,,,https://upload.wikimedia.org/wikipedia/commons/f/f7/Poletti_Bérengère.JPG,female
camille_de_rocca_serra,Camille de Rocca Serra,Rocca Serra Camille,,,,UMP,ump,area/corse-du-sud_(2e),Corse-du-Sud (2e),Assemblée nationale,12,,,,
catherine_génisson,Catherine Génisson,Catherine Génisson,,,,Socialiste,socialiste,area/pas-de-calais_(2e),Pas-de-Calais (2e),Assemblée nationale,12,,,,
chantal_bourragué,Chantal Bourragué,Chantal Bourragué,,,,UMP,ump,area/gironde_(1re),Gironde (1re),Assemblée nationale,12,,,,
chantal_brunel,Chantal Brunel,Chantal Brunel,,,,UMP,ump,area/seine-et-marne_(8e),Seine-et-Marne (8e),Assemblée nationale,12,,,,
chantal_robin-rodrigo,Chantal Robin-Rodrigo,Chantal Robin-Rodrigo,,,,Socialiste,socialiste,area/hautes-pyrénées_(2e),Hautes-Pyrénées (2e),Assemblée nationale,12,,,,
charles_cova,Charles Cova,Charles Cova,,,,UMP,ump,area/seine-et-marne_(7e),Seine-et-Marne (7e),Assemblée nationale,12,,,,
Q2960570,Charles de Courson,Courson Charles,,,,UDF,udf,area/marne_(5e),Marne (5e),Assemblée nationale,12,,,https://upload.wikimedia.org/wikipedia/commons/9/9f/Charles_De_Courson.JPG,male
Q1967563,Charles-Ange Ginésy,"Ginésy, Charles-Ange",,,,UMP,ump,area/alpes-maritimes_(5e),Alpes-Maritimes (5e),Assemblée nationale,12,,,https://upload.wikimedia.org/wikipedia/commons/4/40/Charles_Ange_Ginesy.jpg,male
Q428214,Christian Bataille,"Bataille, Christian",,,,Socialiste,socialiste,area/nord_(22e),Nord (22e),Assemblée nationale,12,,,https://upload.wikimedia.org/wikipedia/commons/9/93/CBbureau2014.jpg,male
christian_blanc,Christian Blanc,Christian Blanc,,,,UDF,udf,area/yvelines_(3e),Yvelines (3e),Assemblée nationale,12,,,,
christian_cabal,Christian Cabal,Christian Cabal,,,,UMP,ump,area/loire_(2e),Loire (2e),Assemblée nationale,12,,,,
christian_decocq,Christian Decocq,Christian Decocq,,,,UMP,ump,area/nord_(3e),Nord (3e),Assemblée nationale,12,,,,
christian_jeanjean,Christian Jeanjean,Christian Jeanjean,,,,UMP,ump,area/hérault_(1re),Hérault (1re),Assemblée nationale,12,,,,
Q1383068,Christian Kert,"Kert, Christian",,,,UMP,ump,area/bouches-du-rhône_(11re),Bouches-du-Rhône (11re),Assemblée nationale,12,,,https://upload.wikimedia.org/wikipedia/commons/4/4a/Christian_kert.jpg,male
christian_ménard,Christian Ménard,Christian Ménard,,,,UMP,ump,area/finistère_(6e),Finistère (6e),Assemblée nationale,12,,,,
christian_paul,Christian Paul,"Paul, Christian",,,,Socialiste,socialiste,area/nièvre_(3e),Nièvre (3e),Assemblée nationale,12,,,,
christian_philip,Christian Philip,Christian Philip,,,,UMP,ump,area/rhône_(4e),Rhône (4e),Assemblée nationale,12,,,,
christian_vanneste,Christian Vanneste,Christian Vanneste,,,,UMP,ump,area/nord_(10e),Nord (10e),Assemblée nationale,12,,,,
christiane_taubira,Christiane Taubira,Christiane Taubira,,,,Socialiste,socialiste,area/guyane_(1re),Guyane (1re),Assemblée nationale,12,,,,
christine_boutin,Christine Boutin,Christine Boutin,,,,UMP,ump,area/yvelines_(10e),Yvelines (10e),Assemblée nationale,12,,,,
Q2966137,Christophe Caresche,"Caresche, Christophe",,,,Socialiste,socialiste,area/paris_(18e),Paris (18e),Assemblée nationale,12,,,,male
Q12934,Christophe Guilloteau,"Guilloteau, Christophe",,,christophe.guilloteau.1,UMP,ump,area/meurthe-et-moselle_(4e),Meurthe-et-Moselle (4e),Assemblée nationale,12,,,,male
christophe_masse,Christophe Masse,Christophe Masse,,,,Socialiste,socialiste,area/bouches-du-rhône_(8e),Bouches-du-Rhône (8e),Assemblée nationale,12,,,,
christophe_payet,Christophe Payet,Christophe Payet,,,,Socialiste,socialiste,area/la_réunion_(4e),La Réunion (4e),Assemblée nationale,12,,,,
Q2966462,Christophe Priou,"Priou, Christophe",,,,UMP,ump,area/loire-atlantique_(7e),Loire-Atlantique (7e),Assemblée nationale,12,,,,male
Q1096496,Claude Bartolone,"Bartolone, Claude",,claudebartolone,cbartolone,Socialiste,socialiste,area/seine-saint-denis_(6e),Seine-Saint-Denis (6e),Assemblée nationale,12,,,https://upload.wikimedia.org/wikipedia/commons/5/58/Claude_Bartolone.jpg,male
claude_birraux,Claude Birraux,Claude Birraux,,,,UMP,ump,area/haute-savoie_(4e),Haute-Savoie (4e),Assemblée nationale,12,,,,
claude_darciaux,Claude Darciaux,Claude Darciaux,,,,Socialiste,socialiste,area/côte-d'or_(3e),Côte-d'Or (3e),Assemblée nationale,12,,,,
claude_gaillard,Claude Gaillard,Claude Gaillard,,,,UMP,ump,area/meurthe-et-moselle_(3e),Meurthe-et-Moselle (3e),Assemblée nationale,12,,,,
claude_gatignol,Claude Gatignol,Claude Gatignol,,,,UMP,ump,area/manche_(4e),Manche (4e),Assemblée nationale,12,,,,
Q2746785,Claude Goasguen,"Goasguen, Claude",,,,UMP,ump,area/paris_(14e),Paris (14e),Assemblée nationale,12,,,https://upload.wikimedia.org/wikipedia/commons/f/fd/Tissot-Panafieu_gymnase_Japy_2008_02_27_n7.jpg,male
Q2977503,Claude Greff,"Greff, Claude",,,,UMP,ump,area/indre-et-loire_(2e),Indre-et-Loire (2e),Assemblée nationale,12,,,,female
claude_leteurtre,Claude Leteurtre,Claude Leteurtre,,,,UDF,udf,area/calvados_(3e),Calvados (3e),Assemblée nationale,12,,,,
claude_Évin,Claude Évin,Claude Évin,,,,Socialiste,socialiste,area/loire-atlantique_(8e),Loire-Atlantique (8e),Assemblée nationale,12,,,,
Q2991951,Conchita Lacuey,"Lacuey, Conchita",,,,Socialiste,socialiste,area/gironde_(4e),Gironde (4e),Assemblée nationale,12,,,,female
cécile_gallez,Cécile Gallez,Cécile Gallez,,,,UMP,ump,area/nord_(21e),Nord (21e),Assemblée nationale,12,,,,
Q3010054,Céleste Lett,"Lett, Céleste",,,,UMP,ump,area/moselle_(5e),Moselle (5e),Assemblée nationale,12,,,https://upload.wikimedia.org/wikipedia/commons/8/8c/Céleste_Lett.jpg,male
Q3012817,Damien Meslot,"Meslot, Damien",,,,UMP,ump,area/territoire_de_belfort_(1re),Territoire de Belfort (1re),Assemblée nationale,12,,,https://upload.wikimedia.org/wikipedia/commons/1/13/2013-07-14_11-57-01-defile-mil-belfort.jpg,male
Q3013769,Daniel Boisserie,"Boisserie, Daniel",,,,Socialiste,socialiste,area/haute-vienne_(2e),Haute-Vienne (2e),Assemblée nationale,12,,,,male
daniel_fidelin,Daniel Fidelin,Daniel Fidelin,,,,UMP,ump,area/seine-maritime_(9e),Seine-Maritime (9e),Assemblée nationale,12,,,,
daniel_gard,Daniel Gard,Daniel Gard,,,,UMP,ump,area/aisne_(5e),Aisne (5e),Assemblée nationale,12,,,,
daniel_garrigue,Daniel Garrigue,Daniel Garrigue,,,,UMP,ump,area/dordogne_(2e),Dordogne (2e),Assemblée nationale,12,,,,
daniel_mach,Daniel Mach,Daniel Mach,,,,UMP,ump,area/pyrénées-orientales_(1re),Pyrénées-Orientales (1re),Assemblée nationale,12,,,,
daniel_paul,Daniel Paul,Daniel Paul,,,,Communiste,communiste,area/seine-maritime_(8e),Seine-Maritime (8e),Assemblée nationale,12,,,,
daniel_poulou,Daniel Poulou,Daniel Poulou,,,,UMP,ump,area/pyrénées-atlantiques_(6e),Pyrénées-Atlantiques (6e),Assemblée nationale,12,,,,
daniel_prévost,Daniel Prévost,Daniel Prévost,,,,UMP,ump,area/ille-et-vilaine_(6e),Ille-et-Vilaine (6e),Assemblée nationale,12,,,,
daniel_spagnou,Daniel Spagnou,Daniel Spagnou,,,,UMP,ump,area/alpes-de-haute-provence_(2e),Alpes-de-Haute-Provence (2e),Assemblée nationale,12,,,,
Q1905371,Daniel Vaillant,"Vaillant, Daniel",,,,Socialiste,socialiste,area/paris_(19e),Paris (19e),Assemblée nationale,12,,,https://upload.wikimedia.org/wikipedia/commons/e/ec/Daniel_Vaillant1_(5).JPG,male
danielle_bousquet,Danielle Bousquet,Danielle Bousquet,,,,Socialiste,socialiste,area/côtes-d'armor_(1re),Côtes-d'Armor (1re),Assemblée nationale,12,,,,
danièle_hoffman-rispal,Danièle Hoffman-Rispal,Danièle Hoffman-Rispal,,,,Socialiste,socialiste,area/paris_(6e),Paris (6e),Assemblée nationale,12,,,,
Q3018028,David Habib,"Habib, David",,,,Socialiste,socialiste,area/pyrénées-atlantiques_(3e),Pyrénées-Atlantiques (3e),Assemblée nationale,12,,,,male
Q3022746,Denis Jacquat,"Jacquat, Denis",,,,UMP,ump,area/moselle_(2e),Moselle (2e),Assemblée nationale,12,,,,male
denis_merville,Denis Merville,Denis Merville,,,,UMP,ump,area/seine-maritime_(6e),Seine-Maritime (6e),Assemblée nationale,12,,,,
didier_julia,Didier Julia,Didier Julia,,,,UMP,ump,area/seine-et-marne_(2e),Seine-et-Marne (2e),Assemblée nationale,12,,,,
didier_mathus,Didier Mathus,Didier Mathus,,,,Socialiste,socialiste,area/saône-et-loire_(4e),Saône-et-Loire (4e),Assemblée nationale,12,,,,
didier_migaud,Didier Migaud,Didier Migaud,,,,Socialiste,socialiste,area/isère_(4e),Isère (4e),Assemblée nationale,12,,,,
Q2386047,Didier Quentin,"Quentin, Didier",,,,UMP,ump,area/charente-maritime_(5e),Charente-Maritime (5e),Assemblée nationale,12,,,,male
Q3028388,Dino Cinieri,"Cinieri, Dino",,,,UMP,ump,area/loire_(4e),Loire (4e),Assemblée nationale,12,,,,male
dominique_caillaud,Dominique Caillaud,Dominique Caillaud,,,,UMP,ump,area/vendée_(2e),Vendée (2e),Assemblée nationale,12,,,,
Q3035111,Dominique Dord,"Dord, Dominique",,,,UMP,ump,area/savoie_(1re),Savoie (1re),Assemblée nationale,12,,,https://upload.wikimedia.org/wikipedia/commons/d/d4/Dominique_Dord_et_Renaud_Beretti.jpg,male
dominique_juillot,Dominique Juillot,Dominique Juillot,,,,UMP,ump,area/saône-et-loire_(5e),Saône-et-Loire (5e),Assemblée nationale,12,,,,
Q3035273,Dominique Le Mèner,Le Mener Dominique,,,,UMP,ump,area/sarthe_(5e),Sarthe (5e),Assemblée nationale,12,,,,male
dominique_paillé,Dominique Paillé,Dominique Paillé,,,,UMP,ump,area/deux-sèvres_(4e),Deux-Sèvres (4e),Assemblée nationale,12,,,,
dominique_richard,Dominique Richard,Dominique Richard,,,,UMP,ump,area/maine-et-loire_(2e),Maine-et-Loire (2e),Assemblée nationale,12,,,,
dominique_strauss-kahn,Dominique Strauss-Kahn,Dominique Strauss-Kahn,,,,Socialiste,socialiste,area/val-d'oise_(8e),Val-d'Oise (8e),Assemblée nationale,12,,,,
Q1238345,Dominique Tian,"Tian, Dominique",,Dominique_TIAN,dominique.tian.1,UMP,ump,area/bouches-du-rhône_(2e),Bouches-du-Rhône (2e),Assemblée nationale,12,,,https://upload.wikimedia.org/wikipedia/commons/0/07/Dominique_tian.jpg,male
emmanuel_hamelin,Emmanuel Hamelin,Emmanuel Hamelin,,,,UMP,ump,area/rhône_(2e),Rhône (2e),Assemblée nationale,12,,,,
fabien_limonta,Fabien Limonta,Fabien Limonta,,,,UMP,ump,area/drôme_(3e),Drôme (3e),Assemblée nationale,12,,,,
francis_delattre,Francis Delattre,Francis Delattre,,,,UMP,ump,area/val-d'oise_(4e),Val-d'Oise (4e),Assemblée nationale,12,,,,
francis_falala,Francis Falala,Francis Falala,,,,UMP,ump,area/marne_(1re),Marne (1re),Assemblée nationale,12,,,,
Q3081488,Francis Hillmeyer,"Hillmeyer, Francis",,,,UDF,udf,area/haut-rhin_(6e),Haut-Rhin (6e),Assemblée nationale,12,,,,male
francis_saint-léger,Francis Saint-Léger,Francis Saint-Léger,,,,UMP,ump,area/lozère_(1re),Lozère (1re),Assemblée nationale,12,,,,
Q3081737,Francis Vercamer,"Vercamer, Francis",,,,UDF,udf,area/nord_(7e),Nord (7e),Assemblée nationale,12,,,,male
Q2791086,Franck Gilard,"Gilard, Franck",,,,UMP,ump,area/eure_(5e),Eure (5e),Assemblée nationale,12,,,https://upload.wikimedia.org/wikipedia/commons/0/07/Franck_Gilard_2.jpg,male
Q3082207,Franck Marlin,"Marlin, Franck",,,,UMP,ump,area/essonne_(2e),Essonne (2e),Assemblée nationale,12,,,https://upload.wikimedia.org/wikipedia/commons/a/a8/Fmarlin2.jpg,male
Q3083854,François Asensi,"Asensi, François",,,,Communiste,communiste,area/seine-saint-denis_(11re),Seine-Saint-Denis (11re),Assemblée nationale,12,,,,male
françois_bayrou,François Bayrou,François Bayrou,,,,UDF,udf,area/pyrénées-atlantiques_(2e),Pyrénées-Atlantiques (2e),Assemblée nationale,12,,,,
Q3084113,François Brottes,"Brottes, François",,,,Socialiste,socialiste,area/isère_(5e),Isère (5e),Assemblée nationale,12,,,https://upload.wikimedia.org/wikipedia/commons/0/02/François_Brottes_-_Janvier_2012.jpg,male
françois_calvet,François Calvet,François Calvet,,,,UMP,ump,area/pyrénées-orientales_(3e),Pyrénées-Orientales (3e),Assemblée nationale,12,,,,
Q3084310,François Cornut-Gentille,"Cornut-Gentille, François",,,,UMP,ump,area/haute-marne_(2e),Haute-Marne (2e),Assemblée nationale,12,,,,male
françois_dosé,François Dosé,François Dosé,,,,Socialiste,socialiste,area/meuse_(1re),Meuse (1re),Assemblée nationale,12,,,,
françois_grosdidier,François Grosdidier,François Grosdidier,,,,UMP,ump,area/moselle_(1re),Moselle (1re),Assemblée nationale,12,,,,
françois_guillaume,François Guillaume,François Guillaume,,,,UMP,ump,area/meurthe-et-moselle_(4e),Meurthe-et-Moselle (4e),Assemblée nationale,12,,,,
françois_hollande,François Hollande,François Hollande,,,,Socialiste,socialiste,area/corrèze_(1re),Corrèze (1re),Assemblée nationale,12,,,,
françois_huwart,François Huwart,François Huwart,,,,Socialiste,socialiste,area/eure-et-loir_(3e),Eure-et-Loir (3e),Assemblée nationale,12,,,,
Q560944,François Lamy,"Lamy, François",,lamy_f,,Socialiste,socialiste,area/essonne_(6e),Essonne (6e),Assemblée nationale,12,,,https://upload.wikimedia.org/wikipedia/commons/7/7f/François_Lamy_-_Février_2013_(2).jpg,male
françois_liberti,François Liberti,François Liberti,,,,Communiste,communiste,area/hérault_(7e),Hérault (7e),Assemblée nationale,12,,,,
Q3085196,François Loncle,"Loncle, François",,,,Socialiste,socialiste,area/eure_(4e),Eure (4e),Assemblée nationale,12,,,,male
Q3085724,François Rochebloine,"Rochebloine, François",,,,UDF,udf,area/loire_(3e),Loire (3e),Assemblée nationale,12,,,,male
Q3085816,François Sauvadet,"Sauvadet, François",,sauvadet,sauvadet,UDF,udf,area/côte-d'or_(4e),Côte-d'Or (4e),Assemblée nationale,12,,,https://upload.wikimedia.org/wikipedia/commons/2/2d/François_Sauvadet.jpg,male
Q3085814,François Scellier,"Scellier, François",,,,UMP,ump,area/val-d'oise_(6e),Val-d'Oise (6e),Assemblée nationale,12,,,,male
Q3085979,François Vannson,"Vannson, François",,,,UMP,ump,area/vosges_(3e),Vosges (3e),Assemblée nationale,12,,,,male
françois-michel_gonnot,François-Michel Gonnot,François-Michel Gonnot,,,,UMP,ump,area/oise_(6e),Oise (6e),Assemblée nationale,12,,,,
Q12964,François-Xavier Villain,"Villain, François-Xavier",,,,Non Inscrit,non_inscrit,area/nord_(18e),Nord (18e),Assemblée nationale,12,,,https://upload.wikimedia.org/wikipedia/commons/e/ed/François-xavier-villain.jpg,male
françoise_branget,Françoise Branget,Françoise Branget,,,,UMP,ump,area/doubs_(1re),Doubs (1re),Assemblée nationale,12,,,,
françoise_charpentier,Françoise Charpentier,Françoise Charpentier,,,,UMP,ump,area/eure_(1re),Eure (1re),Assemblée nationale,12,,,,
Q3086522,Françoise Imbert,"Imbert, Françoise",,,,Socialiste,socialiste,area/haute-garonne_(5e),Haute-Garonne (5e),Assemblée nationale,12,,,https://upload.wikimedia.org/wikipedia/commons/2/26/Francoise_Imbert_2012.jpg,female
françoise_de_panafieu,Françoise de Panafieu,Françoise de Panafieu,,,,UMP,ump,area/paris_(16e),Paris (16e),Assemblée nationale,12,,,,
frédéric_dutoit,Frédéric Dutoit,Frédéric Dutoit,,,,Communiste,communiste,area/bouches-du-rhône_(4e),Bouches-du-Rhône (4e),Assemblée nationale,12,,,,
Q3090161,Frédéric Reiss,"Reiss, Frédéric",,,,UMP,ump,area/bas-rhin_(8e),Bas-Rhin (8e),Assemblée nationale,12,,,,male
frédéric_soulier,Frédéric Soulier,Frédéric Soulier,,,,UMP,ump,area/corrèze_(2e),Corrèze (2e),Assemblée nationale,12,,,,
gabriel_biancheri,Gabriel Biancheri,Gabriel Biancheri,,,,UMP,ump,area/drôme_(4e),Drôme (4e),Assemblée nationale,12,,,,
Q3094138,Gabrielle Louis-Carabin,"Louis-Carabin, Gabrielle",,,,UMP,ump,area/guadeloupe_(2e),Guadeloupe (2e),Assemblée nationale,12,,,,female
gaëtan_gorce,Gaëtan Gorce,Gaëtan Gorce,,,,Socialiste,socialiste,area/nièvre_(2e),Nièvre (2e),Assemblée nationale,12,,,,
geneviève_colot,Geneviève Colot,Geneviève Colot,,,,UMP,ump,area/essonne_(3e),Essonne (3e),Assemblée nationale,12,,,,
Q3100672,Geneviève Levy,"Levy, Geneviève",,,,UMP,ump,area/var_(1re),Var (1re),Assemblée nationale,12,,,https://upload.wikimedia.org/wikipedia/commons/3/3a/Genevieve_Levy.jpg,female
geneviève_perrin-gaillard,Geneviève Perrin-Gaillard,Geneviève Perrin-Gaillard,,,,Socialiste,socialiste,area/deux-sèvres_(1re),Deux-Sèvres (1re),Assemblée nationale,12,,,,
georges_colombier,Georges Colombier,Georges Colombier,,,,UMP,ump,area/isère_(7e),Isère (7e),Assemblée nationale,12,,,,
Q12937,Georges Fenech,"Fenech, Georges",,GeorgesFENECH,GeorgesFenechDeputeduRhone,UMP,ump,area/rhône_(11re),Rhône (11re),Assemblée nationale,12,,,https://upload.wikimedia.org/wikipedia/commons/7/72/Georges_Fenech.jpg,male
Q3102780,Georges Ginesta,"Ginesta, Georges",,,,UMP,ump,area/var_(5e),Var (5e),Assemblée nationale,12,,,,male
georges_hage,Georges Hage,Georges Hage,,,,Communiste,communiste,area/nord_(16e),Nord (16e),Assemblée nationale,12,,,,
georges_mothron,Georges Mothron,Georges Mothron,,,,UMP,ump,area/val-d'oise_(5e),Val-d'Oise (5e),Assemblée nationale,12,,,,
georges_tron,Georges Tron,Georges Tron,,,,UMP,ump,area/essonne_(9e),Essonne (9e),Assemblée nationale,12,,,,
Q2362877,Germinal Peiro,"Peiro, Germinal",,,,Socialiste,socialiste,area/dordogne_(4e),Dordogne (4e),Assemblée nationale,12,,,,male
ghislain_bray,Ghislain Bray,Ghislain Bray,,,,UMP,ump,area/seine-et-marne_(4e),Seine-et-Marne (4e),Assemblée nationale,12,,,,
gilbert_biessy,Gilbert Biessy,Gilbert Biessy,,,,Communiste,communiste,area/isère_(2e),Isère (2e),Assemblée nationale,12,,,,
Q3105773,Gilbert Le Bris,"Le Bris, Gilbert",,,,Socialiste,socialiste,area/finistère_(8e),Finistère (8e),Assemblée nationale,12,,,,male
gilbert_meyer,Gilbert Meyer,Gilbert Meyer,,,,UMP,ump,area/haut-rhin_(1re),Haut-Rhin (1re),Assemblée nationale,12,,,,
gilles_artigues,Gilles Artigues,Gilles Artigues,,,,UDF,udf,area/loire_(1re),Loire (1re),Assemblée nationale,12,,,,
Q3106130,Gilles Bourdouleix,"Bourdouleix, Gilles",,,,UMP,ump,area/maine-et-loire_(5e),Maine-et-Loire (5e),Assemblée nationale,12,,,,male
Q3106149,Gilles Carrez,"Carrez, Gilles",,,,UMP,ump,area/val-de-marne_(5e),Val-de-Marne (5e),Assemblée nationale,12,,,,male
gilles_cocquempot,Gilles Cocquempot,Gilles Cocquempot,,,,Socialiste,socialiste,area/pas-de-calais_(7e),Pas-de-Calais (7e),Assemblée nationale,12,,,,
guy_drut,Guy Drut,Guy Drut,,,,UMP,ump,area/seine-et-marne_(5e),Seine-et-Marne (5e),Assemblée nationale,12,,,,
Q3121808,Guy Geoffroy,"Geoffroy, Guy",,,,UMP,ump,area/seine-et-marne_(9e),Seine-et-Marne (9e),Assemblée nationale,12,,,https://upload.wikimedia.org/wikipedia/commons/a/a7/Guy_Geoffroy.jpg,male
guy_lengagne,Guy Lengagne,Guy Lengagne,,,,Socialiste,socialiste,area/pas-de-calais_(5e),Pas-de-Calais (5e),Assemblée nationale,12,,,,
Q3090,Guy Teissier,"Teissier, Guy",,,,UMP,ump,area/bouches-du-rhône_(6e),Bouches-du-Rhône (6e),Assemblée nationale,12,,,https://upload.wikimedia.org/wikipedia/commons/a/a1/Guy-Teissier.PNG,male
Q632930,Gérard Bapt,"Bapt, Gérard",,,,Socialiste,socialiste,area/haute-garonne_(2e),Haute-Garonne (2e),Assemblée nationale,12,,,https://upload.wikimedia.org/wikipedia/commons/3/3a/Gérard_Bapt.jpg,male
Q2422277,Gérard Charasse,"Charasse, Gérard",,,,Non Inscrit,non_inscrit,area/allier_(4e),Allier (4e),Assemblée nationale,12,,,,male
Q3123839,Gérard Cherpion,"Cherpion, Gérard",,,,UMP,ump,area/vosges_(2e),Vosges (2e),Assemblée nationale,12,,,https://upload.wikimedia.org/wikipedia/commons/6/69/Gérard_Cherpion.jpg,male
gérard_dubrac,Gérard Dubrac,Gérard Dubrac,,,,UMP,ump,area/gers_(2e),Gers (2e),Assemblée nationale,12,,,,
gérard_grignon,Gérard Grignon,Gérard Grignon,,,,UMP,ump,area/saint-pierre-et-miquelon_(1re),Saint-Pierre-et-Miquelon (1re),Assemblée nationale,12,,,,
gérard_hamel,Gérard Hamel,Gérard Hamel,,,,UMP,ump,area/eure-et-loir_(2e),Eure-et-Loir (2e),Assemblée nationale,12,,,,
gérard_lorgeoux,Gérard Lorgeoux,Gérard Lorgeoux,,,,UMP,ump,area/morbihan_(3e),Morbihan (3e),Assemblée nationale,12,,,,
Q3124173,Gérard Menuel,"Menuel, Gérard",,,,UMP,ump,area/aube_(3e),Aube (3e),Assemblée nationale,12,,,,male
gérard_vignoble,Gérard Vignoble,Gérard Vignoble,,,,UDF,udf,area/nord_(8e),Nord (8e),Assemblée nationale,12,,,,
gérard_voisin,Gérard Voisin,Gérard Voisin,,,,UMP,ump,area/saône-et-loire_(1re),Saône-et-Loire (1re),Assemblée nationale,12,,,,
gérard_weber,Gérard Weber,Gérard Weber,,,,UMP,ump,area/ardèche_(2e),Ardèche (2e),Assemblée nationale,12,,,,
Q1347791,Henri Emmanuelli,"Emmanuelli, Henri",,henriemmanuelli,,Socialiste,socialiste,area/landes_(3e),Landes (3e),Assemblée nationale,12,,,https://upload.wikimedia.org/wikipedia/commons/c/c4/Emmanuelli.jpg,male
henri_houdouin,Henri Houdouin,Henri Houdouin,,,,UMP,ump,area/mayenne_(1re),Mayenne (1re),Assemblée nationale,12,,,,
henri_nayrou,Henri Nayrou,Henri Nayrou,,,,Socialiste,socialiste,area/ariège_(5e),Ariège (5e),Assemblée nationale,12,,,,
henri_sicre,Henri Sicre,Henri Sicre,,,,Socialiste,socialiste,area/pyrénées-orientales_(4e),Pyrénées-Orientales (4e),Assemblée nationale,12,,,,
henriette_martinez,Henriette Martinez,Henriette Martinez,,,,UMP,ump,area/hautes-alpes_(1re),Hautes-Alpes (1re),Assemblée nationale,12,,,,
Q521021,Hervé Morin,"Morin, Hervé",,,,UDF,udf,area/eure_(3e),Eure (3e),Assemblée nationale,12,,,https://upload.wikimedia.org/wikipedia/commons/1/19/Hervemorin2008_recadre.PNG,male
hervé_novelli,Hervé Novelli,Hervé Novelli,,,,UMP,ump,area/indre-et-loire_(4e),Indre-et-Loire (4e),Assemblée nationale,12,,,,
hervé_de_charette,Hervé de Charette,Hervé de Charette,,,,UMP,ump,area/maine-et-loire_(6e),Maine-et-Loire (6e),Assemblée nationale,12,,,,
hugues_martin,Hugues Martin,Hugues Martin,,,,UMP,ump,area/gironde_(2e),Gironde (2e),Assemblée nationale,12,,,,
Q3142774,Huguette Bello,"Bello, Huguette",,HuguetteBello,1514688388804955,Non Inscrit,non_inscrit,area/la_réunion_(2e),La Réunion (2e),Assemblée nationale,12,,,https://upload.wikimedia.org/wikipedia/commons/f/fe/HuguetteBelloMaido.jpg,female
hélène_mignon,Hélène Mignon,Hélène Mignon,,,,Socialiste,socialiste,area/haute-garonne_(6e),Haute-Garonne (6e),Assemblée nationale,12,,,,
hélène_tanguy,Hélène Tanguy,Hélène Tanguy,,,,UMP,ump,area/finistère_(7e),Finistère (7e),Assemblée nationale,12,,,,
irène_tharin,Irène Tharin,Irène Tharin,,,,UMP,ump,area/doubs_(4e),Doubs (4e),Assemblée nationale,12,,,,
jack_lang,Jack Lang,Jack Lang,,,,Socialiste,socialiste,area/pas-de-calais_(6e),Pas-de-Calais (6e),Assemblée nationale,12,,,,
Q3157725,Jacqueline Fraysse,"Fraysse, Jacqueline",,,,Communiste,communiste,area/hauts-de-seine_(4e),Hauts-de-Seine (4e),Assemblée nationale,12,,,https://upload.wikimedia.org/wikipedia/commons/4/43/Jacqueline_Fraysse-January_2007.jpg,female
jacques_bascou,Jacques Bascou,Jacques Bascou,,,,Socialiste,socialiste,area/aude_(2e),Aude (2e),Assemblée nationale,12,,,,
jacques_bobe,Jacques Bobe,Jacques Bobe,,,,UMP,ump,area/charente_(2e),Charente (2e),Assemblée nationale,12,,,,
jacques_briat,Jacques Briat,Jacques Briat,,,,UMP,ump,area/tarn-et-garonne_(2e),Tarn-et-Garonne (2e),Assemblée nationale,12,,,,
jacques_brunhes,Jacques Brunhes,Jacques Brunhes,,,,Communiste,communiste,area/hauts-de-seine_(1re),Hauts-de-Seine (1re),Assemblée nationale,12,,,,
jacques_desallangre,Jacques Desallangre,Jacques Desallangre,,,,Communiste,communiste,area/aisne_(3e),Aisne (3e),Assemblée nationale,12,,,,
jacques_domergue,Jacques Domergue,Jacques Domergue,,,,UMP,ump,area/hérault_(2e),Hérault (2e),Assemblée nationale,12,,,,
jacques_floch,Jacques Floch,Jacques Floch,,,,Socialiste,socialiste,area/loire-atlantique_(4e),Loire-Atlantique (4e),Assemblée nationale,12,,,,
jacques_godfrain,Jacques Godfrain,Jacques Godfrain,,,,UMP,ump,area/aveyron_(3e),Aveyron (3e),Assemblée nationale,12,,,,
Q962891,Jacques Kossowski,"Kossowski, Jacques",,,,UMP,ump,area/hauts-de-seine_(3e),Hauts-de-Seine (3e),Assemblée nationale,12,,,,male
jacques_lafleur,Jacques Lafleur,Jacques Lafleur,,,,UMP,ump,area/nouvelle-calédonie_(1re),Nouvelle-Calédonie (1re),Assemblée nationale,12,,,,
jacques_le_guen,Jacques Le Guen,Jacques Le Guen,,,,UMP,ump,area/finistère_(5e),Finistère (5e),Assemblée nationale,12,,,,
jacques_le_nay,Jacques Le Nay,Jacques Le Nay,,,,UMP,ump,area/morbihan_(6e),Morbihan (6e),Assemblée nationale,12,,,,
jacques_masdeu-arus,Jacques Masdeu-Arus,Jacques Masdeu-Arus,,,,UMP,ump,area/yvelines_(12e),Yvelines (12e),Assemblée nationale,12,,,,
Q3159627,Jacques Myard,"Myard, Jacques",,,,UMP,ump,area/yvelines_(5e),Yvelines (5e),Assemblée nationale,12,,,,male
Q3159822,Jacques Pélissard,"Pélissard, Jacques",,,,UMP,ump,area/jura_(1re),Jura (1re),Assemblée nationale,12,,,https://upload.wikimedia.org/wikipedia/commons/e/e5/Jacques_Pélissard.jpg,male
jacques_remiller,Jacques Remiller,Jacques Remiller,,,,UMP,ump,area/isère_(8e),Isère (8e),Assemblée nationale,12,,,,
Q3157844,Jacques-Alain Bénisti,"Bénisti, Jacques-Alain",,,JacquesAlainBenisti,UMP,ump,area/val-de-marne_(4e),Val-de-Marne (4e),Assemblée nationale,12,,,,male
janine_jambu,Janine Jambu,Janine Jambu,,,,Communiste,communiste,area/hauts-de-seine_(11re),Hauts-de-Seine (11re),Assemblée nationale,12,,,,
jean_auclair,Jean Auclair,Jean Auclair,,,,UMP,ump,area/creuse_(2e),Creuse (2e),Assemblée nationale,12,,,,
jean_bardet,Jean Bardet,Jean Bardet,,,,UMP,ump,area/val-d'oise_(3e),Val-d'Oise (3e),Assemblée nationale,12,,,,
jean_charroppin,Jean Charroppin,Jean Charroppin,,,,UMP,ump,area/jura_(2e),Jura (2e),Assemblée nationale,12,,,,
jean_delobel,Jean Delobel,Jean Delobel,,,,Socialiste,socialiste,area/nord_(15e),Nord (15e),Assemblée nationale,12,,,,
jean_dionis_du_séjour,Jean Dionis du Séjour,Jean Dionis du Séjour,,,,UDF,udf,area/lot-et-garonne_(1re),Lot-et-Garonne (1re),Assemblée nationale,12,,,,
jean_diébold,Jean Diébold,Jean Diébold,,,,UMP,ump,area/haute-garonne_(4e),Haute-Garonne (4e),Assemblée nationale,12,,,,
jean_gaubert,Jean Gaubert,Jean Gaubert,,,,Socialiste,socialiste,area/côtes-d'armor_(2e),Côtes-d'Armor (2e),Assemblée nationale,12,,,,
Q3172322,Jean Glavany,"Glavany, Jean",,,,Socialiste,socialiste,area/hautes-pyrénées_(3e),Hautes-Pyrénées (3e),Assemblée nationale,12,,,,male
jean_grenet,Jean Grenet,Jean Grenet,,,,UMP,ump,area/pyrénées-atlantiques_(5e),Pyrénées-Atlantiques (5e),Assemblée nationale,12,,,,
Q3173022,Jean Lassalle,"Lassalle, Jean",,jeanlassalle,,UDF,udf,area/pyrénées-atlantiques_(4e),Pyrénées-Atlantiques (4e),Assemblée nationale,12,,,https://upload.wikimedia.org/wikipedia/commons/d/d6/MoDem_regional_elections_2010-01-24_n06.jpg,male
Q3173030,Jean Launay,"Launay, Jean",,,,Socialiste,socialiste,area/lot_(2e),Lot (2e),Assemblée nationale,12,,,,male
jean_le_garrec,Jean Le Garrec,Jean Le Garrec,,,,Socialiste,socialiste,area/nord_(12e),Nord (12e),Assemblée nationale,12,,,,
jean_lemière,Jean Lemière,Jean Lemière,,,,UMP,ump,area/manche_(5e),Manche (5e),Assemblée nationale,12,,,,
Q3083582,Jean Leonetti,"Leonetti, Jean",,,,UMP,ump,area/alpes-maritimes_(7e),Alpes-Maritimes (7e),Assemblée nationale,12,,,https://upload.wikimedia.org/wikipedia/commons/2/2f/Leonetti.JPG,male
jean_marsaudon,Jean Marsaudon,Jean Marsaudon,,,,UMP,ump,area/essonne_(7e),Essonne (7e),Assemblée nationale,12,,,,
jean_michel,Jean Michel,Jean Michel,,,,Socialiste,socialiste,area/puy-de-dôme_(6e),Puy-de-Dôme (6e),Assemblée nationale,12,,,,
jean_proriol,Jean Proriol,Jean Proriol,,,,UMP,ump,area/haute-loire_(2e),Haute-Loire (2e),Assemblée nationale,12,,,,
jean_roatta,Jean Roatta,Jean Roatta,,,,UMP,ump,area/bouches-du-rhône_(3e),Bouches-du-Rhône (3e),Assemblée nationale,12,,,,
jean_tiberi,Jean Tiberi,Jean Tiberi,,,,UMP,ump,area/paris_(2e),Paris (2e),Assemblée nationale,12,,,,
jean_ueberschlag,Jean Ueberschlag,Jean Ueberschlag,,,,UMP,ump,area/haut-rhin_(4e),Haut-Rhin (4e),Assemblée nationale,12,,,,
jean_de_gaulle,Jean de Gaulle,Jean de Gaulle,,,,UMP,ump,area/paris_(8e),Paris (8e),Assemblée nationale,12,,,,
Q3164701,Jean-Charles Taugourdeau,"Taugourdeau, Jean-Charles",,,,UMP,ump,area/maine-et-loire_(3e),Maine-et-Loire (3e),Assemblée nationale,12,,,,male
Q1684726,Jean-Christophe Cambadélis,"Cambadélis, Jean-Christophe",,,,Socialiste,socialiste,area/paris_(20e),Paris (20e),Assemblée nationale,12,,,https://upload.wikimedia.org/wikipedia/commons/8/86/Socialist_rally_Zenith_2007_05_29_n1.jpg,male
Q3164758,Jean-Christophe Lagarde,"Lagarde, Jean-Christophe",,jclagarde,jeanchristophe.lagarde.3,UDF,udf,area/seine-saint-denis_(5e),Seine-Saint-Denis (5e),Assemblée nationale,12,,,https://upload.wikimedia.org/wikipedia/commons/d/d2/Bayrou_Bercy_2007-04-18_n10.jpg,male
jean-claude_abrioux,Jean-Claude Abrioux,Jean-Claude Abrioux,,,,UMP,ump,area/seine-saint-denis_(10e),Seine-Saint-Denis (10e),Assemblée nationale,12,,,,
jean-claude_bateux,Jean-Claude Bateux,Jean-Claude Bateux,,,,Socialiste,socialiste,area/seine-maritime_(5e),Seine-Maritime (5e),Assemblée nationale,12,,,,
jean-claude_beauchaud,Jean-Claude Beauchaud,Jean-Claude Beauchaud,,,,Socialiste,socialiste,area/charente_(4e),Charente (4e),Assemblée nationale,12,,,,
jean-claude_beaulieu,Jean-Claude Beaulieu,Jean-Claude Beaulieu,,,,UMP,ump,area/charente-maritime_(8e),Charente-Maritime (8e),Assemblée nationale,12,,,,
jean-claude_bois,Jean-Claude Bois,Jean-Claude Bois,,,,Socialiste,socialiste,area/pas-de-calais_(13e),Pas-de-Calais (13e),Assemblée nationale,12,,,,
jean-claude_decagny,Jean-Claude Decagny,Jean-Claude Decagny,,,,UMP,ump,area/nord_(23e),Nord (23e),Assemblée nationale,12,,,,
jean-claude_flory,Jean-Claude Flory,Jean-Claude Flory,,,,UMP,ump,area/ardèche_(3e),Ardèche (3e),Assemblée nationale,12,,,,
Q3165004,Jean-Claude Guibal,"Guibal, Jean-Claude",,,,UMP,ump,area/alpes-maritimes_(4e),Alpes-Maritimes (4e),Assemblée nationale,12,,,,male
jean-claude_lefort,Jean-Claude Lefort,Jean-Claude Lefort,,,,Communiste,communiste,area/val-de-marne_(10e),Val-de-Marne (10e),Assemblée nationale,12,,,,
jean-claude_lemoine,Jean-Claude Lemoine,Jean-Claude Lemoine,,,,UMP,ump,area/manche_(1re),Manche (1re),Assemblée nationale,12,,,,
jean-claude_lenoir,Jean-Claude Lenoir,Jean-Claude Lenoir,,,,UMP,ump,area/orne_(2e),Orne (2e),Assemblée nationale,12,,,,
jean-claude_leroy,Jean-Claude Leroy,Jean-Claude Leroy,,,,Socialiste,socialiste,area/pas-de-calais_(3e),Pas-de-Calais (3e),Assemblée nationale,12,,,,
Q2161754,Jean-Claude Mathis,"Mathis, Jean-Claude",,,,UMP,ump,area/aube_(2e),Aube (2e),Assemblée nationale,12,,,,male
Q1188660,Jean-Claude Mignon,"Mignon, Jean-Claude",,DeputeMIGNON,,UMP,ump,area/seine-et-marne_(1re),Seine-et-Marne (1re),Assemblée nationale,12,,,https://upload.wikimedia.org/wikipedia/commons/4/49/Jcmignon.portrait.jpg,male
jean-claude_perez,Jean-Claude Perez,"Perez, Jean-Claude",,,,Socialiste,socialiste,area/aude_(1re),Aude (1re),Assemblée nationale,12,,,,
jean-claude_sandrier,Jean-Claude Sandrier,Jean-Claude Sandrier,,,,Communiste,communiste,area/cher_(2e),Cher (2e),Assemblée nationale,12,,,,
jean-claude_thomas,Jean-Claude Thomas,Jean-Claude Thomas,,,,UMP,ump,area/marne_(3e),Marne (3e),Assemblée nationale,12,,,,
jean-claude_viollet,Jean-Claude Viollet,Jean-Claude Viollet,,,,Socialiste,socialiste,area/charente_(1re),Charente (1re),Assemblée nationale,12,,,,
jean-françois_chossy,Jean-François Chossy,Jean-François Chossy,,,,UMP,ump,area/loire_(7e),Loire (7e),Assemblée nationale,12,,,,
Q3165759,Jean-François Mancel,"Mancel, Jean-François",,JFMancel,,UMP,ump,area/oise_(2e),Oise (2e),Assemblée nationale,12,,,https://upload.wikimedia.org/wikipedia/commons/1/18/Mancel_JF.jpg,male
jean-françois_régère,Jean-François Régère,Jean-François Régère,,,,UMP,ump,area/gironde_(5e),Gironde (5e),Assemblée nationale,12,,,,
jean-jack_queyranne,Jean-Jack Queyranne,Jean-Jack Queyranne,,,,Socialiste,socialiste,area/rhône_(7e),Rhône (7e),Assemblée nationale,12,,,,
jean-jacques_descamps,Jean-Jacques Descamps,Jean-Jacques Descamps,,,,UMP,ump,area/indre-et-loire_(3e),Indre-et-Loire (3e),Assemblée nationale,12,,,,
jean-jacques_gaultier,Jean-Jacques Gaultier,Jean-Jacques Gaultier,,,,UMP,ump,area/vosges_(4e),Vosges (4e),Assemblée nationale,12,,,,
Q3166286,Jean-Jacques Guillet,"Guillet, Jean-Jacques",,,,UMP,ump,area/hauts-de-seine_(8e),Hauts-de-Seine (8e),Assemblée nationale,12,,,,male
jean-louis_bernard,Jean-Louis Bernard,Jean-Louis Bernard,,,,UMP,ump,area/loiret_(3e),Loiret (3e),Assemblée nationale,12,,,,
jean-louis_bianco,Jean-Louis Bianco,Jean-Louis Bianco,,,,Socialiste,socialiste,area/alpes-de-haute-provence_(1re),Alpes-de-Haute-Provence (1re),Assemblée nationale,12,,,,
Q3166710,Jean-Louis Christ,"Christ, Jean-Louis",,,,UMP,ump,area/haut-rhin_(2e),Haut-Rhin (2e),Assemblée nationale,12,,,,male
Q3166748,Jean-Louis Dumont,"Dumont, Jean-Louis",,,,Socialiste,socialiste,area/meuse_(2e),Meuse (2e),Assemblée nationale,12,,,,male
jean-louis_idiart,Jean-Louis Idiart,Jean-Louis Idiart,,,,Socialiste,socialiste,area/haute-garonne_(8e),Haute-Garonne (8e),Assemblée nationale,12,,,,
jean-louis_léonard,Jean-Louis Léonard,Jean-Louis Léonard,,,,UMP,ump,area/charente-maritime_(2e),Charente-Maritime (2e),Assemblée nationale,12,,,,
jean-luc_préel,Jean-Luc Préel,Jean-Luc Préel,,,,UDF,udf,area/vendée_(1re),Vendée (1re),Assemblée nationale,12,,,,
Q3167246,Jean-Luc Reitzer,"Reitzer, Jean-Luc",,,,UMP,ump,area/haut-rhin_(3e),Haut-Rhin (3e),Assemblée nationale,12,,,,male
Q509407,Jean-Luc Warsmann,"Warsmann, Jean-Luc",,warsmann,warsmann,UMP,ump,area/ardennes_(3e),Ardennes (3e),Assemblée nationale,12,,,,male
Q7711,Jean-Marc Ayrault,"Ayrault, Jean-Marc",,jeanmarcayrault,jmayrault,Socialiste,socialiste,area/loire-atlantique_(3e),Loire-Atlantique (3e),Assemblée nationale,12,,,https://upload.wikimedia.org/wikipedia/commons/3/3f/Ayrault.jpg,male
jean-marc_lefranc,Jean-Marc Lefranc,Jean-Marc Lefranc,,,,UMP,ump,area/calvados_(5e),Calvados (5e),Assemblée nationale,12,,,,
jean-marc_nesme,Jean-Marc Nesme,Jean-Marc Nesme,,,,UMP,ump,area/saône-et-loire_(2e),Saône-et-Loire (2e),Assemblée nationale,12,,,,
jean-marc_nudant,Jean-Marc Nudant,Jean-Marc Nudant,,,,UMP,ump,area/côte-d'or_(2e),Côte-d'Or (2e),Assemblée nationale,12,,,,
jean-marc_roubaud,Jean-Marc Roubaud,Jean-Marc Roubaud,,,,UMP,ump,area/gard_(3e),Gard (3e),Assemblée nationale,12,,,,
jean-marie_aubron,Jean-Marie Aubron,Jean-Marie Aubron,,,,Socialiste,socialiste,area/moselle_(8e),Moselle (8e),Assemblée nationale,12,,,,
jean-marie_binetruy,Jean-Marie Binetruy,Jean-Marie Binetruy,,,,UMP,ump,area/doubs_(5e),Doubs (5e),Assemblée nationale,12,,,,
jean-marie_demange,Jean-Marie Demange,Jean-Marie Demange,,,,UMP,ump,area/moselle_(9e),Moselle (9e),Assemblée nationale,12,,,,
jean-marie_geveaux,Jean-Marie Geveaux,Jean-Marie Geveaux,,,,UMP,ump,area/sarthe_(2e),Sarthe (2e),Assemblée nationale,12,,,,
Q640830,Jean-Marie Le Guen,Jean-Marie Le Guen,,,,Socialiste,socialiste,area/paris_(9e),Paris (9e),Assemblée nationale,12,,,https://upload.wikimedia.org/wikipedia/commons/6/6e/Paris_de_la_Recherche_-_Jean-Marie_Le_Guen_1.jpg,male
jean-marie_morisset,Jean-Marie Morisset,Jean-Marie Morisset,,,,UMP,ump,area/deux-sèvres_(3e),Deux-Sèvres (3e),Assemblée nationale,12,,,,
jean-marie_rolland,Jean-Marie Rolland,Jean-Marie Rolland,,,,UMP,ump,area/yonne_(2e),Yonne (2e),Assemblée nationale,12,,,,
Q3167821,Jean-Marie Sermier,"Sermier, Jean-Marie",,,,UMP,ump,area/jura_(3e),Jura (3e),Assemblée nationale,12,,,https://upload.wikimedia.org/wikipedia/commons/a/a7/Jeanmariesermier.jpg,male
jean-michel_bertrand,Jean-Michel Bertrand,Jean-Michel Bertrand,,,,UMP,ump,area/ain_(1re),Ain (1re),Assemblée nationale,12,,,,
jean-michel_boucheron,Jean-Michel Boucheron,Jean-Michel Boucheron,,,,Socialiste,socialiste,area/ille-et-vilaine_(1re),Ille-et-Vilaine (1re),Assemblée nationale,12,,,,
Q868322,Jean-Michel Couve,"Couve, Jean-Michel",,jmcouve,,UMP,ump,area/var_(4e),Var (4e),Assemblée nationale,12,,,https://upload.wikimedia.org/wikipedia/commons/0/01/Jean-michel_Couve.jpg,male
jean-michel_dubernard,Jean-Michel Dubernard,Jean-Michel Dubernard,,,,UMP,ump,area/rhône_(3e),Rhône (3e),Assemblée nationale,12,,,,
jean-michel_ferrand,Jean-Michel Ferrand,Jean-Michel Ferrand,,,,UMP,ump,area/vaucluse_(3e),Vaucluse (3e),Assemblée nationale,12,,,,
jean-michel_fourgous,Jean-Michel Fourgous,Jean-Michel Fourgous,,,,UMP,ump,area/yvelines_(11re),Yvelines (11re),Assemblée nationale,12,,,,
jean-paul_anciaux,Jean-Paul Anciaux,Jean-Paul Anciaux,,,,UMP,ump,area/saône-et-loire_(3e),Saône-et-Loire (3e),Assemblée nationale,12,,,,
Q3168350,Jean-Paul Bacquet,"Bacquet, Jean-Paul",,,,Socialiste,socialiste,area/puy-de-dôme_(4e),Puy-de-Dôme (4e),Assemblée nationale,12,,,,male
Q3168410,Jean-Paul Chanteguet,"Chanteguet, Jean-Paul",,,,Socialiste,socialiste,area/indre_(3e),Indre (3e),Assemblée nationale,12,,,,male
jean-paul_charié,Jean-Paul Charié,Jean-Paul Charié,,,,UMP,ump,area/loiret_(5e),Loiret (5e),Assemblée nationale,12,,,,
Q2271863,Jean-Paul Dupré,"Dupré, Jean-Paul",,,,Socialiste,socialiste,area/aude_(3e),Aude (3e),Assemblée nationale,12,,,https://upload.wikimedia.org/wikipedia/commons/6/68/Jean-Paul_Dupré.jpg,male
jean-paul_garraud,Jean-Paul Garraud,Jean-Paul Garraud,,,,UMP,ump,area/gironde_(10e),Gironde (10e),Assemblée nationale,12,,,,
jean-pierre_abelin,Jean-Pierre Abelin,Jean-Pierre Abelin,,,,UDF,udf,area/vienne_(4e),Vienne (4e),Assemblée nationale,12,,,,
jean-pierre_balligand,Jean-Pierre Balligand,Jean-Pierre Balligand,,,,Socialiste,socialiste,area/aisne_(3e),Aisne (3e),Assemblée nationale,12,,,,
Q3169028,Jean-Pierre Blazy,"Blazy, Jean-Pierre",,,,Socialiste,socialiste,area/val-d'oise_(9e),Val-d'Oise (9e),Assemblée nationale,12,,,,male
jean-pierre_brard,Jean-Pierre Brard,Jean-Pierre Brard,,,,Communiste,communiste,area/seine-saint-denis_(7e),Seine-Saint-Denis (7e),Assemblée nationale,12,,,,
Q3169178,Jean-Pierre Decool,"Decool, Jean-Pierre",,,,UMP,ump,area/nord_(14e),Nord (14e),Assemblée nationale,12,,,,male
jean-pierre_defontaine,Jean-Pierre Defontaine,Jean-Pierre Defontaine,,,,Socialiste,socialiste,area/pas-de-calais_(1re),Pas-de-Calais (1re),Assemblée nationale,12,,,,
Q3169226,Jean-Pierre Door,"Door, Jean-Pierre",,doorjean,,UMP,ump,area/loiret_(4e),Loiret (4e),Assemblée nationale,12,,,https://upload.wikimedia.org/wikipedia/commons/9/96/Jean-Pierre_Door.JPG,male
Q3169237,Jean-Pierre Dufau,"Dufau, Jean-Pierre",,,,Socialiste,socialiste,area/landes_(2e),Landes (2e),Assemblée nationale,12,,,https://upload.wikimedia.org/wikipedia/commons/4/42/Photo_de_Jean-Pierre_DUFAU.jpg,male
jean-pierre_dupont,Jean-Pierre Dupont,Jean-Pierre Dupont,,,,UMP,ump,area/corrèze_(3e),Corrèze (3e),Assemblée nationale,12,,,,
Q3169347,Jean-Pierre Giran,"Giran, Jean-Pierre",,,,UMP,ump,area/var_(3e),Var (3e),Assemblée nationale,12,,,,male
Q3169360,Jean-Pierre Gorges,"Gorges, Jean-Pierre",,,,UMP,ump,area/eure-et-loir_(1re),Eure-et-Loir (1re),Assemblée nationale,12,,,https://upload.wikimedia.org/wikipedia/commons/3/3b/JPGorge.JPG,male
jean-pierre_grand,Jean-Pierre Grand,Jean-Pierre Grand,,,,UMP,ump,area/hérault_(3e),Hérault (3e),Assemblée nationale,12,,,,
jean-pierre_kucheida,Jean-Pierre Kucheida,Jean-Pierre Kucheida,,,,Socialiste,socialiste,area/pas-de-calais_(12e),Pas-de-Calais (12e),Assemblée nationale,12,,,,
jean-pierre_le_ridant,Jean-Pierre Le Ridant,Jean-Pierre Le Ridant,,,,UMP,ump,area/loire-atlantique_(1re),Loire-Atlantique (1re),Assemblée nationale,12,,,,
jean-pierre_nicolas,Jean-Pierre Nicolas,Jean-Pierre Nicolas,,,,UMP,ump,area/eure_(2e),Eure (2e),Assemblée nationale,12,,,,
jean-pierre_soisson,Jean-Pierre Soisson,Jean-Pierre Soisson,,,,UMP,ump,area/yonne_(1re),Yonne (1re),Assemblée nationale,12,,,,
Q3170031,Jean-Sébastien Vialatte,"Vialatte, Jean-Sébastien",,,,UMP,ump,area/var_(7e),Var (7e),Assemblée nationale,12,,,,male
jean-yves_besselat,Jean-Yves Besselat,Jean-Yves Besselat,,,,UMP,ump,area/seine-maritime_(7e),Seine-Maritime (7e),Assemblée nationale,12,,,,
jean-yves_chamard,Jean-Yves Chamard,Jean-Yves Chamard,,,,UMP,ump,area/vienne_(2e),Vienne (2e),Assemblée nationale,12,,,,
jean-yves_cousin,Jean-Yves Cousin,Jean-Yves Cousin,,,,UMP,ump,area/calvados_(6e),Calvados (6e),Assemblée nationale,12,,,,
jean-yves_hugon,Jean-Yves Hugon,Jean-Yves Hugon,,,,UMP,ump,area/indre_(1re),Indre (1re),Assemblée nationale,12,,,,
Q3170161,Jean-Yves Le Bouillonnec,"Le Bouillonnec, Jean-Yves",,,,Socialiste,socialiste,area/val-de-marne_(11re),Val-de-Marne (11re),Assemblée nationale,12,,,https://upload.wikimedia.org/wikipedia/commons/6/61/Jean-YvesLeBouillonnec.jpg,male
jean-yves_le_drian,Jean-Yves Le Drian,Jean-Yves Le Drian,,,,Socialiste,socialiste,area/morbihan_(5e),Morbihan (5e),Assemblée nationale,12,,,,
Q3170164,Jean-Yves Le Déaut,Le Deaut Jean-Yves,,,,Socialiste,socialiste,area/meurthe-et-moselle_(6e),Meurthe-et-Moselle (6e),Assemblée nationale,12,,,"https://upload.wikimedia.org/wikipedia/commons/a/a0/Jean-Yves_Le_Déaut,_2015.JPG",male
Q3185940,Josette Pons,"Pons, Josette",,,,UMP,ump,area/var_(6e),Var (6e),Assemblée nationale,12,,,https://upload.wikimedia.org/wikipedia/commons/8/88/Josette_Pons_Députée_Var.jpg,female
josiane_boyce,Josiane Boyce,Josiane Boyce,,,,UMP,ump,area/morbihan_(1er),Morbihan (1er),Assemblée nationale,12,,,,
joël_beaugendre,Joël Beaugendre,Joël Beaugendre,,,,UMP,ump,area/guadeloupe_(3e),Guadeloupe (3e),Assemblée nationale,12,,,,
Q637002,Joël Giraud,"Giraud, Joël",,,,Socialiste,socialiste,area/hautes-alpes_(2e),Hautes-Alpes (2e),Assemblée nationale,12,,,,male
joël_hart,Joël Hart,Joël Hart,,,,UMP,ump,area/somme_(4e),Somme (4e),Assemblée nationale,12,,,,
joël_sarlot,Joël Sarlot,Joël Sarlot,,,,Non Inscrit,non_inscrit,area/vendée_(5e),Vendée (5e),Assemblée nationale,12,,,,
joëlle_ceccaldi-raynaud,Joëlle Ceccaldi-Raynaud,Joëlle Ceccaldi-Raynaud,,,,UMP,ump,area/hauts-de-seine_(6e),Hauts-de-Seine (6e),Assemblée nationale,12,,,,
juliana_rimane,Juliana Rimane,Juliana Rimane,,,,UMP,ump,area/guyane_(2e),Guyane (2e),Assemblée nationale,12,,,,
julien_dray,Julien Dray,Julien Dray,,,,Socialiste,socialiste,area/essonne_(10e),Essonne (10e),Assemblée nationale,12,,,,
jérôme_bignon,Jérôme Bignon,Jérôme Bignon,,,,UMP,ump,area/somme_(3e),Somme (3e),Assemblée nationale,12,,,,
Q3190850,Jérôme Chartier,"Chartier, Jérôme",,jechartier,jeromechartier2,UMP,ump,area/val-d'oise_(7e),Val-d'Oise (7e),Assemblée nationale,12,,,https://upload.wikimedia.org/wikipedia/commons/4/4b/Jérôme_Chartier.jpg,male
jérôme_lambert,Jérôme Lambert,"Lambert, Jérôme",,,,Socialiste,socialiste,area/charente_(3e),Charente (3e),Assemblée nationale,12,,,,
jérôme_rivière,Jérôme Rivière,Jérôme Rivière,,,,UMP,ump,area/alpes-maritimes_(1re),Alpes-Maritimes (1re),Assemblée nationale,12,,,,
Q3197944,Kléber Mesquida,"Mesquida, Kléber",,,,Socialiste,socialiste,area/hérault_(5e),Hérault (5e),Assemblée nationale,12,,,,male
Q3219106,Laurent Cathala,"Cathala, Laurent",,,,Socialiste,socialiste,area/val-de-marne_(2e),Val-de-Marne (2e),Assemblée nationale,12,,,,male
Q217070,Laurent Fabius,Laurent Fabius,,,,Socialiste,socialiste,area/seine-maritime_(4e),Seine-Maritime (4e),Assemblée nationale,12,,,https://upload.wikimedia.org/wikipedia/commons/8/88/Laurent_Fabius_-_Royal_&_Zapatero's_meeting_in_Toulouse_for_the_2007_French_presidential_election_0538_2007-04-19.jpg,male
laurent_hénart,Laurent Hénart,Laurent Hénart,,,,UMP,ump,area/meurthe-et-moselle_(1re),Meurthe-et-Moselle (1re),Assemblée nationale,12,,,,
Q984375,Laurent Wauquiez,"Wauquiez, Laurent",,laurentwauquiez,LaurentWauquiez,UMP,ump,area/haute-loire_(1re),Haute-Loire (1re),Assemblée nationale,12,,,"https://upload.wikimedia.org/wikipedia/commons/8/80/Laurent_Wauquiez,_vice-président_de_l'UMP.jpg",male
lilian_zanchi,Lilian Zanchi,Lilian Zanchi,,,,Socialiste,socialiste,area/rhône_(6e),Rhône (6e),Assemblée nationale,12,,,,
liliane_vaginay,Liliane Vaginay,Liliane Vaginay,,,,UMP,ump,area/bouches-du-rhône_(15e),Bouches-du-Rhône (15e),Assemblée nationale,12,,,,
Q737204,Lionnel Luca,"Luca, Lionnel",,lionnelluca06,,UMP,ump,area/alpes-maritimes_(6e),Alpes-Maritimes (6e),Assemblée nationale,12,,,,male
louis_cosyns,Louis Cosyns,Louis Cosyns,,,,UMP,ump,area/cher_(3e),Cher (3e),Assemblée nationale,12,,,,
louis_giscard_d'estaing,Louis Giscard d'Estaing,Louis Giscard d'Estaing,,,,UMP,ump,area/puy-de-dôme_(3e),Puy-de-Dôme (3e),Assemblée nationale,12,,,,
louis_guédon,Louis Guédon,Louis Guédon,,,,UMP,ump,area/vendée_(3e),Vendée (3e),Assemblée nationale,12,,,,
Q3260652,Louis-Joseph Manscour,Louis-Joseph Manscour,,,,Socialiste,socialiste,area/martinique_(1re),Martinique (1re),Assemblée nationale,12,,,,male
loïc_bouvard,Loïc Bouvard,Loïc Bouvard,,,,UMP,ump,area/morbihan_(4e),Morbihan (4e),Assemblée nationale,12,,,,
luc-marie_chatel,Luc-Marie Chatel,Luc-Marie Chatel,,,,UMP,ump,area/haute-marne_(1re),Haute-Marne (1re),Assemblée nationale,12,,,,
Q3265461,Lucien Degauchy,"Degauchy, Lucien",,,,UMP,ump,area/oise_(5e),Oise (5e),Assemblée nationale,12,,,,male
lucien_guichon,Lucien Guichon,Lucien Guichon,,,,UMP,ump,area/ain_(2e),Ain (2e),Assemblée nationale,12,,,,
léon_vachet,Léon Vachet,Léon Vachet,,,,UMP,ump,area/bouches-du-rhône_(15e),Bouches-du-Rhône (15e),Assemblée nationale,12,,,,
léonce_deprez,Léonce Deprez,Léonce Deprez,,,,UMP,ump,area/pas-de-calais_(4e),Pas-de-Calais (4e),Assemblée nationale,12,,,,
mansour_kamardine,Mansour Kamardine,Mansour Kamardine,,,,UMP,ump,area/mayotte_(1re),Mayotte (1re),Assemblée nationale,12,,,,
manuel_aeschlimann,Manuel Aeschlimann,Manuel Aeschlimann,,,,UMP,ump,area/hauts-de-seine_(2e),Hauts-de-Seine (2e),Assemblée nationale,12,,,,
Q10287,Manuel Valls,Manuel Valls,,manuelvalls,manuelvalls,Socialiste,socialiste,area/essonne_(1re),Essonne (1re),Assemblée nationale,12,,,https://upload.wikimedia.org/wikipedia/commons/1/1c/Valls_Toulouse_2012.JPG,male
marc_bernier,Marc Bernier,Marc Bernier,,,,UMP,ump,area/mayenne_(2e),Mayenne (2e),Assemblée nationale,12,,,,
Q937175,Marc Dolez,"Dolez, Marc",,,,Socialiste,socialiste,area/nord_(17e),Nord (17e),Assemblée nationale,12,,,https://upload.wikimedia.org/wikipedia/commons/b/b7/Marc_Dolez.jpg,male
Q3288040,Marc Francina,"Francina, Marc",,,,UMP,ump,area/haute-savoie_(5e),Haute-Savoie (5e),Assemblée nationale,12,,,,male
marc_joulaud,Marc Joulaud,Marc Joulaud,,,,UMP,ump,area/sarthe_(4e),Sarthe (4e),Assemblée nationale,12,,,,
Q3288161,Marc Laffineur,"Laffineur, Marc",,,,UMP,ump,area/maine-et-loire_(7e),Maine-et-Loire (7e),Assemblée nationale,12,,,https://upload.wikimedia.org/wikipedia/commons/6/65/Marc_Laffineur2.jpg,male
Q3288193,Marc Le Fur,"Le Fur, Marc",,,,UMP,ump,area/côtes-d'armor_(3e),Côtes-d'Armor (3e),Assemblée nationale,12,,,https://upload.wikimedia.org/wikipedia/commons/6/6a/Manif_pour_tous_Paris_2013-01-13_n13.jpg,male
marc_reymann,Marc Reymann,Marc Reymann,,,,UMP,ump,area/bas-rhin_(2e),Bas-Rhin (2e),Assemblée nationale,12,,,,
Q960474,Marc-Philippe Daubresse,"Daubresse, Marc-Philippe",,DAUBRESSE_MP,,UMP,ump,area/nord_(4e),Nord (4e),Assemblée nationale,12,,,https://upload.wikimedia.org/wikipedia/commons/4/4d/Lille_-_Marc-Philippe_Daubresse_-_2.jpg,male
Q3288709,Marcel Bonnot,"Bonnot, Marcel",,,,UMP,ump,area/doubs_(3e),Doubs (3e),Assemblée nationale,12,,,https://upload.wikimedia.org/wikipedia/commons/8/89/MarcelBonnot.jpg,male
marcel_dehoux,Marcel Dehoux,Marcel Dehoux,,,,Socialiste,socialiste,area/nord_(24e),Nord (24e),Assemblée nationale,12,,,,
marcelle_ramonet,Marcelle Ramonet,Marcelle Ramonet,,,,UMP,ump,area/finistère_(1re),Finistère (1re),Assemblée nationale,12,,,,
marguerite_lamour,Marguerite Lamour,Marguerite Lamour,,,,UMP,ump,area/finistère_(3e),Finistère (3e),Assemblée nationale,12,,,,
marie-anne_montchamp,Marie-Anne Montchamp,Marie-Anne Montchamp,,,,UMP,ump,area/val-de-marne_(7e),Val-de-Marne (7e),Assemblée nationale,12,,,,
Q3291821,Marie-Françoise Clergeau,"Clergeau, Marie-Françoise",,,,Socialiste,socialiste,area/loire-atlantique_(2e),Loire-Atlantique (2e),Assemblée nationale,12,,,https://upload.wikimedia.org/wikipedia/commons/4/44/Marie-Françoise_Clergeau.jpg,female
marie-françoise_pérol-dumont,Marie-Françoise Pérol-Dumont,Marie-Françoise Pérol-Dumont,,,,Socialiste,socialiste,area/haute-vienne_(3e),Haute-Vienne (3e),Assemblée nationale,12,,,,
Q464029,Marie-George Buffet,"Buffet, Marie-George",,,,Communiste,communiste,area/seine-saint-denis_(4e),Seine-Saint-Denis (4e),Assemblée nationale,12,,,https://upload.wikimedia.org/wikipedia/commons/e/ea/Marie-George_Buffet_2010.jpg,female
marie-hélène_des_esgaulx,Marie-Hélène des Esgaulx,Marie-Hélène des Esgaulx,,,,UMP,ump,area/gironde_(4e),Gironde (4e),Assemblée nationale,12,,,,
Q514965,Marie-Jo Zimmermann,"Zimmermann, Marie-Jo",,,,UMP,ump,area/moselle_(3e),Moselle (3e),Assemblée nationale,12,,,https://upload.wikimedia.org/wikipedia/commons/f/f6/Marie_Jo_Zimmermann.jpg,female
marie-renée_oget,Marie-Renée Oget,Marie-Renée Oget,,,,Socialiste,socialiste,area/côtes-d'armor_(4e),Côtes-d'Armor (4e),Assemblée nationale,12,,,,
Q3295273,Martial Saddier,"Saddier, Martial",,MartialSaddier,martial.saddier.9,UMP,ump,area/haute-savoie_(3e),Haute-Savoie (3e),Assemblée nationale,12,,,,male
martine_aurillac,Martine Aurillac,Martine Aurillac,,,,UMP,ump,area/paris_(3e),Paris (3e),Assemblée nationale,12,,,,
martine_billard,Martine Billard,Martine Billard,,,,Les Verts,les_verts,area/paris_(1re),Paris (1re),Assemblée nationale,12,,,,
Q3295753,Martine Carrillon-Couvreur,"Carrillon-Couvreur, Martine",,,,Socialiste,socialiste,area/nièvre_(1re),Nièvre (1re),Assemblée nationale,12,,,https://upload.wikimedia.org/wikipedia/commons/e/ef/DeputeXIVeLegVeRep-Martine_Carrillon-Couvreur.jpg,female
martine_david,Martine David,Martine David,,,,Socialiste,socialiste,area/rhône_(13e),Rhône (13e),Assemblée nationale,12,,,,
Q3295803,Martine Lignières-Cassou,"Lignières-Cassou, Martine",,,,Socialiste,socialiste,area/pyrénées-atlantiques_(1re),Pyrénées-Atlantiques (1re),Assemblée nationale,12,,,https://upload.wikimedia.org/wikipedia/commons/d/de/Martine_Lignières-Cassou.jpg,female
Q63275,Marylise Lebranchu,Marylise Lebranchu,,,,Socialiste,socialiste,area/finistère_(4e),Finistère (4e),Assemblée nationale,12,,,https://upload.wikimedia.org/wikipedia/commons/3/30/Marylise_Lebranchu_par_Claude_Truong-Ngoc_avril_2015.jpg,female
maryse_joissains-masini,Maryse Joissains-Masini,Maryse Joissains-Masini,,,,UMP,ump,area/bouches-du-rhône_(14e),Bouches-du-Rhône (14e),Assemblée nationale,12,,,,
maryvonne_briot,Maryvonne Briot,Maryvonne Briot,,,,UMP,ump,area/haute-saône_(2e),Haute-Saône (2e),Assemblée nationale,12,,,,
maurice_giro,Maurice Giro,Maurice Giro,,,,UMP,ump,area/vaucluse_(2e),Vaucluse (2e),Assemblée nationale,12,,,,
Q984381,Maurice Leroy,"Leroy, Maurice",,,,UDF,udf,area/loir-et-cher_(3e),Loir-et-Cher (3e),Assemblée nationale,12,,,https://upload.wikimedia.org/wikipedia/commons/d/db/Maurice-leroy-freeuse.jpg,male
max_roustan,Max Roustan,Max Roustan,,,,UMP,ump,area/gard_(4e),Gard (4e),Assemblée nationale,12,,,,
maxime_bono,Maxime Bono,Maxime Bono,,,,Socialiste,socialiste,area/charente-maritime_(1re),Charente-Maritime (1re),Assemblée nationale,12,,,,
maxime_gremetz,Maxime Gremetz,Maxime Gremetz,,,,Communiste,communiste,area/somme_(1re),Somme (1re),Assemblée nationale,12,,,,
michel_bouvard,Michel Bouvard,Michel Bouvard,,,,UMP,ump,area/savoie_(3e),Savoie (3e),Assemblée nationale,12,,,,
michel_buillard,Michel Buillard,Michel Buillard,,,,UMP,ump,area/polynésie_française_(1re),Polynésie française (1re),Assemblée nationale,12,,,,
michel_charzat,Michel Charzat,Michel Charzat,,,,Socialiste,socialiste,area/paris_(21re),Paris (21re),Assemblée nationale,12,,,,
michel_dasseux,Michel Dasseux,Michel Dasseux,,,,Socialiste,socialiste,area/dordogne_(1re),Dordogne (1re),Assemblée nationale,12,,,,
michel_delebarre,Michel Delebarre,Michel Delebarre,,,,Socialiste,socialiste,area/nord_(13e),Nord (13e),Assemblée nationale,12,,,,
Q959067,Michel Destot,"Destot, Michel",,,,Socialiste,socialiste,area/isère_(3e),Isère (3e),Assemblée nationale,12,,,https://upload.wikimedia.org/wikipedia/commons/a/a6/Michel_Destot_-_Critérium_du_Dauphiné_2012_-_Prologue.jpg,male
michel_diefenbacher,Michel Diefenbacher,Michel Diefenbacher,,,,UMP,ump,area/lot-et-garonne_(2e),Lot-et-Garonne (2e),Assemblée nationale,12,,,,
Q3309676,Michel Françaix,Francaix,,,,Socialiste,socialiste,area/oise_(3e),Oise (3e),Assemblée nationale,12,,,,male
Q962903,Michel Heinrich,"Heinrich, Michel",,,,UMP,ump,area/vosges_(1re),Vosges (1re),Assemblée nationale,12,,,https://upload.wikimedia.org/wikipedia/commons/6/6d/Michel_Heinrich_par_Claude_Truong-Ngoc_avril_2015.jpg,male
Q924976,Michel Herbillon,"Herbillon, Michel",,,,UMP,ump,area/val-de-marne_(8e),Val-de-Marne (8e),Assemblée nationale,12,,,https://upload.wikimedia.org/wikipedia/commons/4/44/Michel_Herbillon_lors_de_la_cérémonie_du_8_mai_2010-003.JPG,male
michel_hunault,Michel Hunault,Michel Hunault,,,,UMP,ump,area/loire-atlantique_(6e),Loire-Atlantique (6e),Assemblée nationale,12,,,,
Q3310168,Michel Lefait,"Lefait, Michel",,,,Socialiste,socialiste,area/pas-de-calais_(8e),Pas-de-Calais (8e),Assemblée nationale,12,,,,male
michel_lejeune,Michel Lejeune,Michel Lejeune,,,,UMP,ump,area/seine-maritime_(12e),Seine-Maritime (12e),Assemblée nationale,12,,,,
Q3310197,Michel Liebgott,"Liebgott, Michel",,,,Socialiste,socialiste,area/moselle_(10e),Moselle (10e),Assemblée nationale,12,,,https://upload.wikimedia.org/wikipedia/commons/3/3d/Michel-liebgott-photo-archives-rl_copie.jpg,male
Q3310508,Michel Pajon,"Pajon, Michel",,,,Socialiste,socialiste,area/seine-saint-denis_(13e),Seine-Saint-Denis (13e),Assemblée nationale,12,,,,male
Q3310603,Michel Piron,"Piron, Michel",,,,UMP,ump,area/maine-et-loire_(4e),Maine-et-Loire (4e),Assemblée nationale,12,,,,male
michel_raison,Michel Raison,Michel Raison,,,,UMP,ump,area/haute-saône_(3e),Haute-Saône (3e),Assemblée nationale,12,,,,
michel_roumegoux,Michel Roumegoux,Michel Roumegoux,,,,UMP,ump,area/lot_(1re),Lot (1re),Assemblée nationale,12,,,,
michel_sainte-marie,Michel Sainte-Marie,Michel Sainte-Marie,,,,Socialiste,socialiste,area/gironde_(6e),Gironde (6e),Assemblée nationale,12,,,,
Q3310886,Michel Sordi,"Sordi, Michel",,,,UMP,ump,area/haut-rhin_(7e),Haut-Rhin (7e),Assemblée nationale,12,,,,male
Q12939,Michel Terrot,"Terrot, Michel",,,,UMP,ump,area/rhône_(12e),Rhône (12e),Assemblée nationale,12,,,,male
michel_vaxès,Michel Vaxès,Michel Vaxès,,,,Communiste,communiste,area/bouches-du-rhône_(13e),Bouches-du-Rhône (13e),Assemblée nationale,12,,,,
Q2689072,Michel Vergnier,"Vergnier, Michel",,,,Socialiste,socialiste,area/creuse_(1re),Creuse (1re),Assemblée nationale,12,,,,male
Q3311094,Michel Voisin,"Voisin, Michel",,,,UMP,ump,area/ain_(4e),Ain (4e),Assemblée nationale,12,,,https://upload.wikimedia.org/wikipedia/commons/7/75/Michel_Voisin_-_2013_(cropped).jpg,male
Q3311135,Michel Zumkeller,"Zumkeller, Michel",,MichelZumkeller,michel.zumkeller.5,UMP,ump,area/territoire_de_belfort_(2e),Territoire de Belfort (2e),Assemblée nationale,12,,,https://upload.wikimedia.org/wikipedia/commons/b/ba/2013-09-17_21-17-14-meeting-nouveau-souffle-pour-belfort.jpg,male
Q2254052,Michèle Tabarot,"Tabarot, Michèle",,,,UMP,ump,area/alpes-maritimes_(9e),Alpes-Maritimes (9e),Assemblée nationale,12,,,https://upload.wikimedia.org/wikipedia/commons/5/5b/Michèle_Tabarot.jpg,female
muguette_jacquaint,Muguette Jacquaint,Muguette Jacquaint,,,,Communiste,communiste,area/seine-saint-denis_(3e),Seine-Saint-Denis (3e),Assemblée nationale,12,,,,
muriel_marland-militello,Muriel Marland-Militello,Muriel Marland-Militello,,,,UMP,ump,area/alpes-maritimes_(2e),Alpes-Maritimes (2e),Assemblée nationale,12,,,,
nadine_morano,Nadine Morano,Nadine Morano,,,,UMP,ump,area/meurthe-et-moselle_(5e),Meurthe-et-Moselle (5e),Assemblée nationale,12,,,,
Q268595,Nathalie Kosciusko-Morizet,"Kosciusko-Morizet, Nathalie",,nk_m,nkosciuskomorizet,UMP,ump,area/essonne_(4e),Essonne (4e),Assemblée nationale,12,,,https://upload.wikimedia.org/wikipedia/commons/1/11/Nathalie_Kosciusko-Morizet.jpg,female
Q12961,Nicolas Dupont-Aignan,"Dupont-Aignan, Nicolas",,dupontaignan,nicolasdupontaignan,UMP,ump,area/essonne_(8e),Essonne (8e),Assemblée nationale,12,,,https://upload.wikimedia.org/wikipedia/commons/8/88/Nicolas_Dupont-Aignan_DLR_2009-06-02_n1.jpg,male
nicolas_perruchot,Nicolas Perruchot,Nicolas Perruchot,,,,UDF,udf,area/loir-et-cher_(1re),Loir-et-Cher (1re),Assemblée nationale,12,,,,
Q965109,Noël Mamère,"Mamère, Noël",,,,Les Verts,les_verts,area/gironde_(3e),Gironde (3e),Assemblée nationale,12,,,https://upload.wikimedia.org/wikipedia/commons/1/1a/Noel.Mamere2006.JPG,male
odette_duriez,Odette Duriez,Odette Duriez,,,,Socialiste,socialiste,area/pas-de-calais_(11e),Pas-de-Calais (11e),Assemblée nationale,12,,,,
Q3349257,Odile Saugues,"Saugues, Odile",,,,Socialiste,socialiste,area/puy-de-dôme_(1re),Puy-de-Dôme (1re),Assemblée nationale,12,,,,female
Q3350961,Olivier Dassault,"Dassault, Olivier",,,,UMP,ump,area/oise_(1re),Oise (1re),Assemblée nationale,12,,,https://upload.wikimedia.org/wikipedia/commons/0/06/Olivier_Dassault.jpg,male
olivier_jardé,Olivier Jardé,Olivier Jardé,,,,UDF,udf,area/somme_(2e),Somme (2e),Assemblée nationale,12,,,,
pascal_ménage,Pascal Ménage,Pascal Ménage,,,,UMP,ump,area/indre-et-loire_(1re),Indre-et-Loire (1re),Assemblée nationale,12,,,,
Q2040280,Pascal Terrasse,"Terrasse, Pascal",,,,Socialiste,socialiste,area/ardèche_(1re),Ardèche (1re),Assemblée nationale,12,,,https://upload.wikimedia.org/wikipedia/commons/c/cf/Pascal_Terrasse_-_Débat_gaz_de_schiste.jpg,male
pascale_gruny,Pascale Gruny,Pascale Gruny,,,,UMP,ump,area/aisne_(2e),Aisne (2e),Assemblée nationale,12,,,,
Q3368994,Patrice Martin-Lalande,"Martin-Lalande, Patrice",,,,UMP,ump,area/loir-et-cher_(2e),Loir-et-Cher (2e),Assemblée nationale,12,,,https://upload.wikimedia.org/wikipedia/commons/e/e3/Patrice_Martin-Lalande.jpg,male
Q3369075,Patricia Adam,"Adam, Patricia",,,,Socialiste,socialiste,area/finistère_(2e),Finistère (2e),Assemblée nationale,12,,,https://upload.wikimedia.org/wikipedia/commons/c/c7/Patricia_Adam.jpg,female
patricia_burckhart-vandevelde,Patricia Burckhart-Vandevelde,Patricia Burckhart-Vandevelde,,,,UMP,ump,area/meurthe-et-moselle_(2e),Meurthe-et-Moselle (2e),Assemblée nationale,12,,,,
Q945181,Patrick Balkany,"Balkany, Patrick",,,,UMP,ump,area/hauts-de-seine_(5e),Hauts-de-Seine (5e),Assemblée nationale,12,,,https://upload.wikimedia.org/wikipedia/commons/f/fe/Balkany_Patrick_cropped.JPG,male
patrick_beaudouin,Patrick Beaudouin,Patrick Beaudouin,,,,UMP,ump,area/val-de-marne_(6e),Val-de-Marne (6e),Assemblée nationale,12,,,,
Q1887194,Patrick Bloche,"Bloche, Patrick",,,,Socialiste,socialiste,area/paris_(7e),Paris (7e),Assemblée nationale,12,,,https://upload.wikimedia.org/wikipedia/commons/f/f9/Bloche2006.jpg,male
patrick_braouezec,Patrick Braouezec,Patrick Braouezec,,,,Communiste,communiste,area/seine-saint-denis_(2e),Seine-Saint-Denis (2e),Assemblée nationale,12,,,,
patrick_delnatte,Patrick Delnatte,Patrick Delnatte,,,,UMP,ump,area/nord_(9e),Nord (9e),Assemblée nationale,12,,,,
Q1383590,Patrick Devedjian,"Devedjian, Patrick",,,,UMP,ump,area/hauts-de-seine_(13e),Hauts-de-Seine (13e),Assemblée nationale,12,,,https://upload.wikimedia.org/wikipedia/commons/9/9b/Patrick_Devedjian_2007_06_06_n1.jpg,male
patrick_herr,Patrick Herr,Patrick Herr,,,,UMP,ump,area/seine-maritime_(1re),Seine-Maritime (1re),Assemblée nationale,12,,,,
Q2733287,Patrick Labaune,"Labaune, Patrick",,,,UMP,ump,area/drôme_(1re),Drôme (1re),Assemblée nationale,12,,,https://upload.wikimedia.org/wikipedia/commons/7/78/Patrick_Labaune.jpg,male
Q3369623,Patrick Lemasle,"Lemasle, Patrick",,,,Socialiste,socialiste,area/haute-garonne_(7e),Haute-Garonne (7e),Assemblée nationale,12,,,https://upload.wikimedia.org/wikipedia/commons/2/28/2013-01-27_Patrick_Lemasle.jpg,male
Q976436,Patrick Ollier,"Ollier, Patrick",,,,UMP,ump,area/hauts-de-seine_(7e),Hauts-de-Seine (7e),Assemblée nationale,12,,,https://upload.wikimedia.org/wikipedia/commons/e/e0/Patrick_Ollier.jpg,male
patrick_roy,Patrick Roy,Patrick Roy,,,,Socialiste,socialiste,area/nord_(19e),Nord (19e),Assemblée nationale,12,,,,
paul_giacobbi,Paul Giacobbi,"Giacobbi, Paul",,,,Socialiste,socialiste,area/haute-corse_(2e),Haute-Corse (2e),Assemblée nationale,12,,,,
paul_quilès,Paul Quilès,Paul Quilès,,,,Socialiste,socialiste,area/tarn_(1re),Tarn (1re),Assemblée nationale,12,,,,
paul-henri_cugnenc,Paul-Henri Cugnenc,Paul-Henri Cugnenc,,,,UMP,ump,area/hérault_(6e),Hérault (6e),Assemblée nationale,12,,,,
paulette_guinchard-kunstler,Paulette Guinchard-Kunstler,Paulette Guinchard-Kunstler,,,,Socialiste,socialiste,area/doubs_(2e),Doubs (2e),Assemblée nationale,12,,,,
philippe_auberger,Philippe Auberger,Philippe Auberger,,,,UMP,ump,area/yonne_(3e),Yonne (3e),Assemblée nationale,12,,,,
Q3379439,Philippe Briand,"Briand, Philippe",,,,UMP,ump,area/indre-et-loire_(5e),Indre-et-Loire (5e),Assemblée nationale,12,,,https://upload.wikimedia.org/wikipedia/commons/5/5a/Philippe_Briand_-_Saint-Cyr-Loire_-_151014.jpg,male
Q12925,Philippe Cochet,"Cochet, Philippe",,PhilippeCochet,philippe.cochet.58,UMP,ump,area/rhône_(5e),Rhône (5e),Assemblée nationale,12,,,https://upload.wikimedia.org/wikipedia/commons/6/6e/Philippe_Cochet.JPG,male
philippe_dubourg,Philippe Dubourg,Philippe Dubourg,,,,UMP,ump,area/gironde_(9e),Gironde (9e),Assemblée nationale,12,,,,
philippe_edmond-mariette,Philippe Edmond-Mariette,Philippe Edmond-Mariette,,,,Non Inscrit,non_inscrit,area/martinique_(3e),Martinique (3e),Assemblée nationale,12,,,,
philippe_feneuil,Philippe Feneuil,Philippe Feneuil,,,,UMP,ump,area/marne_(2e),Marne (2e),Assemblée nationale,12,,,,
Q3379838,Philippe Folliot,"Folliot, Philippe",,,,UDF,udf,area/tarn_(3e),Tarn (3e),Assemblée nationale,12,,,,male
Q3380032,Philippe Houillon,"Houillon, Philippe",,,,UMP,ump,area/val-d'oise_(1re),Val-d'Oise (1re),Assemblée nationale,12,,,,male
philippe_martin,Philippe Martin,"Martin, Philippe",,,,Socialiste,socialiste,area/gers_(1re),Gers (1re),Assemblée nationale,12,,,,
philippe_martin,Philippe Martin,"Martin, Philippe",,,,UMP,ump,area/marne_(6e),Marne (6e),Assemblée nationale,12,,,,
philippe_pemezec,Philippe Pemezec,Philippe Pemezec,,,,UMP,ump,area/hauts-de-seine_(12e),Hauts-de-Seine (12e),Assemblée nationale,12,,,,
philippe_rouault,Philippe Rouault,Philippe Rouault,,,,UMP,ump,area/ille-et-vilaine_(3e),Ille-et-Vilaine (3e),Assemblée nationale,12,,,,
philippe_tourtelier,Philippe Tourtelier,Philippe Tourtelier,,,,Socialiste,socialiste,area/ille-et-vilaine_(2e),Ille-et-Vilaine (2e),Assemblée nationale,12,,,,
Q3380870,Philippe Vitel,"Vitel, Philippe",,,,UMP,ump,area/var_(2e),Var (2e),Assemblée nationale,12,,,https://upload.wikimedia.org/wikipedia/commons/1/12/Philippe_Vitel.jpg,male
philippe_vuilque,Philippe Vuilque,Philippe Vuilque,,,,Socialiste,socialiste,area/ardennes_(2e),Ardennes (2e),Assemblée nationale,12,,,,
pierre_albertini,Pierre Albertini,Pierre Albertini,,,,UDF,udf,area/seine-maritime_(2e),Seine-Maritime (2e),Assemblée nationale,12,,,,
pierre_amouroux,Pierre Amouroux,Pierre Amouroux,,,,UMP,ump,area/yvelines_(9e),Yvelines (9e),Assemblée nationale,12,,,,
pierre_bourguignon,Pierre Bourguignon,Pierre Bourguignon,,,,Socialiste,socialiste,area/seine-maritime_(3e),Seine-Maritime (3e),Assemblée nationale,12,,,,
pierre_bédier,Pierre Bédier,Pierre Bédier,,,,UMP,ump,area/yvelines_(8e),Yvelines (8e),Assemblée nationale,12,,,,
pierre_cardo,Pierre Cardo,Pierre Cardo,,,,UMP,ump,area/yvelines_(7e),Yvelines (7e),Assemblée nationale,12,,,,
pierre_cohen,Pierre Cohen,Pierre Cohen,,,,Socialiste,socialiste,area/haute-garonne_(3e),Haute-Garonne (3e),Assemblée nationale,12,,,,
pierre_ducout,Pierre Ducout,Pierre Ducout,,,,Socialiste,socialiste,area/gironde_(7e),Gironde (7e),Assemblée nationale,12,,,,
pierre_forgues,Pierre Forgues,Pierre Forgues,,,,Socialiste,socialiste,area/hautes-pyrénées_(1re),Hautes-Pyrénées (1re),Assemblée nationale,12,,,,
pierre_frogier,Pierre Frogier,Pierre Frogier,,,,UMP,ump,area/nouvelle-calédonie_(2e),Nouvelle-Calédonie (2e),Assemblée nationale,12,,,,
pierre_goldberg,Pierre Goldberg,Pierre Goldberg,,,,Communiste,communiste,area/allier_(2e),Allier (2e),Assemblée nationale,12,,,,
pierre_hellier,Pierre Hellier,Pierre Hellier,,,,UMP,ump,area/sarthe_(1re),Sarthe (1re),Assemblée nationale,12,,,,
pierre_hériaud,Pierre Hériaud,Pierre Hériaud,,,,UMP,ump,area/loire-atlantique_(9e),Loire-Atlantique (9e),Assemblée nationale,12,,,,
pierre_lang,Pierre Lang,Pierre Lang,,,,UMP,ump,area/moselle_(6e),Moselle (6e),Assemblée nationale,12,,,,
pierre_lasbordes,Pierre Lasbordes,Pierre Lasbordes,,,,UMP,ump,area/essonne_(5e),Essonne (5e),Assemblée nationale,12,,,,
Q784751,Pierre Lellouche,"Lellouche, Pierre",,,,UMP,ump,area/paris_(4e),Paris (4e),Assemblée nationale,12,,,https://upload.wikimedia.org/wikipedia/commons/4/44/Pierre_lellouche.jpg,male
Q3385940,Pierre Lequiller,"Lequiller, Pierre",,,,UMP,ump,area/yvelines_(4e),Yvelines (4e),Assemblée nationale,12,,,https://upload.wikimedia.org/wikipedia/commons/c/c5/Pierre_Lequiller_par_Claude_Truong-Ngoc_mai_2013.jpg,male
pierre_micaux,Pierre Micaux,Pierre Micaux,,,,UMP,ump,area/aube_(1re),Aube (1re),Assemblée nationale,12,,,,
Q3386344,Pierre Morange,"Morange, Pierre",,,,UMP,ump,area/yvelines_(6e),Yvelines (6e),Assemblée nationale,12,,,,male
Q1192864,Pierre Morel-A-L'Huissier,"Morel-A-L'Huissier, Pierre",,morelpierre,pierremorelalhuissier,UMP,ump,area/lozère_(2e),Lozère (2e),Assemblée nationale,12,,,https://upload.wikimedia.org/wikipedia/commons/2/23/Pierre_morel_a_l'huissier.jpg,male
pierre_méhaignerie,Pierre Méhaignerie,Pierre Méhaignerie,,,,UMP,ump,area/ille-et-vilaine_(5e),Ille-et-Vilaine (5e),Assemblée nationale,12,,,,
pierre-andré_périssol,Pierre-André Périssol,Pierre-André Périssol,,,,UMP,ump,area/allier_(1re),Allier (1re),Assemblée nationale,12,,,,
pierre-christophe_baguet,Pierre-Christophe Baguet,Pierre-Christophe Baguet,,,,Non Inscrit,non_inscrit,area/hauts-de-seine_(9e),Hauts-de-Seine (9e),Assemblée nationale,12,,,,
pierre-louis_fagniez,Pierre-Louis Fagniez,Pierre-Louis Fagniez,,,,UMP,ump,area/val-de-marne_(1re),Val-de-Marne (1re),Assemblée nationale,12,,,,
rené_bouin,René Bouin,René Bouin,,,,UMP,ump,area/maine-et-loire_(1re),Maine-et-Loire (1re),Assemblée nationale,12,,,,
rené_couanau,René Couanau,René Couanau,,,,UMP,ump,area/ille-et-vilaine_(7e),Ille-et-Vilaine (7e),Assemblée nationale,12,,,,
Q3426115,René Dosière,"Dosière, René",,,,Socialiste,socialiste,area/aisne_(1re),Aisne (1re),Assemblée nationale,12,,,https://upload.wikimedia.org/wikipedia/commons/8/82/René_Dosière_par_Claude_Truong-Ngoc_juin_2013.jpg,male
rené_galy-dejean,René Galy-Dejean,René Galy-Dejean,,,,UMP,ump,area/paris_(13e),Paris (13e),Assemblée nationale,12,,,,
Q3426851,René Rouquet,"Rouquet, René",,,,Socialiste,socialiste,area/val-de-marne_(9e),Val-de-Marne (9e),Assemblée nationale,12,,,,male
rené-paul_victoria,René-Paul Victoria,René-Paul Victoria,,,,UMP,ump,area/la_réunion_(1re),La Réunion (1re),Assemblée nationale,12,,,,
richard_cazenave,Richard Cazenave,Richard Cazenave,,,,UMP,ump,area/isère_(1re),Isère (1re),Assemblée nationale,12,,,,
richard_dell'agnola,Richard Dell'Agnola,Richard Dell'Agnola,,,,UMP,ump,area/val-de-marne_(12e),Val-de-Marne (12e),Assemblée nationale,12,,,,
richard_mallié,Richard Mallié,Richard Mallié,,,,UMP,ump,area/bouches-du-rhône_(10e),Bouches-du-Rhône (10e),Assemblée nationale,12,,,,
robert_diat,Robert Diat,Robert Diat,,,,UMP,ump,area/loire-atlantique_(5e),Loire-Atlantique (5e),Assemblée nationale,12,,,,
robert_lamy,Robert Lamy,Robert Lamy,,,,UMP,ump,area/rhône_(8e),Rhône (8e),Assemblée nationale,12,,,,
robert_lecou,Robert Lecou,Robert Lecou,,,,UMP,ump,area/hérault_(4e),Hérault (4e),Assemblée nationale,12,,,,
robert_pandraud,Robert Pandraud,Robert Pandraud,,,,UMP,ump,area/seine-saint-denis_(8e),Seine-Saint-Denis (8e),Assemblée nationale,12,,,,
rodolphe_thomas,Rodolphe Thomas,Rodolphe Thomas,,,,UDF,udf,area/calvados_(2e),Calvados (2e),Assemblée nationale,12,,,,
roger_boullonnois,Roger Boullonnois,Roger Boullonnois,,,,UMP,ump,area/seine-et-marne_(6e),Seine-et-Marne (6e),Assemblée nationale,12,,,,
Q3438605,Roger-Gérard Schwartzenberg,"Schwartzenberg, Roger-Gérard",,,,Socialiste,socialiste,area/val-de-marne_(3e),Val-de-Marne (3e),Assemblée nationale,12,,,https://upload.wikimedia.org/wikipedia/commons/d/d8/Portrait_Roger-Gérard_Schwartzenberg.jpg,male
roland_blum,Roland Blum,Roland Blum,,,,UMP,ump,area/bouches-du-rhône_(1re),Bouches-du-Rhône (1re),Assemblée nationale,12,,,,
roland_chassain,Roland Chassain,Roland Chassain,,,,UMP,ump,area/bouches-du-rhône_(16e),Bouches-du-Rhône (16e),Assemblée nationale,12,,,,
Q1862692,Rudy Salles,"Salles, Rudy",,,,UDF,udf,area/alpes-maritimes_(3e),Alpes-Maritimes (3e),Assemblée nationale,12,,,https://upload.wikimedia.org/wikipedia/commons/a/a8/Photo_RS.JPG,male
serge_blisko,Serge Blisko,Serge Blisko,,,,Socialiste,socialiste,area/paris_(10e),Paris (10e),Assemblée nationale,12,,,,
Q3479338,Serge Grouard,"Grouard, Serge",,,,UMP,ump,area/loiret_(2e),Loiret (2e),Assemblée nationale,12,,,,male
Q3479364,Serge Janquin,"Janquin, Serge",,,,Socialiste,socialiste,area/pas-de-calais_(10e),Pas-de-Calais (10e),Assemblée nationale,12,,,,male
serge_poignant,Serge Poignant,Serge Poignant,,,,UMP,ump,area/loire-atlantique_(10e),Loire-Atlantique (10e),Assemblée nationale,12,,,,
serge_roques,Serge Roques,Serge Roques,,,,UMP,ump,area/aveyron_(2e),Aveyron (2e),Assemblée nationale,12,,,,
simon_renucci,Simon Renucci,Simon Renucci,,,,Socialiste,socialiste,area/corse-du-sud_(1re),Corse-du-Sud (1re),Assemblée nationale,12,,,,
Q3501722,Stéphane Demilly,"Demilly, Stéphane",,,,UDF,udf,area/somme_(5e),Somme (5e),Assemblée nationale,12,,,https://upload.wikimedia.org/wikipedia/commons/9/9c/FIERS_ALBERTINS(15).JPG,male
sylvia_bassot,Sylvia Bassot,Sylvia Bassot,,,,UMP,ump,area/orne_(3e),Orne (3e),Assemblée nationale,12,,,,
sylvie_andrieux-bacquet,Sylvie Andrieux-Bacquet,Sylvie Andrieux-Bacquet,,,,Socialiste,socialiste,area/bouches-du-rhône_(7e),Bouches-du-Rhône (7e),Assemblée nationale,12,,,,
Q3510140,Sébastien Huyghe,"Huyghe, Sébastien",,SebastienHuyghe,shuyghe.depute,UMP,ump,area/nord_(5e),Nord (5e),Assemblée nationale,12,,,https://upload.wikimedia.org/wikipedia/commons/1/11/Sébastien_Huyghe_(photo_version_2).jpg,male
ségolène_royal,Ségolène Royal,Ségolène Royal,,,,Socialiste,socialiste,area/deux-sèvres_(2e),Deux-Sèvres (2e),Assemblée nationale,12,,,,
thierry_carcenac,Thierry Carcenac,Thierry Carcenac,,,,Socialiste,socialiste,area/tarn_(2e),Tarn (2e),Assemblée nationale,12,,,,
Q3524375,Thierry Lazaro,"Lazaro, Thierry",,,,UMP,ump,area/nord_(6e),Nord (6e),Assemblée nationale,12,,,https://upload.wikimedia.org/wikipedia/commons/d/d5/Thierry_Lazaro_&_Louis_de_Bourbon.jpg,male
Q63655,Thierry Mariani,"Mariani, Thierry",,ThierryMARIANI,,UMP,ump,area/vaucluse_(4e),Vaucluse (4e),Assemblée nationale,12,,,https://upload.wikimedia.org/wikipedia/commons/5/57/Thierry_Mariani.png,male
tony_dreyfus,Tony Dreyfus,Tony Dreyfus,,,,Socialiste,socialiste,area/paris_(5e),Paris (5e),Assemblée nationale,12,,,,
Q455023,Valérie Pécresse,"Pécresse, Valérie",,vpecresse,vpecresse,UMP,ump,area/yvelines_(2e),Yvelines (2e),Assemblée nationale,12,,,https://upload.wikimedia.org/wikipedia/commons/a/a9/UMP_regional_elections_Paris_2010-01-21_n11.jpg,female
victor_brial,Victor Brial,Victor Brial,,,,UMP,ump,area/wallis-et-futuna_(1re),Wallis-et-Futuna (1re),Assemblée nationale,12,,,,
Q983563,Victorin Lurel,"Lurel, Victorin",,,,Socialiste,socialiste,area/guadeloupe_(4e),Guadeloupe (4e),Assemblée nationale,12,,,https://upload.wikimedia.org/wikipedia/commons/2/20/Victorin_Lurel_2.jpg,male
vincent_rolland,Vincent Rolland,Vincent Rolland,,,,UMP,ump,area/savoie_(2e),Savoie (2e),Assemblée nationale,12,,,,
Q3564277,Véronique Besse,"Besse, Véronique",,veroniquebesse,veronique.besse.85,Non Inscrit,non_inscrit,area/vendée_(4e),Vendée (4e),Assemblée nationale,12,,,https://upload.wikimedia.org/wikipedia/commons/5/54/Véronique_Besse_Vendée_wikipedia.jpg,female
Q1324990,William Dumas,"Dumas, William",,,,Socialiste,socialiste,area/gard_(5e),Gard (5e),Assemblée nationale,12,,,,male
xavier_de_roux,Xavier de Roux,Xavier de Roux,,,,UMP,ump,area/charente-maritime_(3e),Charente-Maritime (3e),Assemblée nationale,12,,,,
Q3571749,Yannick Favennec,"Favennec, Yannick",,,,UMP,ump,area/mayenne_(3e),Mayenne (3e),Assemblée nationale,12,,,https://upload.wikimedia.org/wikipedia/commons/d/d7/Yannick_FAVENNEC_député_de_la_Mayenne.jpg,male
yvan_lachaud,Yvan Lachaud,Yvan Lachaud,,,,UDF,udf,area/gard_(1re),Gard (1re),Assemblée nationale,12,,,,
yves_boisseau,Yves Boisseau,Yves Boisseau,,,,UMP,ump,area/calvados_(6e),Calvados (6e),Assemblée nationale,12,,,,
yves_bur,Yves Bur,Yves Bur,,,,UMP,ump,area/bas-rhin_(4e),Bas-Rhin (4e),Assemblée nationale,12,,,,
Q2271848,Yves Censi,"Censi, Yves",,,,UMP,ump,area/aveyron_(1re),Aveyron (1re),Assemblée nationale,12,,,https://upload.wikimedia.org/wikipedia/commons/f/f6/Yves_Censi_-_Sarkozy's_meeting_in_Toulouse_for_the_2007_French_presidential_election_0082_2007-04-12.jpg,male
yves_cochet,Yves Cochet,Yves Cochet,,,,Les Verts,les_verts,area/paris_(11re),Paris (11re),Assemblée nationale,12,,,,
yves_coussain,Yves Coussain,Yves Coussain,,,,UMP,ump,area/cantal_(1re),Cantal (1re),Assemblée nationale,12,,,,
yves_deniaud,Yves Deniaud,Yves Deniaud,,,,UMP,ump,area/orne_(1re),Orne (1re),Assemblée nationale,12,,,,
yves_durand,Yves Durand,"Durand, Yves",,,,Socialiste,socialiste,area/nord_(11re),Nord (11re),Assemblée nationale,12,,,,
Q2482462,Yves Fromion,"Fromion, Yves",,,,UMP,ump,area/cher_(1re),Cher (1re),Assemblée nationale,12,,,,male
Q636424,Yves Jégo,"Jégo, Yves",,,,UMP,ump,area/seine-et-marne_(3e),Seine-et-Marne (3e),Assemblée nationale,12,,,https://upload.wikimedia.org/wikipedia/commons/0/0c/UMP_meeting_Paris_regional_elections_2010-03-17_n13.jpg,male
Q3573878,Yves Nicolin,"Nicolin, Yves",,,,UMP,ump,area/loire_(5e),Loire (5e),Assemblée nationale,12,,,https://upload.wikimedia.org/wikipedia/commons/4/40/Yves_Nicolin.JPG,male
yves_simon,Yves Simon,Yves Simon,,,,UMP,ump,area/allier_(3e),Allier (3e),Assemblée nationale,12,,,,
Édouard_balladur,Édouard Balladur,Édouard Balladur,,,,UMP,ump,area/paris_(12e),Paris (12e),Assemblée nationale,12,,,,
Q274276,Édouard Courtial,"Courtial, Édouard",,EdouardCourtial,EdouardCourtialDepute,UMP,ump,area/oise_(7e),Oise (7e),Assemblée nationale,12,,,https://upload.wikimedia.org/wikipedia/commons/4/4a/Edouard_Courtial.jpg,male
Édouard_jacque,Édouard Jacque,Édouard Jacque,,,,UMP,ump,area/meurthe-et-moselle_(7e),Meurthe-et-Moselle (7e),Assemblée nationale,12,,,,
Édouard_landrain,Édouard Landrain,Édouard Landrain,,,,UMP,ump,area/loire-atlantique_(5e),Loire-Atlantique (5e),Assemblée nationale,12,,,,
Édouard_leveau,Édouard Leveau,Édouard Leveau,,,,UMP,ump,area/seine-maritime_(11re),Seine-Maritime (11re),Assemblée nationale,12,,,,
Q274689,Élisabeth Guigou,"Guigou, Élisabeth",,,,Socialiste,socialiste,area/seine-saint-denis_(9e),Seine-Saint-Denis (9e),Assemblée nationale,12,,,https://upload.wikimedia.org/wikipedia/commons/1/15/Socialist_rally_Zenith_2007_05_29_n11.jpg,female
Émile_blessig,Émile Blessig,Émile Blessig,,,,UMP,ump,area/bas-rhin_(7e),Bas-Rhin (7e),Assemblée nationale,12,,,,
Émile_zuccarelli,Émile Zuccarelli,Émile Zuccarelli,,,,Non Inscrit,non_inscrit,area/haute-corse_(1re),Haute-Corse (1re),Assemblée nationale,12,,,,
Éric_besson,Éric Besson,Éric Besson,,,,Non Inscrit,non_inscrit,area/drôme_(2e),Drôme (2e),Assemblée nationale,12,,,,
Éric_diard,Éric Diard,Éric Diard,,,,UMP,ump,area/bouches-du-rhône_(12e),Bouches-du-Rhône (12e),Assemblée nationale,12,,,,
Q3591191,Éric Jalton,"Jalton, Éric",,,,Non Inscrit,non_inscrit,area/guadeloupe_(1re),Guadeloupe (1re),Assemblée nationale,12,,,https://upload.wikimedia.org/wikipedia/commons/8/82/Ericjalton.jpg,male
Éric_raoult,Éric Raoult,Éric Raoult,,,,UMP,ump,area/seine-saint-denis_(12e),Seine-Saint-Denis (12e),Assemblée nationale,12,,,,
Q288486,Éric Woerth,"Woerth, Éric",,,,UMP,ump,area/oise_(4e),Oise (4e),Assemblée nationale,12,,,https://upload.wikimedia.org/wikipedia/commons/b/b5/Éric_Woerth_2.jpg,male
Q1590383,Étienne Blanc,"Blanc, Étienne",,,,UMP,ump,area/ain_(3e),Ain (3e),Assemblée nationale,12,,,https://upload.wikimedia.org/wikipedia/commons/d/da/Blanc_Etienne-001.jpg,male
Étienne_mourrut,Étienne Mourrut,Étienne Mourrut,,,,UMP,ump,area/gard_(2e),Gard (2e),Assemblée nationale,12,,,,
Étienne_pinte,Étienne Pinte,Étienne Pinte,,,,UMP,ump,area/yvelines_(1re),Yvelines (1re),Assemblée nationale,12,,,,
