id,name,sort_name,email,twitter,facebook,group,group_id,area_id,area,chamber,term,start_date,end_date,image,gender
adrien_durand,Adrien Durand,Adrien Durand,,,,UDF,udf,area/lozère,Lozère,Assemblée nationale,7,,,,
adrien_zeller,Adrien Zeller,Adrien Zeller,,,,Non Inscrit,non_inscrit,area/bas-rhin,Bas-Rhin,Assemblée nationale,7,,,,
adrienne_horvath,Adrienne Horvath,Adrienne Horvath,,,,PCF,pcf,area/gard,Gard,Assemblée nationale,7,,,,
aimé_césaire,Aimé Césaire,Aimé Césaire,,,,PS,ps,area/martinique,Martinique,Assemblée nationale,7,,,,
aimé_kergueris,Aimé Kergueris,Aimé Kergueris,,,,UDF,udf,area/morbihan,Morbihan,Assemblée nationale,7,,,,
alain_billon,Alain Billon,Alain Billon,,,,PS,ps,area/paris,Paris,Assemblée nationale,7,,,,
Q2829584,Alain Bocquet,"Bocquet, Alain",,,,PCF,pcf,area/nord,Nord,Assemblée nationale,7,,,https://upload.wikimedia.org/wikipedia/commons/b/b7/Wallers_-_Reconnaissance_du_parcours_du_Paris-Roubaix_le_7_avril_2014_(019).JPG,male
alain_bonnet,Alain Bonnet,Alain Bonnet,,,,PS,ps,area/dordogne,Dordogne,Assemblée nationale,7,,,,
alain_brune,Alain Brune,Alain Brune,,,,PS,ps,area/jura,Jura,Assemblée nationale,7,,,,
alain_chénard,Alain Chénard,Alain Chénard,,,,PS,ps,area/loire-atlantique,Loire-Atlantique,Assemblée nationale,7,,,,
alain_faugaret,Alain Faugaret,Alain Faugaret,,,,PS,ps,area/nord,Nord,Assemblée nationale,7,,,,
alain_hautecœur,Alain Hautecœur,Alain Hautecœur,,,,PS,ps,area/var,Var,Assemblée nationale,7,,,,
alain_journet,Alain Journet,Alain Journet,,,,PS,ps,area/gard,Gard,Assemblée nationale,7,,,,
alain_madelin,Alain Madelin,Alain Madelin,,,,UDF,udf,area/ille-et-vilaine,Ille-et-Vilaine,Assemblée nationale,7,,,,
alain_mayoud,Alain Mayoud,Alain Mayoud,,,,UDF,udf,area/rhône,Rhône,Assemblée nationale,7,,,,
alain_peyrefitte,Alain Peyrefitte,Alain Peyrefitte,,,,RPR,rpr,area/seine-et-marne,Seine-et-Marne,Assemblée nationale,7,,,,
alain_richard,Alain Richard,Alain Richard,,,,PS,ps,area/val-d'oise,Val-d'Oise,Assemblée nationale,7,,,,
Q2830248,Alain Rodet,"Rodet, Alain",,,,PS,ps,area/haute-vienne,Haute-Vienne,Assemblée nationale,7,,,https://upload.wikimedia.org/wikipedia/commons/b/b6/Alain_Rodet_2012.JPG,male
alain_savary,Alain Savary,Alain Savary,,,,PS,ps,area/haute-garonne,Haute-Garonne,Assemblée nationale,7,,,,
alain_vivien,Alain Vivien,Alain Vivien,,,,PS,ps,area/seine-et-marne,Seine-et-Marne,Assemblée nationale,7,,,,
albert_brochard,Albert Brochard,Albert Brochard,,,,UDF,udf,area/deux-sèvres,Deux-Sèvres,Assemblée nationale,7,,,,
albert_chaubard,Albert Chaubard,Albert Chaubard,,,,PS,ps,area/allier,Allier,Assemblée nationale,7,,,,
albert_denvers,Albert Denvers,Albert Denvers,,,,PS,ps,area/nord,Nord,Assemblée nationale,7,,,,
albert_pen,Albert Pen,Albert Pen,,,,PS,ps,area/saint-pierre-et-miquelon,Saint-Pierre-et-Miquelon,Assemblée nationale,7,,,,
alex_raymond_(homme_politique),Alex Raymond (homme politique),Alex Raymond (homme politique),,,,PS,ps,area/haute-garonne,Haute-Garonne,Assemblée nationale,7,,,,
amédée_renault,Amédée Renault,Amédée Renault,,,,PS,ps,area/indre,Indre,Assemblée nationale,7,,,,
andré_audinot,André Audinot,André Audinot,,,,Non Inscrit,non_inscrit,area/somme,Somme,Assemblée nationale,7,,,,
andré_bellon,André Bellon,André Bellon,,,,PS,ps,area/alpes-de-haute-provence,Alpes-de-Haute-Provence,Assemblée nationale,7,,,,
andré_billardon,André Billardon,André Billardon,,,,PS,ps,area/saône-et-loire,Saône-et-Loire,Assemblée nationale,7,,,,
andré_borel,André Borel,André Borel,,,,PS,ps,area/vaucluse,Vaucluse,Assemblée nationale,7,,,,
andré_cellard,André Cellard,André Cellard,,,,PS,ps,area/gers,Gers,Assemblée nationale,7,,,,
andré_chandernagor,André Chandernagor,André Chandernagor,,,,PS,ps,area/creuse,Creuse,Assemblée nationale,7,,,,
andré_delehedde,André Delehedde,André Delehedde,,,,PS,ps,area/pas-de-calais,Pas-de-Calais,Assemblée nationale,7,,,,
andré_delelis,André Delelis,André Delelis,,,,PS,ps,area/pas-de-calais,Pas-de-Calais,Assemblée nationale,7,,,,
andré_duroméa,André Duroméa,André Duroméa,,,,PCF,pcf,area/seine-maritime,Seine-Maritime,Assemblée nationale,7,,,,
andré_durr,André Durr,André Durr,,,,RPR,rpr,area/bas-rhin,Bas-Rhin,Assemblée nationale,7,,,,
andré_labarrère,André Labarrère,André Labarrère,,,,PS,ps,area/pyrénées-atlantiques,Pyrénées-Atlantiques,Assemblée nationale,7,,,,
andré_laignel,André Laignel,André Laignel,,,,PS,ps,area/nièvre,Nièvre,Assemblée nationale,7,,,,
andré_lajoinie,André Lajoinie,André Lajoinie,,,,PCF,pcf,area/allier,Allier,Assemblée nationale,7,,,,
andré_laurent,André Laurent,André Laurent,,,,PS,ps,area/nord,Nord,Assemblée nationale,7,,,,
andré_lejeune,André Lejeune,André Lejeune,,,,PS,ps,area/creuse,Creuse,Assemblée nationale,7,,,,
andré_lotte,André Lotte,André Lotte,,,,PS,ps,area/saône-et-loire,Saône-et-Loire,Assemblée nationale,7,,,,
andré_rossinot,André Rossinot,André Rossinot,,,,UDF,udf,area/meurthe-et-moselle,Meurthe-et-Moselle,Assemblée nationale,7,,,,
andré_soury,André Soury,André Soury,,,,PCF,pcf,area/charente,Charente,Assemblée nationale,7,,,,
andré_tourné,André Tourné,André Tourné,,,,PCF,pcf,area/pyrénées-orientales,Pyrénées-Orientales,Assemblée nationale,7,,,,
annette_chépy-léger,Annette Chépy-Léger,Annette Chépy-Léger,,,,PS,ps,area/marne,Marne,Assemblée nationale,7,,,,
antoine_gissinger,Antoine Gissinger,Antoine Gissinger,,,,RPR,rpr,area/haut-rhin,Haut-Rhin,Assemblée nationale,7,,,,
arthur_notebart,Arthur Notebart,Arthur Notebart,,,,PS,ps,area/nord,Nord,Assemblée nationale,7,,,,
augustin_bonrepaux,Augustin Bonrepaux,Augustin Bonrepaux,,,,PS,ps,area/ariège,Ariège,Assemblée nationale,7,,,,
benjamin_brial,Benjamin Brial,Benjamin Brial,,,,RPR,rpr,area/wallis_et_futuna,Wallis et Futuna,Assemblée nationale,7,,,,
bernard_bardin,Bernard Bardin,Bernard Bardin,,,,PS,ps,area/nièvre,Nièvre,Assemblée nationale,7,,,,
bernard_charles,Bernard Charles,Bernard Charles,,,,PS,ps,area/lot,Lot,Assemblée nationale,7,,,,
bernard_derosier,Bernard Derosier,Bernard Derosier,,,,PS,ps,area/nord,Nord,Assemblée nationale,7,,,,
bernard_lefranc,Bernard Lefranc,Bernard Lefranc,,,,PS,ps,area/aisne,Aisne,Assemblée nationale,7,,,,
bernard_madrelle,Bernard Madrelle,Bernard Madrelle,,,,PS,ps,area/gironde,Gironde,Assemblée nationale,7,,,,
bernard_montergnole,Bernard Montergnole,Bernard Montergnole,,,,PS,ps,area/isère,Isère,Assemblée nationale,7,,,,
bernard_poignant,Bernard Poignant,Bernard Poignant,,,,PS,ps,area/finistère,Finistère,Assemblée nationale,7,,,,
bernard_pons,Bernard Pons,Bernard Pons,,,,RPR,rpr,area/lot,Lot,Assemblée nationale,7,,,,
bernard_rocher,Bernard Rocher,Bernard Rocher,,,,RPR,rpr,area/paris,Paris,Assemblée nationale,7,,,,
bernard_schreiner,Bernard Schreiner,Bernard Schreiner,,,,PS,ps,area/yvelines,Yvelines,Assemblée nationale,7,,,,
bernard_stasi,Bernard Stasi,Bernard Stasi,,,,UDF,udf,area/marne,Marne,Assemblée nationale,7,,,,
bernard_villette,Bernard Villette,Bernard Villette,,,,PS,ps,area/charente,Charente,Assemblée nationale,7,,,,
berthe_fiévet,Berthe Fiévet,Berthe Fiévet,,,,PS,ps,area/cher,Cher,Assemblée nationale,7,,,,
bertrand_delanoë,Bertrand Delanoë,Bertrand Delanoë,,,,PS,ps,area/paris,Paris,Assemblée nationale,7,,,,
bruno_bourg-broc,Bruno Bourg-Broc,Bruno Bourg-Broc,,,,RPR,rpr,area/marne,Marne,Assemblée nationale,7,,,,
bruno_vennin,Bruno Vennin,Bruno Vennin,,,,PS,ps,area/loire,Loire,Assemblée nationale,7,,,,
camille_petit,Camille Petit,Camille Petit,,,,RPR,rpr,area/martinique,Martinique,Assemblée nationale,7,,,,
catherine_lalumière,Catherine Lalumière,Catherine Lalumière,,,,PS,ps,area/gironde,Gironde,Assemblée nationale,7,,,,
charles_deprez,Charles Deprez,Charles Deprez,,,,UDF,udf,area/hauts-de-seine,Hauts-de-Seine,Assemblée nationale,7,,,,
charles_fèvre,Charles Fèvre,Charles Fèvre,,,,UDF,udf,area/haute-marne,Haute-Marne,Assemblée nationale,7,,,,
charles_haby,Charles Haby,Charles Haby,,,,RPR,rpr,area/haut-rhin,Haut-Rhin,Assemblée nationale,7,,,,
charles_hernu,Charles Hernu,Charles Hernu,,,,PS,ps,area/rhône,Rhône,Assemblée nationale,7,,,,
charles_josselin,Charles Josselin,Charles Josselin,,,,PS,ps,area/côtes-du-nord,Côtes-du-Nord,Assemblée nationale,7,,,,
charles_metzinger,Charles Metzinger,Charles Metzinger,,,,PS,ps,area/moselle,Moselle,Assemblée nationale,7,,,,
charles_millon,Charles Millon,Charles Millon,,,,UDF,udf,area/ain,Ain,Assemblée nationale,7,,,,
charles_miossec,Charles Miossec,Charles Miossec,,,,RPR,rpr,area/finistère,Finistère,Assemblée nationale,7,,,,
charles_paccou,Charles Paccou,Charles Paccou,,,,RPR,rpr,area/nord,Nord,Assemblée nationale,7,,,,
charles_pistre,Charles Pistre,Charles Pistre,,,,PS,ps,area/tarn,Tarn,Assemblée nationale,7,,,,
charles_reboul,Charles Reboul,Charles Reboul,,,,PS,ps,area/vaucluse,Vaucluse,Assemblée nationale,7,,,,
christian_bergelin,Christian Bergelin,Christian Bergelin,,,,RPR,rpr,area/haute-saône,Haute-Saône,Assemblée nationale,7,,,,
christian_bonnet,Christian Bonnet,Christian Bonnet,,,,UDF,udf,area/morbihan,Morbihan,Assemblée nationale,7,,,,
christian_goux,Christian Goux,Christian Goux,,,,PS,ps,area/var,Var,Assemblée nationale,7,,,,
christian_laurissergues,Christian Laurissergues,Christian Laurissergues,,,,PS,ps,area/lot-et-garonne,Lot-et-Garonne,Assemblée nationale,7,,,,
christian_nucci,Christian Nucci,Christian Nucci,,,,PS,ps,area/isère,Isère,Assemblée nationale,7,,,,
christian_pierret,Christian Pierret,Christian Pierret,,,,PS,ps,area/vosges,Vosges,Assemblée nationale,7,,,,
christiane_mora,Christiane Mora,Christiane Mora,,,,PS,ps,area/indre-et-loire,Indre-et-Loire,Assemblée nationale,7,,,,
Q1096496,Claude Bartolone,"Bartolone, Claude",,claudebartolone,cbartolone,PS,ps,area/seine-saint-denis,Seine-Saint-Denis,Assemblée nationale,7,,,https://upload.wikimedia.org/wikipedia/commons/5/58/Claude_Bartolone.jpg,male
claude_birraux,Claude Birraux,Claude Birraux,,,,UDF,udf,area/haute-savoie,Haute-Savoie,Assemblée nationale,7,,,,
claude_estier,Claude Estier,Claude Estier,,,,PS,ps,area/paris,Paris,Assemblée nationale,7,,,,
claude_germon,Claude Germon,Claude Germon,,,,PS,ps,area/essonne,Essonne,Assemblée nationale,7,,,,
claude_labbé,Claude Labbé,Claude Labbé,,,,RPR,rpr,area/hauts-de-seine,Hauts-de-Seine,Assemblée nationale,7,,,,
claude_michel,Claude Michel,Claude Michel,,,,PS,ps,area/eure,Eure,Assemblée nationale,7,,,,
claude_wilquin,Claude Wilquin,Claude Wilquin,,,,PS,ps,area/pas-de-calais,Pas-de-Calais,Assemblée nationale,7,,,,
claude_wolff,Claude Wolff,Claude Wolff,,,,UDF,udf,area/puy-de-dôme,Puy-de-Dôme,Assemblée nationale,7,,,,
claude_Évin,Claude Évin,Claude Évin,,,,PS,ps,area/loire-atlantique,Loire-Atlantique,Assemblée nationale,7,,,,
claude-gérard_marcus,Claude-Gérard Marcus,Claude-Gérard Marcus,,,,RPR,rpr,area/paris,Paris,Assemblée nationale,7,,,,
colette_goeuriot,Colette Goeuriot,Colette Goeuriot,,,,PCF,pcf,area/meurthe-et-moselle,Meurthe-et-Moselle,Assemblée nationale,7,,,,
daniel_benoist,Daniel Benoist,Daniel Benoist,,,,PS,ps,area/nièvre,Nièvre,Assemblée nationale,7,,,,
daniel_chevallier,Daniel Chevallier,Daniel Chevallier,,,,PS,ps,area/hautes-alpes,Hautes-Alpes,Assemblée nationale,7,,,,
daniel_goulet,Daniel Goulet,Daniel Goulet,,,,RPR,rpr,area/orne,Orne,Assemblée nationale,7,,,,
daniel_le_meur,Daniel Le Meur,Daniel Le Meur,,,,PCF,pcf,area/aisne,Aisne,Assemblée nationale,7,,,,
didier_chouat,Didier Chouat,Didier Chouat,,,,PS,ps,area/côtes-du-nord,Côtes-du-Nord,Assemblée nationale,7,,,,
didier_julia,Didier Julia,Didier Julia,,,,RPR,rpr,area/seine-et-marne,Seine-et-Marne,Assemblée nationale,7,,,,
dominique_dupilet,Dominique Dupilet,Dominique Dupilet,,,,PS,ps,area/pas-de-calais,Pas-de-Calais,Assemblée nationale,7,,,,
dominique_frelaut,Dominique Frelaut,Dominique Frelaut,,,,PCF,pcf,area/hauts-de-seine,Hauts-de-Seine,Assemblée nationale,7,,,,
dominique_taddéi,Dominique Taddéi,Dominique Taddéi,,,,PS,ps,area/vaucluse,Vaucluse,Assemblée nationale,7,,,,
edmond_alphandéry,Edmond Alphandéry,Edmond Alphandéry,,,,UDF,udf,area/maine-et-loire,Maine-et-Loire,Assemblée nationale,7,,,,
edmond_garcin,Edmond Garcin,Edmond Garcin,,,,PCF,pcf,area/bouches-du-rhône,Bouches-du-Rhône,Assemblée nationale,7,,,,
edmond_hervé,Edmond Hervé,Edmond Hervé,,,,PS,ps,area/ille-et-vilaine,Ille-et-Vilaine,Assemblée nationale,7,,,,
edmond_vacant,Edmond Vacant,Edmond Vacant,,,,PS,ps,area/puy-de-dôme,Puy-de-Dôme,Assemblée nationale,7,,,,
edouard_frédéric-dupont,Edouard Frédéric-Dupont,Edouard Frédéric-Dupont,,,,RPR,rpr,area/paris,Paris,Assemblée nationale,7,,,,
edwige_avice,Edwige Avice,Edwige Avice,,,,PS,ps,area/loire,Loire,Assemblée nationale,7,,,,
elie_castor,Elie Castor,Elie Castor,,,,PS,ps,area/guyane,Guyane,Assemblée nationale,7,,,,
emile_jourdan,Emile Jourdan,Emile Jourdan,,,,PCF,pcf,area/gard,Gard,Assemblée nationale,7,,,,
emmanuel_aubert,Emmanuel Aubert,Emmanuel Aubert,,,,RPR,rpr,area/alpes-maritimes,Alpes-Maritimes,Assemblée nationale,7,,,,
emmanuel_hamel,Emmanuel Hamel,Emmanuel Hamel,,,,UDF,udf,area/rhône,Rhône,Assemblée nationale,7,,,,
ernest_moutoussamy,Ernest Moutoussamy,Ernest Moutoussamy,,,,PCF,pcf,area/guadeloupe,Guadeloupe,Assemblée nationale,7,,,,
etienne_pinte,Etienne Pinte,Etienne Pinte,,,,RPR,rpr,area/yvelines,Yvelines,Assemblée nationale,7,,,,
florence_d'harcourt,Florence d'Harcourt,Florence d'Harcourt,,,,RPR,rpr,area/hauts-de-seine,Hauts-de-Seine,Assemblée nationale,7,,,,
francis_geng,Francis Geng,Francis Geng,,,,UDF,udf,area/orne,Orne,Assemblée nationale,7,,,,
francisque_perrut,Francisque Perrut,Francisque Perrut,,,,UDF,udf,area/rhône,Rhône,Assemblée nationale,7,,,,
françois_abadie,François Abadie,François Abadie,,,,PS,ps,area/hautes-pyrénées,Hautes-Pyrénées,Assemblée nationale,7,,,,
Q3083854,François Asensi,"Asensi, François",,,,PCF,pcf,area/seine-saint-denis,Seine-Saint-Denis,Assemblée nationale,7,,,,male
françois_autain,François Autain,François Autain,,,,PS,ps,area/loire-atlantique,Loire-Atlantique,Assemblée nationale,7,,,,
Q101410,François Fillon,"Fillon, François",,FrancoisFillon,fillon.francois,RPR,rpr,area/sarthe,Sarthe,Assemblée nationale,7,,,https://upload.wikimedia.org/wikipedia/commons/e/e3/François_Fillon_2010.jpg,male
françois_grussenmeyer,François Grussenmeyer,François Grussenmeyer,,,,RPR,rpr,area/bas-rhin,Bas-Rhin,Assemblée nationale,7,,,,
Q3085196,François Loncle,"Loncle, François",,,,PS,ps,area/eure,Eure,Assemblée nationale,7,,,,male
françois_léotard,François Léotard,François Léotard,,,,UDF,udf,area/var,Var,Assemblée nationale,7,,,,
françois_massot,François Massot,François Massot,,,,PS,ps,area/alpes-de-haute-provence,Alpes-de-Haute-Provence,Assemblée nationale,7,,,,
françois_mortelette,François Mortelette,François Mortelette,,,,PS,ps,area/loir-et-cher,Loir-et-Cher,Assemblée nationale,7,,,,
françois_patriat,François Patriat,François Patriat,,,,Non Inscrit,non_inscrit,area/côte-d'or,Côte-d'Or,Assemblée nationale,7,,,,
françoise_gaspard,Françoise Gaspard,Françoise Gaspard,,,,PS,ps,area/eure-et-loir,Eure-et-Loir,Assemblée nationale,7,,,,
freddy_deschaux-beaume,Freddy Deschaux-Beaume,Freddy Deschaux-Beaume,,,,PS,ps,area/eure,Eure,Assemblée nationale,7,,,,
frédéric_jalton,Frédéric Jalton,Frédéric Jalton,,,,PS,ps,area/guadeloupe,Guadeloupe,Assemblée nationale,7,,,,
gabriel_kaspereit,Gabriel Kaspereit,Gabriel Kaspereit,,,,RPR,rpr,area/paris,Paris,Assemblée nationale,7,,,,
gaston_defferre,Gaston Defferre,Gaston Defferre,,,,PS,ps,area/bouches-du-rhône,Bouches-du-Rhône,Assemblée nationale,7,,,,
gaston_flosse,Gaston Flosse,Gaston Flosse,,,,RPR,rpr,area/polynésie_française,Polynésie française,Assemblée nationale,7,,,,
georges_bally,Georges Bally,Georges Bally,,,,PS,ps,area/isère,Isère,Assemblée nationale,7,,,,
georges_benedetti,Georges Benedetti,Georges Benedetti,,,,PS,ps,area/gard,Gard,Assemblée nationale,7,,,,
georges_bustin,Georges Bustin,Georges Bustin,,,,PCF,pcf,area/nord,Nord,Assemblée nationale,7,,,,
georges_colin,Georges Colin,Georges Colin,,,,PS,ps,area/marne,Marne,Assemblée nationale,7,,,,
georges_delatre,Georges Delatre,Georges Delatre,,,,RPR,rpr,area/seine-maritime,Seine-Maritime,Assemblée nationale,7,,,,
georges_delfosse,Georges Delfosse,Georges Delfosse,,,,UDF,udf,area/nord,Nord,Assemblée nationale,7,,,,
georges_fillioud,Georges Fillioud,Georges Fillioud,,,,PS,ps,area/drôme,Drôme,Assemblée nationale,7,,,,
georges_frêche,Georges Frêche,Georges Frêche,,,,PS,ps,area/hérault,Hérault,Assemblée nationale,7,,,,
georges_gorse,Georges Gorse,Georges Gorse,,,,RPR,rpr,area/hauts-de-seine,Hauts-de-Seine,Assemblée nationale,7,,,,
georges_gosnat,Georges Gosnat,Georges Gosnat,,,,PCF,pcf,area/val-de-marne,Val-de-Marne,Assemblée nationale,7,,,,
georges_hage,Georges Hage,Georges Hage,,,,PCF,pcf,area/nord,Nord,Assemblée nationale,7,,,,
georges_le_baill,Georges Le Baill,Georges Le Baill,,,,PS,ps,area/hauts-de-seine,Hauts-de-Seine,Assemblée nationale,7,,,,
georges_lemoine,Georges Lemoine,Georges Lemoine,,,,PS,ps,area/eure-et-loir,Eure-et-Loir,Assemblée nationale,7,,,,
georges_marchais,Georges Marchais,Georges Marchais,,,,PCF,pcf,area/val-de-marne,Val-de-Marne,Assemblée nationale,7,,,,
georges_mesmin,Georges Mesmin,Georges Mesmin,,,,UDF,udf,area/paris,Paris,Assemblée nationale,7,,,,
georges_sarre,Georges Sarre,Georges Sarre,,,,PS,ps,area/paris,Paris,Assemblée nationale,7,,,,
georges_tranchant,Georges Tranchant,Georges Tranchant,,,,RPR,rpr,area/hauts-de-seine,Hauts-de-Seine,Assemblée nationale,7,,,,
germain_gengenwin,Germain Gengenwin,Germain Gengenwin,,,,UDF,udf,area/bas-rhin,Bas-Rhin,Assemblée nationale,7,,,,
germain_sprauer,Germain Sprauer,Germain Sprauer,,,,RPR,rpr,area/bas-rhin,Bas-Rhin,Assemblée nationale,7,,,,
ghislaine_toutain,Ghislaine Toutain,Ghislaine Toutain,,,,PS,ps,area/paris,Paris,Assemblée nationale,7,,,,
gilbert_bonnemaison,Gilbert Bonnemaison,Gilbert Bonnemaison,,,,PS,ps,area/seine-saint-denis,Seine-Saint-Denis,Assemblée nationale,7,,,,
gilbert_gantier,Gilbert Gantier,Gilbert Gantier,,,,UDF,udf,area/paris,Paris,Assemblée nationale,7,,,,
gilbert_mathieu,Gilbert Mathieu,Gilbert Mathieu,,,,UDF,udf,area/côte_d'or,Côte d'Or,Assemblée nationale,7,,,,
gilbert_mitterrand,Gilbert Mitterrand,Gilbert Mitterrand,,,,PS,ps,area/gironde,Gironde,Assemblée nationale,7,,,,
gilbert_sénès,Gilbert Sénès,Gilbert Sénès,,,,PS,ps,area/hérault,Hérault,Assemblée nationale,7,,,,
gilles_charpentier,Gilles Charpentier,Gilles Charpentier,,,,PS,ps,area/ardennes,Ardennes,Assemblée nationale,7,,,,
gisèle_halimi,Gisèle Halimi,Gisèle Halimi,,,,PS,ps,area/isère,Isère,Assemblée nationale,7,,,,
gustave_ansart,Gustave Ansart,Gustave Ansart,,,,PCF,pcf,area/nord,Nord,Assemblée nationale,7,,,,
guy_bêche,Guy Bêche,Guy Bêche,,,,PS,ps,area/doubs,Doubs,Assemblée nationale,7,,,,
guy_chanfrault,Guy Chanfrault,Guy Chanfrault,,,,PS,ps,area/haute-marne,Haute-Marne,Assemblée nationale,7,,,,
guy_ducoloné,Guy Ducoloné,Guy Ducoloné,,,,PCF,pcf,area/hauts-de-seine,Hauts-de-Seine,Assemblée nationale,7,,,,
guy_durbec,Guy Durbec,Guy Durbec,,,,PS,ps,area/var,Var,Assemblée nationale,7,,,,
guy_hermier,Guy Hermier,Guy Hermier,,,,PCF,pcf,area/bouches-du-rhône,Bouches-du-Rhône,Assemblée nationale,7,,,,
guy_lengagne,Guy Lengagne,Guy Lengagne,,,,PS,ps,area/pas-de-calais,Pas-de-Calais,Assemblée nationale,7,,,,
guy_malandain,Guy Malandain,Guy Malandain,,,,PS,ps,area/yvelines,Yvelines,Assemblée nationale,7,,,,
guy_vadepied,Guy Vadepied,Guy Vadepied,,,,PS,ps,area/oise,Oise,Assemblée nationale,7,,,,
Q3121476,Guy-Michel Chauveau,"Chauveau, Guy-Michel",,,,PS,ps,area/sarthe,Sarthe,Assemblée nationale,7,,,,male
Q632930,Gérard Bapt,"Bapt, Gérard",,,,PS,ps,area/haute-garonne,Haute-Garonne,Assemblée nationale,7,,,https://upload.wikimedia.org/wikipedia/commons/3/3a/Gérard_Bapt.jpg,male
gérard_chasseguet,Gérard Chasseguet,Gérard Chasseguet,,,,RPR,rpr,area/sarthe,Sarthe,Assemblée nationale,7,,,,
gérard_collomb,Gérard Collomb,Gérard Collomb,,,,PS,ps,area/rhône,Rhône,Assemblée nationale,7,,,,
gérard_gouzes,Gérard Gouzes,Gérard Gouzes,,,,PS,ps,area/lot-et-garonne,Lot-et-Garonne,Assemblée nationale,7,,,,
gérard_haesebroeck,Gérard Haesebroeck,Gérard Haesebroeck,,,,PS,ps,area/nord,Nord,Assemblée nationale,7,,,,
gérard_houteer,Gérard Houteer,Gérard Houteer,,,,PS,ps,area/haute-garonne,Haute-Garonne,Assemblée nationale,7,,,,
gérard_istace,Gérard Istace,Gérard Istace,,,,PS,ps,area/ardennes,Ardennes,Assemblée nationale,7,,,,
henri_baudouin,Henri Baudouin,Henri Baudouin,,,,UDF,udf,area/manche,Manche,Assemblée nationale,7,,,,
henri_bayard,Henri Bayard,Henri Bayard,,,,UDF,udf,area/loire,Loire,Assemblée nationale,7,,,,
henri_darras,Henri Darras,Henri Darras,,,,PS,ps,area/pas-de-calais,Pas-de-Calais,Assemblée nationale,7,,,,
Q1347791,Henri Emmanuelli,"Emmanuelli, Henri",,henriemmanuelli,,PS,ps,area/landes,Landes,Assemblée nationale,7,,,https://upload.wikimedia.org/wikipedia/commons/c/c4/Emmanuelli.jpg,male
henri_michel,Henri Michel,Henri Michel,,,,PS,ps,area/drôme,Drôme,Assemblée nationale,7,,,,
henri_prat,Henri Prat,Henri Prat,,,,PS,ps,area/pyrénées-atlantiques,Pyrénées-Atlantiques,Assemblée nationale,7,,,,
henri_de_gastines,Henri de Gastines,Henri de Gastines,,,,RPR,rpr,area/mayenne,Mayenne,Assemblée nationale,7,,,,
henry_delisle,Henry Delisle,Henry Delisle,,,,PS,ps,area/calvados,Calvados,Assemblée nationale,7,,,,
hervé_vouillot,Hervé Vouillot,Hervé Vouillot,,,,PS,ps,area/côte-d'or,Côte-d'Or,Assemblée nationale,7,,,,
hubert_dubedout,Hubert Dubedout,Hubert Dubedout,,,,PS,ps,area/isère,Isère,Assemblée nationale,7,,,,
hubert_gouze,Hubert Gouze,Hubert Gouze,,,,PS,ps,area/tarn-et-garonne,Tarn-et-Garonne,Assemblée nationale,7,,,,
hyacinthe_santoni,Hyacinthe Santoni,Hyacinthe Santoni,,,,RPR,rpr,area/bouches-du-rhône,Bouches-du-Rhône,Assemblée nationale,7,,,,
hélène_missoffe,Hélène Missoffe,Hélène Missoffe,,,,RPR,rpr,area/paris,Paris,Assemblée nationale,7,,,,
jack_ralite,Jack Ralite,Jack Ralite,,,,PCF,pcf,area/seine-saint-denis,Seine-Saint-Denis,Assemblée nationale,7,,,,
jacqueline_alquier,Jacqueline Alquier,Jacqueline Alquier,,,,PS,ps,area/tarn,Tarn,Assemblée nationale,7,,,,
jacqueline_fraysse-cazalis,Jacqueline Fraysse-Cazalis,Jacqueline Fraysse-Cazalis,,,,PCF,pcf,area/hauts-de-seine,Hauts-de-Seine,Assemblée nationale,7,,,,
jacqueline_osselin,Jacqueline Osselin,Jacqueline Osselin,,,,PS,ps,area/nord,Nord,Assemblée nationale,7,,,,
jacques_badet,Jacques Badet,Jacques Badet,,,,PS,ps,area/loire,Loire,Assemblée nationale,7,,,,
jacques_barrot,Jacques Barrot,Jacques Barrot,,,,UDF,udf,area/haute-loire,Haute-Loire,Assemblée nationale,7,,,,
jacques_baumel,Jacques Baumel,Jacques Baumel,,,,RPR,rpr,area/hauts-de-seine,Hauts-de-Seine,Assemblée nationale,7,,,,
jacques_becq,Jacques Becq,Jacques Becq,,,,PS,ps,area/somme,Somme,Assemblée nationale,7,,,,
jacques_blanc,Jacques Blanc,Jacques Blanc,,,,UDF,udf,area/lozère,Lozère,Assemblée nationale,7,,,,
jacques_brunhes,Jacques Brunhes,Jacques Brunhes,,,,PCF,pcf,area/hauts-de-seine,Hauts-de-Seine,Assemblée nationale,7,,,,
jacques_cambolive,Jacques Cambolive,Jacques Cambolive,,,,PS,ps,area/aude,Aude,Assemblée nationale,7,,,,
jacques_chaban-delmas,Jacques Chaban-Delmas,Jacques Chaban-Delmas,,,,RPR,rpr,area/gironde,Gironde,Assemblée nationale,7,,,,
jacques_chirac,Jacques Chirac,Jacques Chirac,,,,RPR,rpr,area/corrèze,Corrèze,Assemblée nationale,7,,,,
jacques_dominati,Jacques Dominati,Jacques Dominati,,,,UDF,udf,area/paris,Paris,Assemblée nationale,7,,,,
jacques_fleury,Jacques Fleury,Jacques Fleury,,,,PS,ps,area/somme,Somme,Assemblée nationale,7,,,,
jacques_fouchier,Jacques Fouchier,Jacques Fouchier,,,,UDF,udf,area/deux-sèvres,Deux-Sèvres,Assemblée nationale,7,,,,
jacques_godfrain,Jacques Godfrain,Jacques Godfrain,,,,RPR,rpr,area/aveyron,Aveyron,Assemblée nationale,7,,,,
jacques_guyard,Jacques Guyard,Jacques Guyard,,,,PS,ps,area/essonne,Essonne,Assemblée nationale,7,,,,
jacques_huyghues_des_etages,Jacques Huyghues des Etages,Jacques Huyghues des Etages,,,,PS,ps,area/nièvre,Nièvre,Assemblée nationale,7,,,,
jacques_lafleur,Jacques Lafleur,Jacques Lafleur,,,,RPR,rpr,area/nouvelle-calédonie,Nouvelle-Calédonie,Assemblée nationale,7,,,,
jacques_lavédrine,Jacques Lavédrine,Jacques Lavédrine,,,,PS,ps,area/puy-de-dôme,Puy-de-Dôme,Assemblée nationale,7,,,,
jacques_mahéas,Jacques Mahéas,Jacques Mahéas,,,,PS,ps,area/seine-saint-denis,Seine-Saint-Denis,Assemblée nationale,7,,,,
jacques_marette,Jacques Marette,Jacques Marette,,,,RPR,rpr,area/paris,Paris,Assemblée nationale,7,,,,
jacques_mellick,Jacques Mellick,Jacques Mellick,,,,PS,ps,area/pas-de-calais,Pas-de-Calais,Assemblée nationale,7,,,,
jacques_médecin,Jacques Médecin,Jacques Médecin,,,,RPR,rpr,area/alpes-maritimes,Alpes-Maritimes,Assemblée nationale,7,,,,
jacques_rimbault,Jacques Rimbault,Jacques Rimbault,,,,PCF,pcf,area/cher,Cher,Assemblée nationale,7,,,,
jacques_santrot,Jacques Santrot,Jacques Santrot,,,,PS,ps,area/vienne,Vienne,Assemblée nationale,7,,,,
jacques_toubon,Jacques Toubon,Jacques Toubon,,,,RPR,rpr,area/paris,Paris,Assemblée nationale,7,,,,
jean_anciant,Jean Anciant,Jean Anciant,,,,PS,ps,area/oise,Oise,Assemblée nationale,7,,,,
jean_auroux,Jean Auroux,Jean Auroux,,,,PS,ps,area/loire,Loire,Assemblée nationale,7,,,,
jean_beaufils,Jean Beaufils,Jean Beaufils,,,,PS,ps,area/seine-maritime,Seine-Maritime,Assemblée nationale,7,,,,
jean_beaufort,Jean Beaufort,Jean Beaufort,,,,PS,ps,area/finistère,Finistère,Assemblée nationale,7,,,,
jean_bernard,Jean Bernard,Jean Bernard,,,,PS,ps,area/meuse,Meuse,Assemblée nationale,7,,,,
jean_briane,Jean Briane,Jean Briane,,,,UDF,udf,area/aveyron,Aveyron,Assemblée nationale,7,,,,
jean_brocard,Jean Brocard,Jean Brocard,,,,UDF,udf,area/haute-savoie,Haute-Savoie,Assemblée nationale,7,,,,
jean_bégault,Jean Bégault,Jean Bégault,,,,UDF,udf,area/maine-et-loire,Maine-et-Loire,Assemblée nationale,7,,,,
jean_combasteil,Jean Combasteil,Jean Combasteil,,,,PCF,pcf,area/corrèze,Corrèze,Assemblée nationale,7,,,,
jean_desanlis,Jean Desanlis,Jean Desanlis,,,,UDF,udf,area/loir-et-cher,Loir-et-Cher,Assemblée nationale,7,,,,
jean_falala,Jean Falala,Jean Falala,,,,RPR,rpr,area/marne,Marne,Assemblée nationale,7,,,,
jean_fontaine,Jean Fontaine,Jean Fontaine,,,,Non Inscrit,non_inscrit,area/la_réunion,La Réunion,Assemblée nationale,7,,,,
jean_foyer,Jean Foyer,Jean Foyer,,,,RPR,rpr,area/maine-et-loire,Maine-et-Loire,Assemblée nationale,7,,,,
jean_gatel,Jean Gatel,Jean Gatel,,,,PS,ps,area/vaucluse,Vaucluse,Assemblée nationale,7,,,,
jean_giovannelli,Jean Giovannelli,Jean Giovannelli,,,,PS,ps,area/morbihan,Morbihan,Assemblée nationale,7,,,,
jean_hamelin,Jean Hamelin,Jean Hamelin,,,,RPR,rpr,area/ille-et-vilaine,Ille-et-Vilaine,Assemblée nationale,7,,,,
jean_ibanès,Jean Ibanès,Jean Ibanès,,,,PS,ps,area/ariège,Ariège,Assemblée nationale,7,,,,
jean_jarosz,Jean Jarosz,Jean Jarosz,,,,PCF,pcf,area/nord,Nord,Assemblée nationale,7,,,,
jean_juventin,Jean Juventin,Jean Juventin,,,,Non Inscrit,non_inscrit,area/polynésie_française,Polynésie française,Assemblée nationale,7,,,,
jean_laborde,Jean Laborde,Jean Laborde,,,,PS,ps,area/gers,Gers,Assemblée nationale,7,,,,
jean_lacombe,Jean Lacombe,Jean Lacombe,,,,PS,ps,area/gers,Gers,Assemblée nationale,7,,,,
jean_laurain,Jean Laurain,Jean Laurain,,,,PS,ps,area/moselle,Moselle,Assemblée nationale,7,,,,
jean_le_garrec,Jean Le Garrec,Jean Le Garrec,,,,PS,ps,area/nord,Nord,Assemblée nationale,7,,,,
jean_le_gars,Jean Le Gars,Jean Le Gars,,,,PS,ps,area/yvelines,Yvelines,Assemblée nationale,7,,,,
jean_louis_masson,Jean Louis Masson,Jean Louis Masson,,,,RPR,rpr,area/moselle,Moselle,Assemblée nationale,7,,,,
jean_narquin,Jean Narquin,Jean Narquin,,,,RPR,rpr,area/maine-et-loire,Maine-et-Loire,Assemblée nationale,7,,,,
jean_natiez,Jean Natiez,Jean Natiez,,,,PS,ps,area/loire-atlantique,Loire-Atlantique,Assemblée nationale,7,,,,
jean_oehler,Jean Oehler,Jean Oehler,,,,PS,ps,area/bas-rhin,Bas-Rhin,Assemblée nationale,7,,,,
jean_peuziat,Jean Peuziat,Jean Peuziat,,,,PS,ps,area/finistère,Finistère,Assemblée nationale,7,,,,
jean_poperen,Jean Poperen,Jean Poperen,,,,PS,ps,area/rhône,Rhône,Assemblée nationale,7,,,,
jean_proriol,Jean Proriol,Jean Proriol,,,,UDF,udf,area/haute-loire,Haute-Loire,Assemblée nationale,7,,,,
jean_proveux,Jean Proveux,Jean Proveux,,,,PS,ps,area/indre-et-loire,Indre-et-Loire,Assemblée nationale,7,,,,
jean_rigal,Jean Rigal,Jean Rigal,,,,PS,ps,area/aveyron,Aveyron,Assemblée nationale,7,,,,
jean_rigaud,Jean Rigaud,Jean Rigaud,,,,UDF,udf,area/rhône,Rhône,Assemblée nationale,7,,,,
jean_rousseau,Jean Rousseau,Jean Rousseau,,,,PS,ps,area/cher,Cher,Assemblée nationale,7,,,,
jean_royer,Jean Royer,Jean Royer,,,,Non Inscrit,non_inscrit,area/indre-et-loire,Indre-et-Loire,Assemblée nationale,7,,,,
jean_seitlinger,Jean Seitlinger,Jean Seitlinger,,,,UDF,udf,area/moselle,Moselle,Assemblée nationale,7,,,,
jean_tiberi,Jean Tiberi,Jean Tiberi,,,,RPR,rpr,area/paris,Paris,Assemblée nationale,7,,,,
jean_valleix,Jean Valleix,Jean Valleix,,,,RPR,rpr,area/gironde,Gironde,Assemblée nationale,7,,,,
jean_valroff,Jean Valroff,Jean Valroff,,,,PS,ps,area/vosges,Vosges,Assemblée nationale,7,,,,
jean_zuccarelli,Jean Zuccarelli,Jean Zuccarelli,,,,PS,ps,area/haute-corse,Haute-Corse,Assemblée nationale,7,,,,
jean_de_lipkowski,Jean de Lipkowski,Jean de Lipkowski,,,,RPR,rpr,area/charente-maritime,Charente-Maritime,Assemblée nationale,7,,,,
jean_de_préaumont,Jean de Préaumont,Jean de Préaumont,,,,RPR,rpr,area/paris,Paris,Assemblée nationale,7,,,,
jean-charles_cavaillé,Jean-Charles Cavaillé,Jean-Charles Cavaillé,,,,RPR,rpr,area/morbihan,Morbihan,Assemblée nationale,7,,,,
jean-claude_bateux,Jean-Claude Bateux,Jean-Claude Bateux,,,,PS,ps,area/seine-maritime,Seine-Maritime,Assemblée nationale,7,,,,
jean-claude_cassaing,Jean-Claude Cassaing,Jean-Claude Cassaing,,,,PS,ps,area/corrèze,Corrèze,Assemblée nationale,7,,,,
jean-claude_dessein,Jean-Claude Dessein,Jean-Claude Dessein,,,,PS,ps,area/somme,Somme,Assemblée nationale,7,,,,
jean-claude_gaudin,Jean-Claude Gaudin,Jean-Claude Gaudin,,,,UDF,udf,area/bouches-du-rhône,Bouches-du-Rhône,Assemblée nationale,7,,,,
jean-claude_portheault,Jean-Claude Portheault,Jean-Claude Portheault,,,,PS,ps,area/loiret,Loiret,Assemblée nationale,7,,,,
jean-françois_hory,Jean-François Hory,Jean-François Hory,,,,Non Inscrit,non_inscrit,area/mayotte,Mayotte,Assemblée nationale,7,,,,
jean-guy_branger,Jean-Guy Branger,Jean-Guy Branger,,,,Non Inscrit,non_inscrit,area/charente-maritime,Charente-Maritime,Assemblée nationale,7,,,,
jean-hugues_colonna,Jean-Hugues Colonna,Jean-Hugues Colonna,,,,PS,ps,area/alpes-maritimes,Alpes-Maritimes,Assemblée nationale,7,,,,
jean-jacques_barthe,Jean-Jacques Barthe,Jean-Jacques Barthe,,,,PCF,pcf,area/pas-de-calais,Pas-de-Calais,Assemblée nationale,7,,,,
jean-jacques_leonétti,Jean-Jacques Leonétti,Jean-Jacques Leonétti,,,,PS,ps,area/bouches-du-rhône,Bouches-du-Rhône,Assemblée nationale,7,,,,
Q3166748,Jean-Louis Dumont,"Dumont, Jean-Louis",,,,PS,ps,area/meuse,Meuse,Assemblée nationale,7,,,,male
jean-louis_goasduff,Jean-Louis Goasduff,Jean-Louis Goasduff,,,,RPR,rpr,area/finistère,Finistère,Assemblée nationale,7,,,,
jean-marie_alaize,Jean-Marie Alaize,Jean-Marie Alaize,,,,PS,ps,area/ardèche,Ardèche,Assemblée nationale,7,,,,
jean-marie_bockel,Jean-Marie Bockel,Jean-Marie Bockel,,,,PS,ps,area/haut-rhin,Haut-Rhin,Assemblée nationale,7,,,,
jean-marie_caro,Jean-Marie Caro,Jean-Marie Caro,,,,UDF,udf,area/bas-rhin,Bas-Rhin,Assemblée nationale,7,,,,
jean-marie_daillet,Jean-Marie Daillet,Jean-Marie Daillet,,,,UDF,udf,area/manche,Manche,Assemblée nationale,7,,,,
jean-michel_baylet,Jean-Michel Baylet,Jean-Michel Baylet,,,,PS,ps,area/tarn-et-garonne,Tarn-et-Garonne,Assemblée nationale,7,,,,
jean-michel_belorgey,Jean-Michel Belorgey,Jean-Michel Belorgey,,,,PS,ps,area/allier,Allier,Assemblée nationale,7,,,,
jean-michel_boucheron,Jean-Michel Boucheron,Jean-Michel Boucheron,,,,PS,ps,area/charente,Charente,Assemblée nationale,7,,,,
jean-michel_boucheron,Jean-Michel Boucheron,Jean-Michel Boucheron,,,,PS,ps,area/ille-et-vilaine,Ille-et-Vilaine,Assemblée nationale,7,,,,
jean-michel_testu,Jean-Michel Testu,Jean-Michel Testu,,,,PS,ps,area/indre-et-loire,Indre-et-Loire,Assemblée nationale,7,,,,
jean-paul_charié,Jean-Paul Charié,Jean-Paul Charié,,,,RPR,rpr,area/loiret,Loiret,Assemblée nationale,7,,,,
jean-paul_desgranges,Jean-Paul Desgranges,Jean-Paul Desgranges,,,,PS,ps,area/allier,Allier,Assemblée nationale,7,,,,
jean-paul_durieux,Jean-Paul Durieux,Jean-Paul Durieux,,,,PS,ps,area/meurthe-et-moselle,Meurthe-et-Moselle,Assemblée nationale,7,,,,
jean-paul_fuchs,Jean-Paul Fuchs,Jean-Paul Fuchs,,,,UDF,udf,area/haut-rhin,Haut-Rhin,Assemblée nationale,7,,,,
jean-paul_luisi,Jean-Paul Luisi,Jean-Paul Luisi,,,,PS,ps,area/haute-corse,Haute-Corse,Assemblée nationale,7,,,,
jean-paul_planchou,Jean-Paul Planchou,Jean-Paul Planchou,,,,PS,ps,area/paris,Paris,Assemblée nationale,7,,,,
jean-paul_de_rocca-serra,Jean-Paul de Rocca-Serra,Jean-Paul de Rocca-Serra,,,,RPR,rpr,area/corse-du-sud,Corse-du-Sud,Assemblée nationale,7,,,,
jean-pierre_balligand,Jean-Pierre Balligand,Jean-Pierre Balligand,,,,PS,ps,area/aisne,Aisne,Assemblée nationale,7,,,,
jean-pierre_braine,Jean-Pierre Braine,Jean-Pierre Braine,,,,PS,ps,area/oise,Oise,Assemblée nationale,7,,,,
jean-pierre_chevènement,Jean-Pierre Chevènement,Jean-Pierre Chevènement,,,,PS,ps,area/territoire_de_belfort,Territoire de Belfort,Assemblée nationale,7,,,,
jean-pierre_cot,Jean-Pierre Cot,Jean-Pierre Cot,,,,PS,ps,area/savoie,Savoie,Assemblée nationale,7,,,,
jean-pierre_defontaine,Jean-Pierre Defontaine,Jean-Pierre Defontaine,,,,PS,ps,area/pas-de-calais,Pas-de-Calais,Assemblée nationale,7,,,,
jean-pierre_destrade,Jean-Pierre Destrade,Jean-Pierre Destrade,,,,PS,ps,area/pyrénées-atlantiques,Pyrénées-Atlantiques,Assemblée nationale,7,,,,
jean-pierre_fourré,Jean-Pierre Fourré,Jean-Pierre Fourré,,,,PS,ps,area/seine-et-marne,Seine-et-Marne,Assemblée nationale,7,,,,
jean-pierre_gabarrou,Jean-Pierre Gabarrou,Jean-Pierre Gabarrou,,,,PS,ps,area/tarn,Tarn,Assemblée nationale,7,,,,
jean-pierre_kucheida,Jean-Pierre Kucheida,Jean-Pierre Kucheida,,,,PS,ps,area/pas-de-calais,Pas-de-Calais,Assemblée nationale,7,,,,
jean-pierre_le_coadic,Jean-Pierre Le Coadic,Jean-Pierre Le Coadic,,,,PS,ps,area/val-d'oise,Val-d'Oise,Assemblée nationale,7,,,,
jean-pierre_michel,Jean-Pierre Michel,Jean-Pierre Michel,,,,PS,ps,area/haute-saône,Haute-Saône,Assemblée nationale,7,,,,
jean-pierre_pénicaut,Jean-Pierre Pénicaut,Jean-Pierre Pénicaut,,,,PS,ps,area/landes,Landes,Assemblée nationale,7,,,,
jean-pierre_santa_cruz,Jean-Pierre Santa Cruz,Jean-Pierre Santa Cruz,,,,PS,ps,area/jura,Jura,Assemblée nationale,7,,,,
jean-pierre_soisson,Jean-Pierre Soisson,Jean-Pierre Soisson,,,,UDF,udf,area/yonne,Yonne,Assemblée nationale,7,,,,
jean-pierre_sueur,Jean-Pierre Sueur,Jean-Pierre Sueur,,,,PS,ps,area/loiret,Loiret,Assemblée nationale,7,,,,
jean-pierre_worms,Jean-Pierre Worms,Jean-Pierre Worms,,,,PS,ps,area/saône-et-loire,Saône-et-Loire,Assemblée nationale,7,,,,
jean-yves_le_drian,Jean-Yves Le Drian,Jean-Yves Le Drian,,,,PS,ps,area/morbihan,Morbihan,Assemblée nationale,7,,,,
job_durupt,Job Durupt,Job Durupt,,,,PS,ps,area/meurthe-et-moselle,Meurthe-et-Moselle,Assemblée nationale,7,,,,
joseph_franceschi,Joseph Franceschi,Joseph Franceschi,,,,PS,ps,area/val-de-marne,Val-de-Marne,Assemblée nationale,7,,,,
joseph_gourmelon,Joseph Gourmelon,Joseph Gourmelon,,,,PS,ps,area/finistère,Finistère,Assemblée nationale,7,,,,
joseph_legrand,Joseph Legrand,Joseph Legrand,,,,PCF,pcf,area/pas-de-calais,Pas-de-Calais,Assemblée nationale,7,,,,
joseph_menga,Joseph Menga,Joseph Menga,,,,PS,ps,area/seine-maritime,Seine-Maritime,Assemblée nationale,7,,,,
joseph_pinard,Joseph Pinard,Joseph Pinard,,,,PS,ps,area/doubs,Doubs,Assemblée nationale,7,,,,
joseph_vidal,Joseph Vidal,Joseph Vidal,,,,PS,ps,area/aude,Aude,Assemblée nationale,7,,,,
joseph-henri_maujoüan_du_gasset,Joseph-Henri Maujoüan du Gasset,Joseph-Henri Maujoüan du Gasset,,,,UDF,udf,area/loire-atlantique,Loire-Atlantique,Assemblée nationale,7,,,,
kléber_haye,Kléber Haye,Kléber Haye,,,,PS,ps,area/gironde,Gironde,Assemblée nationale,7,,,,
Q3219106,Laurent Cathala,"Cathala, Laurent",,,,PS,ps,area/val-de-marne,Val-de-Marne,Assemblée nationale,7,,,,male
Q217070,Laurent Fabius,Laurent Fabius,,,,PS,ps,area/seine-maritime,Seine-Maritime,Assemblée nationale,7,,,https://upload.wikimedia.org/wikipedia/commons/8/88/Laurent_Fabius_-_Royal_&_Zapatero's_meeting_in_Toulouse_for_the_2007_French_presidential_election_0538_2007-04-19.jpg,male
lionel_jospin,Lionel Jospin,Lionel Jospin,,,,PS,ps,area/paris,Paris,Assemblée nationale,7,,,,
louis_besson,Louis Besson,Louis Besson,,,,PS,ps,area/savoie,Savoie,Assemblée nationale,7,,,,
louis_darinot,Louis Darinot,Louis Darinot,,,,PS,ps,area/manche,Manche,Assemblée nationale,7,,,,
louis_lareng,Louis Lareng,Louis Lareng,,,,PS,ps,area/haute-garonne,Haute-Garonne,Assemblée nationale,7,,,,
louis_le_pensec,Louis Le Pensec,Louis Le Pensec,,,,PS,ps,area/finistère,Finistère,Assemblée nationale,7,,,,
louis_maisonnat,Louis Maisonnat,Louis Maisonnat,,,,PCF,pcf,area/isère,Isère,Assemblée nationale,7,,,,
louis_mermaz,Louis Mermaz,Louis Mermaz,,,,PS,ps,area/isère,Isère,Assemblée nationale,7,,,,
louis_mexandeau,Louis Mexandeau,Louis Mexandeau,,,,PS,ps,area/calvados,Calvados,Assemblée nationale,7,,,,
louis_odru,Louis Odru,Louis Odru,,,,PCF,pcf,area/seine-saint-denis,Seine-Saint-Denis,Assemblée nationale,7,,,,
louis_philibert,Louis Philibert,Louis Philibert,,,,PS,ps,area/bouches-du-rhône,Bouches-du-Rhône,Assemblée nationale,7,,,,
louis_robin,Louis Robin,Louis Robin,,,,PCF,pcf,area/ain,Ain,Assemblée nationale,7,,,,
louise_moreau,Louise Moreau,Louise Moreau,,,,UDF,udf,area/alpes-maritimes,Alpes-Maritimes,Assemblée nationale,7,,,,
loïc_bouvard,Loïc Bouvard,Loïc Bouvard,,,,UDF,udf,area/morbihan,Morbihan,Assemblée nationale,7,,,,
luc_tinseau,Luc Tinseau,Luc Tinseau,,,,PS,ps,area/eure,Eure,Assemblée nationale,7,,,,
lucien_dutard,Lucien Dutard,Lucien Dutard,,,,PCF,pcf,area/dordogne,Dordogne,Assemblée nationale,7,,,,
lucien_pignion,Lucien Pignion,Lucien Pignion,,,,PS,ps,area/pas-de-calais,Pas-de-Calais,Assemblée nationale,7,,,,
lucien_richard,Lucien Richard,Lucien Richard,,,,RPR,rpr,area/loire-atlantique,Loire-Atlantique,Assemblée nationale,7,,,,
léo_grézard,Léo Grézard,Léo Grézard,,,,PS,ps,area/yonne,Yonne,Assemblée nationale,7,,,,
manuel_escutia,Manuel Escutia,Manuel Escutia,,,,PS,ps,area/paris,Paris,Assemblée nationale,7,,,,
marc_fromion,Marc Fromion,Marc Fromion,,,,PS,ps,area/seine-et-marne,Seine-et-Marne,Assemblée nationale,7,,,,
marc_lauriol,Marc Lauriol,Marc Lauriol,,,,RPR,rpr,area/yvelines,Yvelines,Assemblée nationale,7,,,,
marcel_bigeard,Marcel Bigeard,Marcel Bigeard,,,,UDF,udf,area/meurthe-et-moselle,Meurthe-et-Moselle,Assemblée nationale,7,,,,
marcel_dassault,Marcel Dassault,Marcel Dassault,,,,RPR,rpr,area/oise,Oise,Assemblée nationale,7,,,,
marcel_dehoux,Marcel Dehoux,Marcel Dehoux,,,,PS,ps,area/nord,Nord,Assemblée nationale,7,,,,
marcel_esdras,Marcel Esdras,Marcel Esdras,,,,UDF,udf,area/guadeloupe,Guadeloupe,Assemblée nationale,7,,,,
marcel_garrouste,Marcel Garrouste,Marcel Garrouste,,,,PS,ps,area/lot-et-garonne,Lot-et-Garonne,Assemblée nationale,7,,,,
marcel_mocoeur,Marcel Mocoeur,Marcel Mocoeur,,,,PS,ps,area/haute-vienne,Haute-Vienne,Assemblée nationale,7,,,,
marcel_rigout,Marcel Rigout,Marcel Rigout,,,,PCF,pcf,area/haute-vienne,Haute-Vienne,Assemblée nationale,7,,,,
marcel_wacheux,Marcel Wacheux,Marcel Wacheux,,,,PS,ps,area/pas-de-calais,Pas-de-Calais,Assemblée nationale,7,,,,
marie_jacq,Marie Jacq,Marie Jacq,,,,PS,ps,area/finistère,Finistère,Assemblée nationale,7,,,,
marie-france_lecuir,Marie-France Lecuir,Marie-France Lecuir,,,,PS,ps,area/val-d'oise,Val-d'Oise,Assemblée nationale,7,,,,
marie-josèphe_sublet,Marie-Josèphe Sublet,Marie-Josèphe Sublet,,,,PS,ps,area/rhône,Rhône,Assemblée nationale,7,,,,
marie-thérèse_patrat,Marie-Thérèse Patrat,Marie-Thérèse Patrat,,,,PS,ps,area/rhône,Rhône,Assemblée nationale,7,,,,
marius_masse,Marius Masse,Marius Masse,,,,PS,ps,area/bouches-du-rhône,Bouches-du-Rhône,Assemblée nationale,7,,,,
martin_malvy,Martin Malvy,Martin Malvy,,,,PS,ps,area/lot,Lot,Assemblée nationale,7,,,,
maurice_adevah-pœuf,Maurice Adevah-Pœuf,Maurice Adevah-Pœuf,,,,PS,ps,area/puy-de-dôme,Puy-de-Dôme,Assemblée nationale,7,,,,
maurice_briand,Maurice Briand,Maurice Briand,,,,PS,ps,area/côtes-du-nord,Côtes-du-Nord,Assemblée nationale,7,,,,
maurice_cornette,Maurice Cornette,Maurice Cornette,,,,RPR,rpr,area/nord,Nord,Assemblée nationale,7,,,,
maurice_couve_de_murville,Maurice Couve de Murville,Maurice Couve de Murville,,,,RPR,rpr,area/paris,Paris,Assemblée nationale,7,,,,
maurice_dousset,Maurice Dousset,Maurice Dousset,,,,UDF,udf,area/eure-et-loir,Eure-et-Loir,Assemblée nationale,7,,,,
maurice_faure,Maurice Faure,Maurice Faure,,,,PS,ps,area/lot,Lot,Assemblée nationale,7,,,,
maurice_ligot,Maurice Ligot,Maurice Ligot,,,,UDF,udf,area/maine-et-loire,Maine-et-Loire,Assemblée nationale,7,,,,
maurice_nilès,Maurice Nilès,Maurice Nilès,,,,PCF,pcf,area/seine-saint-denis,Seine-Saint-Denis,Assemblée nationale,7,,,,
maurice_pourchon,Maurice Pourchon,Maurice Pourchon,,,,PS,ps,area/puy-de-dôme,Puy-de-Dôme,Assemblée nationale,7,,,,
maurice_rival,Maurice Rival,Maurice Rival,,,,PS,ps,area/isère,Isère,Assemblée nationale,7,,,,
maurice_sergheraert,Maurice Sergheraert,Maurice Sergheraert,,,,Non Inscrit,non_inscrit,area/nord,Nord,Assemblée nationale,7,,,,
max_gallo,Max Gallo,Max Gallo,,,,PS,ps,area/alpes-maritimes,Alpes-Maritimes,Assemblée nationale,7,,,,
michel_barnier,Michel Barnier,Michel Barnier,,,,RPR,rpr,area/savoie,Savoie,Assemblée nationale,7,,,,
michel_berson,Michel Berson,Michel Berson,,,,PS,ps,area/essonne,Essonne,Assemblée nationale,7,,,,
michel_bérégovoy,Michel Bérégovoy,Michel Bérégovoy,,,,PS,ps,area/seine-maritime,Seine-Maritime,Assemblée nationale,7,,,,
michel_cartelet,Michel Cartelet,Michel Cartelet,,,,PS,ps,area/aube,Aube,Assemblée nationale,7,,,,
michel_charzat,Michel Charzat,Michel Charzat,,,,PS,ps,area/paris,Paris,Assemblée nationale,7,,,,
michel_coffineau,Michel Coffineau,Michel Coffineau,,,,PS,ps,area/val-d'oise,Val-d'Oise,Assemblée nationale,7,,,,
michel_cointat,Michel Cointat,Michel Cointat,,,,RPR,rpr,area/ille-et-vilaine,Ille-et-Vilaine,Assemblée nationale,7,,,,
michel_couillet,Michel Couillet,Michel Couillet,,,,PCF,pcf,area/somme,Somme,Assemblée nationale,7,,,,
michel_crépeau,Michel Crépeau,Michel Crépeau,,,,PS,ps,area/charente-maritime,Charente-Maritime,Assemblée nationale,7,,,,
michel_debré,Michel Debré,Michel Debré,,,,RPR,rpr,area/la_réunion,La Réunion,Assemblée nationale,7,,,,
michel_guyton,Michel Guyton,Michel Guyton,,,,PS,ps,area/deux-sèvres,Deux-Sèvres,Assemblée nationale,7,,,,
michel_inchauspé,Michel Inchauspé,Michel Inchauspé,,,,RPR,rpr,area/basses-pyrénées,Basses-Pyrénées,Assemblée nationale,7,,,,
michel_lambert,Michel Lambert,Michel Lambert,,,,PS,ps,area/orne,Orne,Assemblée nationale,7,,,,
michel_noir,Michel Noir,Michel Noir,,,,RPR,rpr,area/rhône,Rhône,Assemblée nationale,7,,,,
michel_péricard,Michel Péricard,Michel Péricard,,,,RPR,rpr,area/yvelines,Yvelines,Assemblée nationale,7,,,,
michel_rocard,Michel Rocard,Michel Rocard,,,,PS,ps,area/yvelines,Yvelines,Assemblée nationale,7,,,,
michel_sainte-marie,Michel Sainte-Marie,Michel Sainte-Marie,,,,PS,ps,area/gironde,Gironde,Assemblée nationale,7,,,,
michel_sapin,Michel Sapin,Michel Sapin,,,,PS,ps,area/indre,Indre,Assemblée nationale,7,,,,
michel_suchod,Michel Suchod,Michel Suchod,,,,PS,ps,area/dordogne,Dordogne,Assemblée nationale,7,,,,
michel_d'ornano,Michel d'Ornano,Michel d'Ornano,,,,UDF,udf,area/calvados,Calvados,Assemblée nationale,7,,,,
nicolas_alfonsi,Nicolas Alfonsi,Nicolas Alfonsi,,,,PS,ps,area/corse-du-sud,Corse-du-Sud,Assemblée nationale,7,,,,
nicole_questiaux,Nicole Questiaux,Nicole Questiaux,,,,PS,ps,area/paris,Paris,Assemblée nationale,7,,,,
nicole_de_hauteclocque,Nicole de Hauteclocque,Nicole de Hauteclocque,,,,RPR,rpr,area/paris,Paris,Assemblée nationale,7,,,,
noël_josèphe,Noël Josèphe,Noël Josèphe,,,,PS,ps,area/pas-de-calais,Pas-de-Calais,Assemblée nationale,7,,,,
noël_ravassard,Noël Ravassard,Noël Ravassard,,,,PS,ps,area/ain,Ain,Assemblée nationale,7,,,,
odile_sicard,Odile Sicard,Odile Sicard,,,,PS,ps,area/isère,Isère,Assemblée nationale,7,,,,
olivier_guichard,Olivier Guichard,Olivier Guichard,,,,RPR,rpr,area/loire-atlantique,Loire-Atlantique,Assemblée nationale,7,,,,
olivier_stirn,Olivier Stirn,Olivier Stirn,,,,UDF,udf,area/calvados,Calvados,Assemblée nationale,7,,,,
parfait_jans,Parfait Jans,Parfait Jans,,,,PCF,pcf,area/hauts-de-seine,Hauts-de-Seine,Assemblée nationale,7,,,,
pascal_clément,Pascal Clément,Pascal Clément,,,,UDF,udf,area/loire,Loire,Assemblée nationale,7,,,,
paul_balmigère,Paul Balmigère,Paul Balmigère,,,,PCF,pcf,area/hérault,Hérault,Assemblée nationale,7,,,,
paul_bladt,Paul Bladt,Paul Bladt,,,,PS,ps,area/moselle,Moselle,Assemblée nationale,7,,,,
paul_chomat,Paul Chomat,Paul Chomat,,,,PCF,pcf,area/loire,Loire,Assemblée nationale,7,,,,
paul_dhaille,Paul Dhaille,Paul Dhaille,,,,PS,ps,area/seine-maritime,Seine-Maritime,Assemblée nationale,7,,,,
paul_duraffour,Paul Duraffour,Paul Duraffour,,,,PS,ps,area/saône-et-loire,Saône-et-Loire,Assemblée nationale,7,,,,
paul_mercieca,Paul Mercieca,Paul Mercieca,,,,PCF,pcf,area/val-de-marne,Val-de-Marne,Assemblée nationale,7,,,,
paul_moreau,Paul Moreau,Paul Moreau,,,,PS,ps,area/nord,Nord,Assemblée nationale,7,,,,
paul_pernin,Paul Pernin,Paul Pernin,,,,UDF,udf,area/paris,Paris,Assemblée nationale,7,,,,
paul_quilès,Paul Quilès,Paul Quilès,,,,PS,ps,area/paris,Paris,Assemblée nationale,7,,,,
paulette_nevoux,Paulette Nevoux,Paulette Nevoux,,,,PS,ps,area/val-de-marne,Val-de-Marne,Assemblée nationale,7,,,,
philippe_bassinet,Philippe Bassinet,Philippe Bassinet,,,,PS,ps,area/hauts-de-seine,Hauts-de-Seine,Assemblée nationale,7,,,,
philippe_marchand,Philippe Marchand,Philippe Marchand,,,,PS,ps,area/charente-maritime,Charente-Maritime,Assemblée nationale,7,,,,
philippe_mestre,Philippe Mestre,Philippe Mestre,,,,UDF,udf,area/vendée,Vendée,Assemblée nationale,7,,,,
philippe_séguin,Philippe Séguin,Philippe Séguin,,,,RPR,rpr,area/vosges,Vosges,Assemblée nationale,7,,,,
pierre_bachelet,Pierre Bachelet,Pierre Bachelet,,,,RPR,rpr,area/alpes-maritimes,Alpes-Maritimes,Assemblée nationale,7,,,,
pierre_bas,Pierre Bas,Pierre Bas,,,,RPR,rpr,area/paris,Paris,Assemblée nationale,7,,,,
pierre_bernard,Pierre Bernard,Pierre Bernard,,,,PS,ps,area/tarn,Tarn,Assemblée nationale,7,,,,
pierre_bourguignon,Pierre Bourguignon,Pierre Bourguignon,,,,PS,ps,area/seine-maritime,Seine-Maritime,Assemblée nationale,7,,,,
pierre_dabezies,Pierre Dabezies,Pierre Dabezies,,,,PS,ps,area/paris,Paris,Assemblée nationale,7,,,,
pierre_forgues,Pierre Forgues,Pierre Forgues,,,,PS,ps,area/hautes-pyrénées,Hautes-Pyrénées,Assemblée nationale,7,,,,
pierre_garmendia,Pierre Garmendia,Pierre Garmendia,,,,PS,ps,area/gironde,Gironde,Assemblée nationale,7,,,,
pierre_gascher,Pierre Gascher,Pierre Gascher,,,,RPR,rpr,area/sarthe,Sarthe,Assemblée nationale,7,,,,
pierre_godefroy,Pierre Godefroy,Pierre Godefroy,,,,RPR,rpr,area/manche,Manche,Assemblée nationale,7,,,,
pierre_guidoni,Pierre Guidoni,Pierre Guidoni,,,,PS,ps,area/aude,Aude,Assemblée nationale,7,,,,
pierre_jagoret,Pierre Jagoret,Pierre Jagoret,,,,PS,ps,area/côtes-du-nord,Côtes-du-Nord,Assemblée nationale,7,,,,
pierre_joxe,Pierre Joxe,Pierre Joxe,,,,PS,ps,area/saône-et-loire,Saône-et-Loire,Assemblée nationale,7,,,,
pierre_lagorce,Pierre Lagorce,Pierre Lagorce,,,,PS,ps,area/gironde,Gironde,Assemblée nationale,7,,,,
pierre_mauger,Pierre Mauger,Pierre Mauger,,,,RPR,rpr,area/vendée,Vendée,Assemblée nationale,7,,,,
pierre_mauroy,Pierre Mauroy,Pierre Mauroy,,,,PS,ps,area/nord,Nord,Assemblée nationale,7,,,,
pierre_messmer,Pierre Messmer,Pierre Messmer,,,,RPR,rpr,area/moselle,Moselle,Assemblée nationale,7,,,,
pierre_micaux,Pierre Micaux,Pierre Micaux,,,,UDF,udf,area/aube,Aube,Assemblée nationale,7,,,,
pierre_méhaignerie,Pierre Méhaignerie,Pierre Méhaignerie,,,,UDF,udf,area/ille-et-vilaine,Ille-et-Vilaine,Assemblée nationale,7,,,,
pierre_métais,Pierre Métais,Pierre Métais,,,,PS,ps,area/vendée,Vendée,Assemblée nationale,7,,,,
pierre_ortet,Pierre Ortet,Pierre Ortet,,,,PS,ps,area/haute-garonne,Haute-Garonne,Assemblée nationale,7,,,,
pierre_prouvost,Pierre Prouvost,Pierre Prouvost,,,,PS,ps,area/nord,Nord,Assemblée nationale,7,,,,
pierre_raynal,Pierre Raynal,Pierre Raynal,,,,RPR,rpr,area/cantal,Cantal,Assemblée nationale,7,,,,
pierre_sauvaigo,Pierre Sauvaigo,Pierre Sauvaigo,,,,RPR,rpr,area/alpes-maritimes,Alpes-Maritimes,Assemblée nationale,7,,,,
pierre_tabanou,Pierre Tabanou,Pierre Tabanou,,,,PS,ps,area/val-de-marne,Val-de-Marne,Assemblée nationale,7,,,,
pierre_weisenhorn,Pierre Weisenhorn,Pierre Weisenhorn,,,,RPR,rpr,area/haut-rhin,Haut-Rhin,Assemblée nationale,7,,,,
pierre_zarka,Pierre Zarka,Pierre Zarka,,,,PCF,pcf,area/seine-saint-denis,Seine-Saint-Denis,Assemblée nationale,7,,,,
pierre_de_benouville,Pierre de Benouville,Pierre de Benouville,,,,RPR,rpr,area/paris,Paris,Assemblée nationale,7,,,,
pierre-bernard_cousté,Pierre-Bernard Cousté,Pierre-Bernard Cousté,,,,RPR,rpr,area/rhône,Rhône,Assemblée nationale,7,,,,
pierre-charles_krieg,Pierre-Charles Krieg,Pierre-Charles Krieg,,,,RPR,rpr,area/paris,Paris,Assemblée nationale,7,,,,
raoul_bayou,Raoul Bayou,Raoul Bayou,,,,PS,ps,area/hérault,Hérault,Assemblée nationale,7,,,,
raoul_cartraud,Raoul Cartraud,Raoul Cartraud,,,,PS,ps,area/vienne,Vienne,Assemblée nationale,7,,,,
raymond_barre,Raymond Barre,Raymond Barre,,,,UDF,udf,area/rhône,Rhône,Assemblée nationale,7,,,,
raymond_douyère,Raymond Douyère,Raymond Douyère,,,,PS,ps,area/sarthe,Sarthe,Assemblée nationale,7,,,,
raymond_forni,Raymond Forni,Raymond Forni,,,,PS,ps,area/territoire_de_belfort,Territoire de Belfort,Assemblée nationale,7,,,,
raymond_julien,Raymond Julien,Raymond Julien,,,,PS,ps,area/gironde,Gironde,Assemblée nationale,7,,,,
raymond_marcellin,Raymond Marcellin,Raymond Marcellin,,,,UDF,udf,area/morbihan,Morbihan,Assemblée nationale,7,,,,
rené_andré,René André,René André,,,,RPR,rpr,area/manche,Manche,Assemblée nationale,7,,,,
rené_bourget,René Bourget,René Bourget,,,,PS,ps,area/isère,Isère,Assemblée nationale,7,,,,
rené_drouin,René Drouin,René Drouin,,,,PS,ps,area/moselle,Moselle,Assemblée nationale,7,,,,
rené_gaillard,René Gaillard,René Gaillard,,,,PS,ps,area/deux-sèvres,Deux-Sèvres,Assemblée nationale,7,,,,
rené_haby,René Haby,René Haby,,,,UDF,udf,area/meurthe-et-moselle,Meurthe-et-Moselle,Assemblée nationale,7,,,,
rené_la_combe,René La Combe,René La Combe,,,,RPR,rpr,area/maine-et-loire,Maine-et-Loire,Assemblée nationale,7,,,,
rené_massat,René Massat,René Massat,,,,PS,ps,area/ariège,Ariège,Assemblée nationale,7,,,,
rené_olmeta,René Olmeta,René Olmeta,,,,PS,ps,area/bouches-du-rhône,Bouches-du-Rhône,Assemblée nationale,7,,,,
rené_souchon,René Souchon,René Souchon,,,,PS,ps,area/cantal,Cantal,Assemblée nationale,7,,,,
renée_soum,Renée Soum,Renée Soum,,,,PS,ps,area/pyrénées-orientales,Pyrénées-Orientales,Assemblée nationale,7,,,,
robert_aumont,Robert Aumont,Robert Aumont,,,,PS,ps,area/aisne,Aisne,Assemblée nationale,7,,,,
robert_chapuis,Robert Chapuis,Robert Chapuis,,,,PS,ps,area/ardèche,Ardèche,Assemblée nationale,7,,,,
robert_galley,Robert Galley,Robert Galley,,,,RPR,rpr,area/aube,Aube,Assemblée nationale,7,,,,
robert_le_foll,Robert Le Foll,Robert Le Foll,,,,PS,ps,area/seine-et-marne,Seine-et-Marne,Assemblée nationale,7,,,,
robert_malgras,Robert Malgras,Robert Malgras,,,,PS,ps,area/moselle,Moselle,Assemblée nationale,7,,,,
robert_montdargent,Robert Montdargent,Robert Montdargent,,,,PCF,pcf,area/val-d'oise,Val-d'Oise,Assemblée nationale,7,,,,
robert_wagner,Robert Wagner,Robert Wagner,,,,RPR,rpr,area/yvelines,Yvelines,Assemblée nationale,7,,,,
robert_de_caumont,Robert de Caumont,Robert de Caumont,,,,PS,ps,area/hautes-alpes,Hautes-Alpes,Assemblée nationale,7,,,,
robert-andré_vivien,Robert-André Vivien,Robert-André Vivien,,,,RPR,rpr,area/val-de-marne,Val-de-Marne,Assemblée nationale,7,,,,
roch_pidjot,Roch Pidjot,Roch Pidjot,,,,PS,ps,area/nouvelle-calédonie,Nouvelle-Calédonie,Assemblée nationale,7,,,,
rodolphe_pesce,Rodolphe Pesce,Rodolphe Pesce,,,,PS,ps,area/drôme,Drôme,Assemblée nationale,7,,,,
roger_corrèze,Roger Corrèze,Roger Corrèze,,,,RPR,rpr,area/loir-et-cher,Loir-et-Cher,Assemblée nationale,7,,,,
roger_duroure,Roger Duroure,Roger Duroure,,,,PS,ps,area/landes,Landes,Assemblée nationale,7,,,,
roger_fossé,Roger Fossé,Roger Fossé,,,,RPR,rpr,area/seine-maritime,Seine-Maritime,Assemblée nationale,7,,,,
roger_lassale,Roger Lassale,Roger Lassale,,,,PS,ps,area/yonne,Yonne,Assemblée nationale,7,,,,
roger_leborne,Roger Leborne,Roger Leborne,,,,PS,ps,area/saône-et-loire,Saône-et-Loire,Assemblée nationale,7,,,,
roger_lestas,Roger Lestas,Roger Lestas,,,,UDF,udf,area/mayenne,Mayenne,Assemblée nationale,7,,,,
roger_mas,Roger Mas,Roger Mas,,,,PS,ps,area/ardennes,Ardennes,Assemblée nationale,7,,,,
roland_beix,Roland Beix,Roland Beix,,,,PS,ps,area/charente-maritime,Charente-Maritime,Assemblée nationale,7,,,,
roland_bernard,Roland Bernard,Roland Bernard,,,,PS,ps,area/rhône,Rhône,Assemblée nationale,7,,,,
roland_carraz,Roland Carraz,Roland Carraz,,,,PS,ps,area/côte-d'or,Côte-d'Or,Assemblée nationale,7,,,,
roland_dumas,Roland Dumas,Roland Dumas,,,,PS,ps,area/dordogne,Dordogne,Assemblée nationale,7,,,,
roland_florian,Roland Florian,Roland Florian,,,,PS,ps,area/oise,Oise,Assemblée nationale,7,,,,
roland_huguet,Roland Huguet,Roland Huguet,,,,PS,ps,area/pas-de-calais,Pas-de-Calais,Assemblée nationale,7,,,,
roland_mazoin,Roland Mazoin,Roland Mazoin,,,,PCF,pcf,area/haute-vienne,Haute-Vienne,Assemblée nationale,7,,,,
roland_nungesser,Roland Nungesser,Roland Nungesser,,,,RPR,rpr,area/val-de-marne,Val-de-Marne,Assemblée nationale,7,,,,
roland_renard,Roland Renard,Roland Renard,,,,PCF,pcf,area/aisne,Aisne,Assemblée nationale,7,,,,
roland_vuillaume,Roland Vuillaume,Roland Vuillaume,,,,RPR,rpr,area/doubs,Doubs,Assemblée nationale,7,,,,
régis_barailla,Régis Barailla,Régis Barailla,,,,PS,ps,area/aude,Aude,Assemblée nationale,7,,,,
régis_perbet,Régis Perbet,Régis Perbet,,,,RPR,rpr,area/ardèche,Ardèche,Assemblée nationale,7,,,,
serge_beltrame,Serge Beltrame,Serge Beltrame,,,,PS,ps,area/vosges,Vosges,Assemblée nationale,7,,,,
serge_charles,Serge Charles,Serge Charles,,,,RPR,rpr,area/nord,Nord,Assemblée nationale,7,,,,
théo_vial-massat,Théo Vial-Massat,Théo Vial-Massat,,,,PCF,pcf,area/loire,Loire,Assemblée nationale,7,,,,
tutaha_salmon,Tutaha Salmon,Tutaha Salmon,,,,RPR,rpr,area/polynésie_française,Polynésie française,Assemblée nationale,7,,,,
umberto_battist,Umberto Battist,Umberto Battist,,,,PS,ps,area/nord,Nord,Assemblée nationale,7,,,,
valéry_giscard_d'estaing,Valéry Giscard d'Estaing,Valéry Giscard d'Estaing,,,,UDF,udf,area/puy-de-dôme,Puy-de-Dôme,Assemblée nationale,7,,,,
victor_sablé,Victor Sablé,Victor Sablé,,,,UDF,udf,area/martinique,Martinique,Assemblée nationale,7,,,,
vincent_ansquer,Vincent Ansquer,Vincent Ansquer,,,,RPR,rpr,area/vendée,Vendée,Assemblée nationale,7,,,,
vincent_porelli,Vincent Porelli,Vincent Porelli,,,,PCF,pcf,area/bouches-du-rhône,Bouches-du-Rhône,Assemblée nationale,7,,,,
véronique_neiertz,Véronique Neiertz,Véronique Neiertz,,,,PS,ps,area/seine-saint-denis,Seine-Saint-Denis,Assemblée nationale,7,,,,
wilfrid_bertile,Wilfrid Bertile,Wilfrid Bertile,,,,PS,ps,area/la_réunion,La Réunion,Assemblée nationale,7,,,,
xavier_deniau,Xavier Deniau,Xavier Deniau,,,,RPR,rpr,area/loiret,Loiret,Assemblée nationale,7,,,,
xavier_hunault,Xavier Hunault,Xavier Hunault,,,,Non Inscrit,non_inscrit,area/loire-atlantique,Loire-Atlantique,Assemblée nationale,7,,,,
yves_dollo,Yves Dollo,Yves Dollo,,,,PS,ps,area/côtes-du-nord,Côtes-du-Nord,Assemblée nationale,7,,,,
yves_lancien,Yves Lancien,Yves Lancien,,,,RPR,rpr,area/paris,Paris,Assemblée nationale,7,,,,
yves_sautier,Yves Sautier,Yves Sautier,,,,UDF,udf,area/haute-savoie,Haute-Savoie,Assemblée nationale,7,,,,
yves_tavernier,Yves Tavernier,Yves Tavernier,,,,PS,ps,area/essonne,Essonne,Assemblée nationale,7,,,,
yvon_tondon,Yvon Tondon,Yvon Tondon,,,,PS,ps,area/meurthe-et-moselle,Meurthe-et-Moselle,Assemblée nationale,7,,,,
Édith_cresson,Édith Cresson,Édith Cresson,,,,PS,ps,area/vienne,Vienne,Assemblée nationale,7,,,,
Émile_bizet,Émile Bizet,Émile Bizet,,,,RPR,rpr,area/manche,Manche,Assemblée nationale,7,,,,
Émile_koehl,Émile Koehl,Émile Koehl,,,,UDF,udf,area/bas-rhin,Bas-Rhin,Assemblée nationale,7,,,,
Émile_roger,Émile Roger,Émile Roger,,,,PCF,pcf,area/nord,Nord,Assemblée nationale,7,,,,
