id,name,sort_name,email,twitter,facebook,group,group_id,area_id,area,chamber,term,start_date,end_date,image,gender
adrien_durand,Adrien Durand,Adrien Durand,,,,UDC,udc,area/lozère,Lozère,Assemblée nationale,9,,,,
adrien_zeller,Adrien Zeller,Adrien Zeller,,,,UDC,udc,area/bas-rhin,Bas-Rhin,Assemblée nationale,9,,,,
aimé_césaire,Aimé Césaire,Aimé Césaire,,,,PS,ps,area/martinique,Martinique,Assemblée nationale,9,,,,
aimé_kergueris,Aimé Kergueris,Aimé Kergueris,,,,UDF,udf,area/morbihan,Morbihan,Assemblée nationale,9,,,,
alain_barrau,Alain Barrau,Alain Barrau,,,,PS,ps,area/hérault,Hérault,Assemblée nationale,9,,,,
Q2829584,Alain Bocquet,"Bocquet, Alain",,,,PCF,pcf,area/nord,Nord,Assemblée nationale,9,,,https://upload.wikimedia.org/wikipedia/commons/b/b7/Wallers_-_Reconnaissance_du_parcours_du_Paris-Roubaix_le_7_avril_2014_(019).JPG,male
alain_bonnet,Alain Bonnet,Alain Bonnet,,,,PS,ps,area/dordogne,Dordogne,Assemblée nationale,9,,,,
alain_brune,Alain Brune,Alain Brune,,,,PS,ps,area/jura,Jura,Assemblée nationale,9,,,,
alain_calmat,Alain Calmat,Alain Calmat,,,,PS,ps,area/cher,Cher,Assemblée nationale,9,,,,
alain_carignon,Alain Carignon,Alain Carignon,,,,RPR,rpr,area/isère,Isère,Assemblée nationale,9,,,,
alain_cousin,Alain Cousin,Alain Cousin,,,,RPR,rpr,area/manche,Manche,Assemblée nationale,9,,,,
alain_devaquet,Alain Devaquet,Alain Devaquet,,,,RPR,rpr,area/paris,Paris,Assemblée nationale,9,,,,
alain_fort,Alain Fort,Alain Fort,,,,PS,ps,area/drôme,Drôme,Assemblée nationale,9,,,,
alain_griotteray,Alain Griotteray,Alain Griotteray,,,,UDF,udf,area/val-de-marne,Val-de-Marne,Assemblée nationale,9,,,,
alain_jonemann,Alain Jonemann,Alain Jonemann,,,,RPR,rpr,area/yvelines,Yvelines,Assemblée nationale,9,,,,
alain_journet,Alain Journet,Alain Journet,,,,PS,ps,area/gard,Gard,Assemblée nationale,9,,,,
alain_juppé,Alain Juppé,Alain Juppé,,,,RPR,rpr,area/paris,Paris,Assemblée nationale,9,,,,
alain_lamassoure,Alain Lamassoure,Alain Lamassoure,,,,UDF,udf,area/pyrénées-atlantiques,Pyrénées-Atlantiques,Assemblée nationale,9,,,,
alain_le_vern,Alain Le Vern,Alain Le Vern,,,,PS,ps,area/seine-maritime,Seine-Maritime,Assemblée nationale,9,,,,
alain_madelin,Alain Madelin,Alain Madelin,,,,UDF,udf,area/ille-et-vilaine,Ille-et-Vilaine,Assemblée nationale,9,,,,
alain_mayoud,Alain Mayoud,Alain Mayoud,,,,UDF,udf,area/rhône,Rhône,Assemblée nationale,9,,,,
Q2830127,Alain Moyne-Bressand,"Moyne-Bressand, Alain",,,,UDF,udf,area/isère,Isère,Assemblée nationale,9,,,,male
alain_néri,Alain Néri,Alain Néri,,,,PS,ps,area/puy-de-dôme,Puy-de-Dôme,Assemblée nationale,9,,,,
alain_peyrefitte,Alain Peyrefitte,Alain Peyrefitte,,,,RPR,rpr,area/seine-et-marne,Seine-et-Marne,Assemblée nationale,9,,,,
alain_richard,Alain Richard,Alain Richard,,,,PS,ps,area/val-d'oise,Val-d'Oise,Assemblée nationale,9,,,,
Q2830248,Alain Rodet,"Rodet, Alain",,,,PS,ps,area/haute-vienne,Haute-Vienne,Assemblée nationale,9,,,https://upload.wikimedia.org/wikipedia/commons/b/b6/Alain_Rodet_2012.JPG,male
Q1393874,Alain Vidalies,Alain Vidalies,,,,PS,ps,area/landes,Landes,Assemblée nationale,9,,,https://upload.wikimedia.org/wikipedia/commons/4/44/Vidalies-cropped.jpg,male
alain_vivien,Alain Vivien,Alain Vivien,,,,PS,ps,area/seine-et-marne,Seine-et-Marne,Assemblée nationale,9,,,,
albert_brochard,Albert Brochard,Albert Brochard,,,,UDF,udf,area/deux-sèvres,Deux-Sèvres,Assemblée nationale,9,,,,
albert_denvers,Albert Denvers,Albert Denvers,,,,PS,ps,area/nord,Nord,Assemblée nationale,9,,,,
albert_facon,Albert Facon,Albert Facon,,,,PS,ps,area/pas-de-calais,Pas-de-Calais,Assemblée nationale,9,,,,
alexandre_léontieff,Alexandre Léontieff,Alexandre Léontieff,,,,Non Inscrit,non_inscrit,area/polynésie_française,Polynésie française,Assemblée nationale,9,,,,
alfred_recours,Alfred Recours,Alfred Recours,,,,PS,ps,area/eure,Eure,Assemblée nationale,9,,,,
aloyse_warhouver,Aloyse Warhouver,Aloyse Warhouver,,,,Non Inscrit,non_inscrit,area/moselle,Moselle,Assemblée nationale,9,,,,
ambroise_guellec,Ambroise Guellec,Ambroise Guellec,,,,UDC,udc,area/finistère,Finistère,Assemblée nationale,9,,,,
andré_bellon,André Bellon,André Bellon,,,,PS,ps,area/alpes-de-haute-provence,Alpes-de-Haute-Provence,Assemblée nationale,9,,,,
andré_berthol,André Berthol,André Berthol,,,,RPR,rpr,area/moselle,Moselle,Assemblée nationale,9,,,,
andré_billardon,André Billardon,André Billardon,,,,PS,ps,area/saône-et-loire,Saône-et-Loire,Assemblée nationale,9,,,,
andré_borel,André Borel,André Borel,,,,PS,ps,area/vaucluse,Vaucluse,Assemblée nationale,9,,,,
andré_capet,André Capet,André Capet,,,,PS,ps,area/pas-de-calais,Pas-de-Calais,Assemblée nationale,9,,,,
andré_clert,André Clert,André Clert,,,,PS,ps,area/deux-sèvres,Deux-Sèvres,Assemblée nationale,9,,,,
andré_delehedde,André Delehedde,André Delehedde,,,,PS,ps,area/pas-de-calais,Pas-de-Calais,Assemblée nationale,9,,,,
andré_duroméa,André Duroméa,André Duroméa,,,,PCF,pcf,area/seine-maritime,Seine-Maritime,Assemblée nationale,9,,,,
andré_durr,André Durr,André Durr,,,,RPR,rpr,area/bas-rhin,Bas-Rhin,Assemblée nationale,9,,,,
andré_labarrère,André Labarrère,André Labarrère,,,,PS,ps,area/pyrénées-atlantiques,Pyrénées-Atlantiques,Assemblée nationale,9,,,,
andré_laignel,André Laignel,André Laignel,,,,PS,ps,area/indre,Indre,Assemblée nationale,9,,,,
andré_lajoinie,André Lajoinie,André Lajoinie,,,,PCF,pcf,area/allier,Allier,Assemblée nationale,9,,,,
andré_lejeune,André Lejeune,André Lejeune,,,,PS,ps,area/creuse,Creuse,Assemblée nationale,9,,,,
andré_rossi,André Rossi,André Rossi,,,,UDF,udf,area/aisne,Aisne,Assemblée nationale,9,,,,
andré_rossinot,André Rossinot,André Rossinot,,,,UDF,udf,area/meurthe-et-moselle,Meurthe-et-Moselle,Assemblée nationale,9,,,,
Q2848614,André Santini,"Santini, André",,,,UDF,udf,area/hauts-de-seine,Hauts-de-Seine,Assemblée nationale,9,,,https://upload.wikimedia.org/wikipedia/commons/b/ba/A._Santini.jpg,male
andré_thien_ah_koon,André Thien Ah Koon,André Thien Ah Koon,,,,Non Inscrit,non_inscrit,area/la_réunion,La Réunion,Assemblée nationale,9,,,,
antoine_rufenacht,Antoine Rufenacht,Antoine Rufenacht,,,,RPR,rpr,area/seine-maritime,Seine-Maritime,Assemblée nationale,9,,,,
arnaud_lepercq,Arnaud Lepercq,Arnaud Lepercq,,,,RPR,rpr,area/vienne,Vienne,Assemblée nationale,9,,,,
arthur_dehaine,Arthur Dehaine,Arthur Dehaine,,,,RPR,rpr,area/oise,Oise,Assemblée nationale,9,,,,
arthur_paecht,Arthur Paecht,Arthur Paecht,,,,UDF,udf,area/var,Var,Assemblée nationale,9,,,,
auguste_legros,Auguste Legros,Auguste Legros,,,,RPR,rpr,area/la_réunion,La Réunion,Assemblée nationale,9,,,,
augustin_bonrepaux,Augustin Bonrepaux,Augustin Bonrepaux,,,,PS,ps,area/ariège,Ariège,Assemblée nationale,9,,,,
benjamin_brial,Benjamin Brial,Benjamin Brial,,,,RPR,rpr,area/wallis-et-futuna,Wallis-et-Futuna,Assemblée nationale,9,,,,
bernadette_isaac-sibille,Bernadette Isaac-Sibille,Bernadette Isaac-Sibille,,,,UDC,udc,area/rhône,Rhône,Assemblée nationale,9,,,,
bernard_bardin,Bernard Bardin,Bernard Bardin,,,,PS,ps,area/nièvre,Nièvre,Assemblée nationale,9,,,,
bernard_bioulac,Bernard Bioulac,Bernard Bioulac,,,,PS,ps,area/dordogne,Dordogne,Assemblée nationale,9,,,,
bernard_bosson,Bernard Bosson,Bernard Bosson,,,,UDC,udc,area/haute-savoie,Haute-Savoie,Assemblée nationale,9,,,,
bernard_carton,Bernard Carton,Bernard Carton,,,,PS,ps,area/nord,Nord,Assemblée nationale,9,,,,
bernard_charles,Bernard Charles,Bernard Charles,,,,PS,ps,area/lot,Lot,Assemblée nationale,9,,,,
Q2897761,Bernard Debré,"Debré, Bernard",,,,RPR,rpr,area/indre-et-loire,Indre-et-Loire,Assemblée nationale,9,,,https://upload.wikimedia.org/wikipedia/commons/1/15/Bernard_Debré_cropped.jpg,male
bernard_derosier,Bernard Derosier,Bernard Derosier,,,,PS,ps,area/nord,Nord,Assemblée nationale,9,,,,
bernard_lefranc,Bernard Lefranc,Bernard Lefranc,,,,PS,ps,area/aisne,Aisne,Assemblée nationale,9,,,,
bernard_madrelle,Bernard Madrelle,Bernard Madrelle,,,,PS,ps,area/gironde,Gironde,Assemblée nationale,9,,,,
bernard_nayral,Bernard Nayral,Bernard Nayral,,,,PS,ps,area/hérault,Hérault,Assemblée nationale,9,,,,
bernard_poignant,Bernard Poignant,Bernard Poignant,,,,PS,ps,area/finistère,Finistère,Assemblée nationale,9,,,,
bernard_pons,Bernard Pons,Bernard Pons,,,,RPR,rpr,area/paris,Paris,Assemblée nationale,9,,,,
bernard_schreiner,Bernard Schreiner,Bernard Schreiner,,,,PS,ps,area/yvelines,Yvelines,Assemblée nationale,9,,,,
bernard_schreiner,Bernard Schreiner,Bernard Schreiner,,,,RPR,rpr,area/bas-rhin,Bas-Rhin,Assemblée nationale,9,,,,
bernard_stasi,Bernard Stasi,Bernard Stasi,,,,UDC,udc,area/marne,Marne,Assemblée nationale,9,,,,
bertrand_gallet,Bertrand Gallet,Bertrand Gallet,,,,PS,ps,area/eure-et-loir,Eure-et-Loir,Assemblée nationale,9,,,,
bruno_bourg-broc,Bruno Bourg-Broc,Bruno Bourg-Broc,,,,RPR,rpr,area/marne,Marne,Assemblée nationale,9,,,,
bruno_durieux,Bruno Durieux,Bruno Durieux,,,,UDC,udc,area/nord,Nord,Assemblée nationale,9,,,,
catherine_lalumière,Catherine Lalumière,Catherine Lalumière,,,,PS,ps,area/gironde,Gironde,Assemblée nationale,9,,,,
charles_ehrmann,Charles Ehrmann,Charles Ehrmann,,,,UDF,udf,area/alpes-maritimes,Alpes-Maritimes,Assemblée nationale,9,,,,
charles_fèvre,Charles Fèvre,Charles Fèvre,,,,UDF,udf,area/haute-marne,Haute-Marne,Assemblée nationale,9,,,,
charles_hernu,Charles Hernu,Charles Hernu,,,,PS,ps,area/rhône,Rhône,Assemblée nationale,9,,,,
charles_josselin,Charles Josselin,Charles Josselin,,,,PS,ps,area/côtes-du-nord,Côtes-du-Nord,Assemblée nationale,9,,,,
charles_metzinger,Charles Metzinger,Charles Metzinger,,,,PS,ps,area/moselle,Moselle,Assemblée nationale,9,,,,
charles_millon,Charles Millon,Charles Millon,,,,UDF,udf,area/ain,Ain,Assemblée nationale,9,,,,
charles_miossec,Charles Miossec,Charles Miossec,,,,RPR,rpr,area/finistère,Finistère,Assemblée nationale,9,,,,
charles_paccou,Charles Paccou,Charles Paccou,,,,RPR,rpr,area/nord,Nord,Assemblée nationale,9,,,,
charles_pistre,Charles Pistre,Charles Pistre,,,,PS,ps,area/tarn,Tarn,Assemblée nationale,9,,,,
Q428214,Christian Bataille,"Bataille, Christian",,,,PS,ps,area/nord,Nord,Assemblée nationale,9,,,https://upload.wikimedia.org/wikipedia/commons/9/93/CBbureau2014.jpg,male
christian_bergelin,Christian Bergelin,Christian Bergelin,,,,RPR,rpr,area/haute-saône,Haute-Saône,Assemblée nationale,9,,,,
christian_cabal,Christian Cabal,Christian Cabal,,,,RPR,rpr,area/loire,Loire,Assemblée nationale,9,,,,
Q749029,Christian Estrosi,"Estrosi, Christian",,cestrosi,,RPR,rpr,area/alpes-maritimes,Alpes-Maritimes,Assemblée nationale,9,,,https://upload.wikimedia.org/wikipedia/commons/d/da/Christian_Estrosi.jpg,male
Q1383068,Christian Kert,"Kert, Christian",,,,UDC,udc,area/bouches-du-rhône,Bouches-du-Rhône,Assemblée nationale,9,,,https://upload.wikimedia.org/wikipedia/commons/4/4a/Christian_kert.jpg,male
christian_pierret,Christian Pierret,Christian Pierret,,,,PS,ps,area/vosges,Vosges,Assemblée nationale,9,,,,
christian_spiller,Christian Spiller,Christian Spiller,,,,Non Inscrit,non_inscrit,area/vosges,Vosges,Assemblée nationale,9,,,,
christiane_mora,Christiane Mora,Christiane Mora,,,,PS,ps,area/indre-et-loire,Indre-et-Loire,Assemblée nationale,9,,,,
christiane_papon,Christiane Papon,Christiane Papon,,,,RPR,rpr,area/val-de-marne,Val-de-Marne,Assemblée nationale,9,,,,
christine_boutin,Christine Boutin,Christine Boutin,,,,Non Inscrit,non_inscrit,area/yvelines,Yvelines,Assemblée nationale,9,,,,
claude_barate,Claude Barate,Claude Barate,,,,RPR,rpr,area/pyrénées-orientales,Pyrénées-Orientales,Assemblée nationale,9,,,,
Q1096496,Claude Bartolone,"Bartolone, Claude",,claudebartolone,cbartolone,PS,ps,area/seine-saint-denis,Seine-Saint-Denis,Assemblée nationale,9,,,https://upload.wikimedia.org/wikipedia/commons/5/58/Claude_Bartolone.jpg,male
claude_birraux,Claude Birraux,Claude Birraux,,,,UDC,udc,area/haute-savoie,Haute-Savoie,Assemblée nationale,9,,,,
claude_dhinnin,Claude Dhinnin,Claude Dhinnin,,,,RPR,rpr,area/nord,Nord,Assemblée nationale,9,,,,
claude_ducert,Claude Ducert,Claude Ducert,,,,PS,ps,area/haute-garonne,Haute-Garonne,Assemblée nationale,9,,,,
claude_gaillard,Claude Gaillard,Claude Gaillard,,,,UDF,udf,area/meurthe-et-moselle,Meurthe-et-Moselle,Assemblée nationale,9,,,,
claude_gaits,Claude Gaits,Claude Gaits,,,,PS,ps,area/hautes-pyrénées,Hautes-Pyrénées,Assemblée nationale,9,,,,
claude_gatignol,Claude Gatignol,Claude Gatignol,,,,UDF,udf,area/manche,Manche,Assemblée nationale,9,,,,
claude_germon,Claude Germon,Claude Germon,,,,PS,ps,area/essonne,Essonne,Assemblée nationale,9,,,,
claude_labbé,Claude Labbé,Claude Labbé,,,,RPR,rpr,area/hauts-de-seine,Hauts-de-Seine,Assemblée nationale,9,,,,
claude_lise,Claude Lise,Claude Lise,,,,PS,ps,area/martinique,Martinique,Assemblée nationale,9,,,,
claude_miqueu,Claude Miqueu,Claude Miqueu,,,,Non Inscrit,non_inscrit,area/hautes-pyrénées,Hautes-Pyrénées,Assemblée nationale,9,,,,
claude_Évin,Claude Évin,Claude Évin,,,,PS,ps,area/loire-atlantique,Loire-Atlantique,Assemblée nationale,9,,,,
claude-gérard_marcus,Claude-Gérard Marcus,Claude-Gérard Marcus,,,,RPR,rpr,area/paris,Paris,Assemblée nationale,9,,,,
daniel_chevallier,Daniel Chevallier,Daniel Chevallier,,,,PS,ps,area/hautes-alpes,Hautes-Alpes,Assemblée nationale,9,,,,
daniel_colin,Daniel Colin,Daniel Colin,,,,UDF,udf,area/var,Var,Assemblée nationale,9,,,,
daniel_goulet,Daniel Goulet,Daniel Goulet,,,,RPR,rpr,area/orne,Orne,Assemblée nationale,9,,,,
daniel_le_meur,Daniel Le Meur,Daniel Le Meur,,,,PCF,pcf,area/aisne,Aisne,Assemblée nationale,9,,,,
daniel_reiner,Daniel Reiner,Daniel Reiner,,,,PS,ps,area/meurthe-et-moselle,Meurthe-et-Moselle,Assemblée nationale,9,,,,
Q1905371,Daniel Vaillant,"Vaillant, Daniel",,,,PS,ps,area/paris,Paris,Assemblée nationale,9,,,https://upload.wikimedia.org/wikipedia/commons/e/ec/Daniel_Vaillant1_(5).JPG,male
Q3022746,Denis Jacquat,"Jacquat, Denis",,,,UDF,udf,area/moselle,Moselle,Assemblée nationale,9,,,,male
denise_cacheux,Denise Cacheux,Denise Cacheux,,,,PS,ps,area/nord,Nord,Assemblée nationale,9,,,,
didier_chouat,Didier Chouat,Didier Chouat,,,,PS,ps,area/côtes-du-nord,Côtes-du-Nord,Assemblée nationale,9,,,,
didier_julia,Didier Julia,Didier Julia,,,,RPR,rpr,area/seine-et-marne,Seine-et-Marne,Assemblée nationale,9,,,,
didier_migaud,Didier Migaud,Didier Migaud,,,,PS,ps,area/isère,Isère,Assemblée nationale,9,,,,
dominique_baudis,Dominique Baudis,Dominique Baudis,,,,UDC,udc,area/haute-garonne,Haute-Garonne,Assemblée nationale,9,,,,
dominique_dupilet,Dominique Dupilet,Dominique Dupilet,,,,PS,ps,area/pas-de-calais,Pas-de-Calais,Assemblée nationale,9,,,,
dominique_gambier,Dominique Gambier,Dominique Gambier,,,,PS,ps,area/seine-maritime,Seine-Maritime,Assemblée nationale,9,,,,
dominique_larifla,Dominique Larifla,Dominique Larifla,,,,PS,ps,area/guadeloupe,Guadeloupe,Assemblée nationale,9,,,,
dominique_perben,Dominique Perben,Dominique Perben,,,,RPR,rpr,area/saône-et-loire,Saône-et-Loire,Assemblée nationale,9,,,,
dominique_strauss-kahn,Dominique Strauss-Kahn,Dominique Strauss-Kahn,,,,PS,ps,area/val-d'oise,Val-d'Oise,Assemblée nationale,9,,,,
edmond_alphandéry,Edmond Alphandéry,Edmond Alphandéry,,,,UDC,udc,area/maine-et-loire,Maine-et-Loire,Assemblée nationale,9,,,,
edmond_gerrer,Edmond Gerrer,Edmond Gerrer,,,,UDC,udc,area/haut-rhin,Haut-Rhin,Assemblée nationale,9,,,,
edmond_hervé,Edmond Hervé,Edmond Hervé,,,,PS,ps,area/ille-et-vilaine,Ille-et-Vilaine,Assemblée nationale,9,,,,
edmond_vacant,Edmond Vacant,Edmond Vacant,,,,PS,ps,area/puy-de-dôme,Puy-de-Dôme,Assemblée nationale,9,,,,
edwige_avice,Edwige Avice,Edwige Avice,,,,PS,ps,area/isère,Isère,Assemblée nationale,9,,,,
elie_castor,Elie Castor,Elie Castor,,,,PS,ps,area/guyane,Guyane,Assemblée nationale,9,,,,
elisabeth_hubert,Elisabeth Hubert,Elisabeth Hubert,,,,RPR,rpr,area/loire-atlantique,Loire-Atlantique,Assemblée nationale,9,,,,
emmanuel_aubert,Emmanuel Aubert,Emmanuel Aubert,,,,RPR,rpr,area/alpes-maritimes,Alpes-Maritimes,Assemblée nationale,9,,,,
ernest_moutoussamy,Ernest Moutoussamy,Ernest Moutoussamy,,,,PCF,pcf,area/guadeloupe,Guadeloupe,Assemblée nationale,9,,,,
fabien_thiémé,Fabien Thiémé,Fabien Thiémé,,,,PCF,pcf,area/nord,Nord,Assemblée nationale,9,,,,
francis_delattre,Francis Delattre,Francis Delattre,,,,UDF,udf,area/val-d'oise,Val-d'Oise,Assemblée nationale,9,,,,
francis_geng,Francis Geng,Francis Geng,,,,UDC,udc,area/orne,Orne,Assemblée nationale,9,,,,
francis_saint-ellier,Francis Saint-Ellier,Francis Saint-Ellier,,,,UDF,udf,area/calvados,Calvados,Assemblée nationale,9,,,,
francisque_perrut,Francisque Perrut,Francisque Perrut,,,,UDF,udf,area/rhône,Rhône,Assemblée nationale,9,,,,
franck_borotra,Franck Borotra,Franck Borotra,,,,RPR,rpr,area/yvelines,Yvelines,Assemblée nationale,9,,,,
Q3083854,François Asensi,"Asensi, François",,,,PCF,pcf,area/seine-saint-denis,Seine-Saint-Denis,Assemblée nationale,9,,,,male
françois_bayrou,François Bayrou,François Bayrou,,,,UDC,udc,area/pyrénées-atlantiques,Pyrénées-Atlantiques,Assemblée nationale,9,,,,
françois_colcombet,François Colcombet,François Colcombet,,,,PS,ps,area/allier,Allier,Assemblée nationale,9,,,,
Q101410,François Fillon,"Fillon, François",,FrancoisFillon,fillon.francois,RPR,rpr,area/sarthe,Sarthe,Assemblée nationale,9,,,https://upload.wikimedia.org/wikipedia/commons/e/e3/François_Fillon_2010.jpg,male
françois_grussenmeyer,François Grussenmeyer,François Grussenmeyer,,,,RPR,rpr,area/bas-rhin,Bas-Rhin,Assemblée nationale,9,,,,
françois_hollande,François Hollande,François Hollande,,,,PS,ps,area/corrèze,Corrèze,Assemblée nationale,9,,,,
Q3085196,François Loncle,"Loncle, François",,,,PS,ps,area/eure,Eure,Assemblée nationale,9,,,,male
françois_léotard,François Léotard,François Léotard,,,,UDF,udf,area/var,Var,Assemblée nationale,9,,,,
françois_massot,François Massot,François Massot,,,,PS,ps,area/alpes-de-haute-provence,Alpes-de-Haute-Provence,Assemblée nationale,9,,,,
françois_patriat,François Patriat,François Patriat,,,,PS,ps,area/côte-d'or,Côte-d'Or,Assemblée nationale,9,,,,
Q3085724,François Rochebloine,"Rochebloine, François",,,,UDC,udc,area/loire,Loire,Assemblée nationale,9,,,,male
françois_d'aubert,François d'Aubert,François d'Aubert,,,,UDF,udf,area/mayenne,Mayenne,Assemblée nationale,9,,,,
françois_d'harcourt,François d'Harcourt,François d'Harcourt,,,,UDF,udf,area/calvados,Calvados,Assemblée nationale,9,,,,
françois-michel_gonnot,François-Michel Gonnot,François-Michel Gonnot,,,,UDF,udf,area/oise,Oise,Assemblée nationale,9,,,,
françoise_de_panafieu,Françoise de Panafieu,Françoise de Panafieu,,,,RPR,rpr,area/paris,Paris,Assemblée nationale,9,,,,
freddy_deschaux-beaume,Freddy Deschaux-Beaume,Freddy Deschaux-Beaume,,,,PS,ps,area/eure,Eure,Assemblée nationale,9,,,,
frédéric_jalton,Frédéric Jalton,Frédéric Jalton,,,,PS,ps,area/guadeloupe,Guadeloupe,Assemblée nationale,9,,,,
frédérique_bredin,Frédérique Bredin,Frédérique Bredin,,,,PS,ps,area/seine-maritime,Seine-Maritime,Assemblée nationale,9,,,,
gabriel_kaspereit,Gabriel Kaspereit,Gabriel Kaspereit,,,,RPR,rpr,area/paris,Paris,Assemblée nationale,9,,,,
gabriel_montcharmont,Gabriel Montcharmont,Gabriel Montcharmont,,,,PS,ps,area/rhône,Rhône,Assemblée nationale,9,,,,
gaston_rimareix,Gaston Rimareix,Gaston Rimareix,,,,PS,ps,area/creuse,Creuse,Assemblée nationale,9,,,,
gautier_audinot,Gautier Audinot,Gautier Audinot,,,,Non Inscrit,non_inscrit,area/somme,Somme,Assemblée nationale,9,,,,
georges_benedetti,Georges Benedetti,Georges Benedetti,,,,PS,ps,area/gard,Gard,Assemblée nationale,9,,,,
georges_chavanes,Georges Chavanes,Georges Chavanes,,,,UDC,udc,area/charente,Charente,Assemblée nationale,9,,,,
georges_colin,Georges Colin,Georges Colin,,,,PS,ps,area/marne,Marne,Assemblée nationale,9,,,,
georges_colombier,Georges Colombier,Georges Colombier,,,,UDF,udf,area/isère,Isère,Assemblée nationale,9,,,,
georges_durand,Georges Durand,Georges Durand,,,,UDF,udf,area/drôme,Drôme,Assemblée nationale,9,,,,
georges_frêche,Georges Frêche,Georges Frêche,,,,PS,ps,area/hérault,Hérault,Assemblée nationale,9,,,,
georges_gorse,Georges Gorse,Georges Gorse,,,,RPR,rpr,area/hauts-de-seine,Hauts-de-Seine,Assemblée nationale,9,,,,
georges_hage,Georges Hage,Georges Hage,,,,PCF,pcf,area/nord,Nord,Assemblée nationale,9,,,,
georges_lemoine,Georges Lemoine,Georges Lemoine,,,,PS,ps,area/eure-et-loir,Eure-et-Loir,Assemblée nationale,9,,,,
georges_marchais,Georges Marchais,Georges Marchais,,,,PCF,pcf,area/val-de-marne,Val-de-Marne,Assemblée nationale,9,,,,
georges_mesmin,Georges Mesmin,Georges Mesmin,,,,UDF,udf,area/paris,Paris,Assemblée nationale,9,,,,
georges_sarre,Georges Sarre,Georges Sarre,,,,PS,ps,area/paris,Paris,Assemblée nationale,9,,,,
georges_tranchant,Georges Tranchant,Georges Tranchant,,,,RPR,rpr,area/hauts-de-seine,Hauts-de-Seine,Assemblée nationale,9,,,,
germain_gengenwin,Germain Gengenwin,Germain Gengenwin,,,,UDC,udc,area/bas-rhin,Bas-Rhin,Assemblée nationale,9,,,,
gilbert_bonnemaison,Gilbert Bonnemaison,Gilbert Bonnemaison,,,,PS,ps,area/seine-saint-denis,Seine-Saint-Denis,Assemblée nationale,9,,,,
gilbert_gantier,Gilbert Gantier,Gilbert Gantier,,,,UDF,udf,area/paris,Paris,Assemblée nationale,9,,,,
gilbert_mathieu,Gilbert Mathieu,Gilbert Mathieu,,,,UDF,udf,area/côte-d'or,Côte-d'Or,Assemblée nationale,9,,,,
gilbert_millet,Gilbert Millet,Gilbert Millet,,,,PCF,pcf,area/gard,Gard,Assemblée nationale,9,,,,
gilbert_mitterrand,Gilbert Mitterrand,Gilbert Mitterrand,,,,PS,ps,area/gironde,Gironde,Assemblée nationale,9,,,,
gilles_de_robien,Gilles de Robien,Gilles de Robien,,,,UDF,udf,area/somme,Somme,Assemblée nationale,9,,,,
gustave_ansart,Gustave Ansart,Gustave Ansart,,,,PCF,pcf,area/nord,Nord,Assemblée nationale,9,,,,
guy_bêche,Guy Bêche,Guy Bêche,,,,PS,ps,area/doubs,Doubs,Assemblée nationale,9,,,,
guy_chanfrault,Guy Chanfrault,Guy Chanfrault,,,,PS,ps,area/haute-marne,Haute-Marne,Assemblée nationale,9,,,,
guy_desessart,Guy Desessart,Guy Desessart,,,,unknown,unknown,area/oise,Oise,Assemblée nationale,9,,,,
guy_drut,Guy Drut,Guy Drut,,,,RPR,rpr,area/seine-et-marne,Seine-et-Marne,Assemblée nationale,9,,,,
guy_hermier,Guy Hermier,Guy Hermier,,,,PCF,pcf,area/bouches-du-rhône,Bouches-du-Rhône,Assemblée nationale,9,,,,
guy_lengagne,Guy Lengagne,Guy Lengagne,,,,PS,ps,area/pas-de-calais,Pas-de-Calais,Assemblée nationale,9,,,,
guy_lordinot,Guy Lordinot,Guy Lordinot,,,,PS,ps,area/martinique,Martinique,Assemblée nationale,9,,,,
guy_malandain,Guy Malandain,Guy Malandain,,,,PS,ps,area/yvelines,Yvelines,Assemblée nationale,9,,,,
guy_ravier,Guy Ravier,Guy Ravier,,,,PS,ps,area/vaucluse,Vaucluse,Assemblée nationale,9,,,,
Q3090,Guy Teissier,"Teissier, Guy",,,,UDF,udf,area/bouches-du-rhône,Bouches-du-Rhône,Assemblée nationale,9,,,https://upload.wikimedia.org/wikipedia/commons/a/a1/Guy-Teissier.PNG,male
Q3121476,Guy-Michel Chauveau,"Chauveau, Guy-Michel",,,,PS,ps,area/sarthe,Sarthe,Assemblée nationale,9,,,,male
Q632930,Gérard Bapt,"Bapt, Gérard",,,,PS,ps,area/haute-garonne,Haute-Garonne,Assemblée nationale,9,,,https://upload.wikimedia.org/wikipedia/commons/3/3a/Gérard_Bapt.jpg,male
gérard_chasseguet,Gérard Chasseguet,Gérard Chasseguet,,,,RPR,rpr,area/sarthe,Sarthe,Assemblée nationale,9,,,,
gérard_gouzes,Gérard Gouzes,Gérard Gouzes,,,,PS,ps,area/lot-et-garonne,Lot-et-Garonne,Assemblée nationale,9,,,,
gérard_grignon,Gérard Grignon,Gérard Grignon,,,,UDC,udc,area/saint-pierre-et-miquelon,Saint-Pierre-et-Miquelon,Assemblée nationale,9,,,,
gérard_istace,Gérard Istace,Gérard Istace,,,,PS,ps,area/ardennes,Ardennes,Assemblée nationale,9,,,,
gérard_longuet,Gérard Longuet,Gérard Longuet,,,,UDF,udf,area/meuse,Meuse,Assemblée nationale,9,,,,
gérard_saumade,Gérard Saumade,Gérard Saumade,,,,PS,ps,area/hérault,Hérault,Assemblée nationale,9,,,,
gérard_vignoble,Gérard Vignoble,Gérard Vignoble,,,,UDC,udc,area/nord,Nord,Assemblée nationale,9,,,,
henri_bayard,Henri Bayard,Henri Bayard,,,,UDF,udf,area/loire,Loire,Assemblée nationale,9,,,,
henri_cuq,Henri Cuq,Henri Cuq,,,,RPR,rpr,area/yvelines,Yvelines,Assemblée nationale,9,,,,
Q1347791,Henri Emmanuelli,"Emmanuelli, Henri",,henriemmanuelli,,PS,ps,area/landes,Landes,Assemblée nationale,9,,,https://upload.wikimedia.org/wikipedia/commons/c/c4/Emmanuelli.jpg,male
henri_michel,Henri Michel,Henri Michel,,,,PS,ps,area/drôme,Drôme,Assemblée nationale,9,,,,
henri_nallet,Henri Nallet,Henri Nallet,,,,PS,ps,area/yonne,Yonne,Assemblée nationale,9,,,,
henri_sicre,Henri Sicre,Henri Sicre,,,,PS,ps,area/pyrénées-orientales,Pyrénées-Orientales,Assemblée nationale,9,,,,
henri_d'attilio,Henri d'Attilio,Henri d'Attilio,,,,PS,ps,area/bouches-du-rhône,Bouches-du-Rhône,Assemblée nationale,9,,,,
henri_de_gastines,Henri de Gastines,Henri de Gastines,,,,RPR,rpr,area/mayenne,Mayenne,Assemblée nationale,9,,,,
henry_jean-baptiste,Henry Jean-Baptiste,Henry Jean-Baptiste,,,,UDC,udc,area/mayotte,Mayotte,Assemblée nationale,9,,,,
hervé_de_charette,Hervé de Charette,Hervé de Charette,,,,UDF,udf,area/maine-et-loire,Maine-et-Loire,Assemblée nationale,9,,,,
hubert_falco,Hubert Falco,Hubert Falco,,,,UDF,udf,area/var,Var,Assemblée nationale,9,,,,
hubert_gouze,Hubert Gouze,Hubert Gouze,,,,PS,ps,area/tarn-et-garonne,Tarn-et-Garonne,Assemblée nationale,9,,,,
hubert_grimault,Hubert Grimault,Hubert Grimault,,,,UDC,udc,area/maine-et-loire,Maine-et-Loire,Assemblée nationale,9,,,,
huguette_bouchardeau,Huguette Bouchardeau,Huguette Bouchardeau,,,,PS,ps,area/doubs,Doubs,Assemblée nationale,9,,,,
hélène_mignon,Hélène Mignon,Hélène Mignon,,,,PS,ps,area/haute-garonne,Haute-Garonne,Assemblée nationale,9,,,,
jack_lang,Jack Lang,Jack Lang,,,,PS,ps,area/loir-et-cher,Loir-et-Cher,Assemblée nationale,9,,,,
jacqueline_alquier,Jacqueline Alquier,Jacqueline Alquier,,,,PS,ps,area/tarn,Tarn,Assemblée nationale,9,,,,
jacques_barrot,Jacques Barrot,Jacques Barrot,,,,UDC,udc,area/haute-loire,Haute-Loire,Assemblée nationale,9,,,,
jacques_baumel,Jacques Baumel,Jacques Baumel,,,,RPR,rpr,area/hauts-de-seine,Hauts-de-Seine,Assemblée nationale,9,,,,
jacques_becq,Jacques Becq,Jacques Becq,,,,PS,ps,area/somme,Somme,Assemblée nationale,9,,,,
jacques_blanc,Jacques Blanc,Jacques Blanc,,,,UDF,udf,area/lozère,Lozère,Assemblée nationale,9,,,,
jacques_boyon,Jacques Boyon,Jacques Boyon,,,,RPR,rpr,area/ain,Ain,Assemblée nationale,9,,,,
jacques_brunhes,Jacques Brunhes,Jacques Brunhes,,,,PCF,pcf,area/hauts-de-seine,Hauts-de-Seine,Assemblée nationale,9,,,,
jacques_cambolive,Jacques Cambolive,Jacques Cambolive,,,,PS,ps,area/aude,Aude,Assemblée nationale,9,,,,
jacques_chaban-delmas,Jacques Chaban-Delmas,Jacques Chaban-Delmas,,,,RPR,rpr,area/gironde,Gironde,Assemblée nationale,9,,,,
jacques_chirac,Jacques Chirac,Jacques Chirac,,,,RPR,rpr,area/corrèze,Corrèze,Assemblée nationale,9,,,,
jacques_delhy,Jacques Delhy,Jacques Delhy,,,,PS,ps,area/seine-saint-denis,Seine-Saint-Denis,Assemblée nationale,9,,,,
jacques_dominati,Jacques Dominati,Jacques Dominati,,,,UDF,udf,area/paris,Paris,Assemblée nationale,9,,,,
jacques_farran,Jacques Farran,Jacques Farran,,,,UDF,udf,area/pyrénées-orientales,Pyrénées-Orientales,Assemblée nationale,9,,,,
jacques_fleury,Jacques Fleury,Jacques Fleury,,,,PS,ps,area/somme,Somme,Assemblée nationale,9,,,,
jacques_floch,Jacques Floch,Jacques Floch,,,,PS,ps,area/loire-atlantique,Loire-Atlantique,Assemblée nationale,9,,,,
jacques_godfrain,Jacques Godfrain,Jacques Godfrain,,,,RPR,rpr,area/aveyron,Aveyron,Assemblée nationale,9,,,,
jacques_guyard,Jacques Guyard,Jacques Guyard,,,,PS,ps,area/essonne,Essonne,Assemblée nationale,9,,,,
jacques_huyghues_des_etages,Jacques Huyghues des Etages,Jacques Huyghues des Etages,,,,PS,ps,area/nièvre,Nièvre,Assemblée nationale,9,,,,
jacques_lafleur,Jacques Lafleur,Jacques Lafleur,,,,RPR,rpr,area/nouvelle-calédonie,Nouvelle-Calédonie,Assemblée nationale,9,,,,
jacques_lavédrine,Jacques Lavédrine,Jacques Lavédrine,,,,PS,ps,area/puy-de-dôme,Puy-de-Dôme,Assemblée nationale,9,,,,
jacques_limouzy,Jacques Limouzy,Jacques Limouzy,,,,RPR,rpr,area/tarn,Tarn,Assemblée nationale,9,,,,
jacques_mahéas,Jacques Mahéas,Jacques Mahéas,,,,PS,ps,area/seine-saint-denis,Seine-Saint-Denis,Assemblée nationale,9,,,,
jacques_masdeu-arus,Jacques Masdeu-Arus,Jacques Masdeu-Arus,,,,RPR,rpr,area/yvelines,Yvelines,Assemblée nationale,9,,,,
jacques_mellick,Jacques Mellick,Jacques Mellick,,,,PS,ps,area/pas-de-calais,Pas-de-Calais,Assemblée nationale,9,,,,
jacques_rimbault,Jacques Rimbault,Jacques Rimbault,,,,PCF,pcf,area/cher,Cher,Assemblée nationale,9,,,,
jacques_roger-machart,Jacques Roger-Machart,Jacques Roger-Machart,,,,PS,ps,area/haute-garonne,Haute-Garonne,Assemblée nationale,9,,,,
jacques_santrot,Jacques Santrot,Jacques Santrot,,,,PS,ps,area/vienne,Vienne,Assemblée nationale,9,,,,
jacques_toubon,Jacques Toubon,Jacques Toubon,,,,RPR,rpr,area/paris,Paris,Assemblée nationale,9,,,,
janine_Écochard,Janine Écochard,Janine Écochard,,,,PS,ps,area/bouches-du-rhône,Bouches-du-Rhône,Assemblée nationale,9,,,,
jean_anciant,Jean Anciant,Jean Anciant,,,,PS,ps,area/oise,Oise,Assemblée nationale,9,,,,
jean_auroux,Jean Auroux,Jean Auroux,,,,PS,ps,area/loire,Loire,Assemblée nationale,9,,,,
jean_beaufils,Jean Beaufils,Jean Beaufils,,,,PS,ps,area/seine-maritime,Seine-Maritime,Assemblée nationale,9,,,,
jean_besson,Jean Besson,Jean Besson,,,,RPR,rpr,area/rhône,Rhône,Assemblée nationale,9,,,,
jean_bousquet,Jean Bousquet,Jean Bousquet,,,,UDF,udf,area/gard,Gard,Assemblée nationale,9,,,,
jean_briane,Jean Briane,Jean Briane,,,,UDC,udc,area/aveyron,Aveyron,Assemblée nationale,9,,,,
jean_brocard,Jean Brocard,Jean Brocard,,,,UDF,udf,area/haute-savoie,Haute-Savoie,Assemblée nationale,9,,,,
jean_bégault,Jean Bégault,Jean Bégault,,,,UDF,udf,area/maine-et-loire,Maine-et-Loire,Assemblée nationale,9,,,,
jean_charbonnel,Jean Charbonnel,Jean Charbonnel,,,,RPR,rpr,area/corrèze,Corrèze,Assemblée nationale,9,,,,
jean_charroppin,Jean Charroppin,Jean Charroppin,,,,RPR,rpr,area/jura,Jura,Assemblée nationale,9,,,,
jean_desanlis,Jean Desanlis,Jean Desanlis,,,,UDF,udf,area/loir-et-cher,Loir-et-Cher,Assemblée nationale,9,,,,
jean_falala,Jean Falala,Jean Falala,,,,RPR,rpr,area/marne,Marne,Assemblée nationale,9,,,,
jean_gatel,Jean Gatel,Jean Gatel,,,,PS,ps,area/vaucluse,Vaucluse,Assemblée nationale,9,,,,
jean_giovannelli,Jean Giovannelli,Jean Giovannelli,,,,PS,ps,area/morbihan,Morbihan,Assemblée nationale,9,,,,
jean_kiffer,Jean Kiffer,Jean Kiffer,,,,RPR,rpr,area/moselle,Moselle,Assemblée nationale,9,,,,
jean_laborde,Jean Laborde,Jean Laborde,,,,PS,ps,area/gers,Gers,Assemblée nationale,9,,,,
jean_lacombe,Jean Lacombe,Jean Lacombe,,,,PS,ps,area/hérault,Hérault,Assemblée nationale,9,,,,
jean_laurain,Jean Laurain,Jean Laurain,,,,PS,ps,area/moselle,Moselle,Assemblée nationale,9,,,,
jean_le_garrec,Jean Le Garrec,Jean Le Garrec,,,,PS,ps,area/nord,Nord,Assemblée nationale,9,,,,
jean_louis_masson,Jean Louis Masson,Jean Louis Masson,,,,RPR,rpr,area/moselle,Moselle,Assemblée nationale,9,,,,
jean_oehler,Jean Oehler,Jean Oehler,,,,PS,ps,area/bas-rhin,Bas-Rhin,Assemblée nationale,9,,,,
jean_poperen,Jean Poperen,Jean Poperen,,,,PS,ps,area/rhône,Rhône,Assemblée nationale,9,,,,
jean_proriol,Jean Proriol,Jean Proriol,,,,UDF,udf,area/haute-loire,Haute-Loire,Assemblée nationale,9,,,,
jean_proveux,Jean Proveux,Jean Proveux,,,,PS,ps,area/indre-et-loire,Indre-et-Loire,Assemblée nationale,9,,,,
jean_rigal,Jean Rigal,Jean Rigal,,,,PS,ps,area/aveyron,Aveyron,Assemblée nationale,9,,,,
jean_rigaud,Jean Rigaud,Jean Rigaud,,,,UDF,udf,area/rhône,Rhône,Assemblée nationale,9,,,,
jean_royer,Jean Royer,Jean Royer,,,,Non Inscrit,non_inscrit,area/indre-et-loire,Indre-et-Loire,Assemblée nationale,9,,,,
jean_seitlinger,Jean Seitlinger,Jean Seitlinger,,,,UDF,udf,area/moselle,Moselle,Assemblée nationale,9,,,,
jean_tardito,Jean Tardito,Jean Tardito,,,,PCF,pcf,area/bouches-du-rhône,Bouches-du-Rhône,Assemblée nationale,9,,,,
jean_tiberi,Jean Tiberi,Jean Tiberi,,,,RPR,rpr,area/paris,Paris,Assemblée nationale,9,,,,
jean_ueberschlag,Jean Ueberschlag,Jean Ueberschlag,,,,RPR,rpr,area/haut-rhin,Haut-Rhin,Assemblée nationale,9,,,,
jean_valleix,Jean Valleix,Jean Valleix,,,,RPR,rpr,area/gironde,Gironde,Assemblée nationale,9,,,,
jean_de_gaulle,Jean de Gaulle,Jean de Gaulle,,,,RPR,rpr,area/deux-sèvres,Deux-Sèvres,Assemblée nationale,9,,,,
jean_de_lipkowski,Jean de Lipkowski,Jean de Lipkowski,,,,RPR,rpr,area/charente-maritime,Charente-Maritime,Assemblée nationale,9,,,,
jean-charles_cavaillé,Jean-Charles Cavaillé,Jean-Charles Cavaillé,,,,RPR,rpr,area/morbihan,Morbihan,Assemblée nationale,9,,,,
Q1684726,Jean-Christophe Cambadélis,"Cambadélis, Jean-Christophe",,,,PS,ps,area/paris,Paris,Assemblée nationale,9,,,https://upload.wikimedia.org/wikipedia/commons/8/86/Socialist_rally_Zenith_2007_05_29_n1.jpg,male
jean-claude_bateux,Jean-Claude Bateux,Jean-Claude Bateux,,,,PS,ps,area/seine-maritime,Seine-Maritime,Assemblée nationale,9,,,,
jean-claude_blin,Jean-Claude Blin,Jean-Claude Blin,,,,PS,ps,area/indre,Indre,Assemblée nationale,9,,,,
jean-claude_bois,Jean-Claude Bois,Jean-Claude Bois,,,,PS,ps,area/pas-de-calais,Pas-de-Calais,Assemblée nationale,9,,,,
jean-claude_boulard,Jean-Claude Boulard,Jean-Claude Boulard,,,,PS,ps,area/sarthe,Sarthe,Assemblée nationale,9,,,,
jean-claude_dessein,Jean-Claude Dessein,Jean-Claude Dessein,,,,PS,ps,area/somme,Somme,Assemblée nationale,9,,,,
jean-claude_gaudin,Jean-Claude Gaudin,Jean-Claude Gaudin,,,,UDF,udf,area/bouches-du-rhône,Bouches-du-Rhône,Assemblée nationale,9,,,,
jean-claude_gayssot,Jean-Claude Gayssot,Jean-Claude Gayssot,,,,PCF,pcf,area/seine-saint-denis,Seine-Saint-Denis,Assemblée nationale,9,,,,
jean-claude_lefort,Jean-Claude Lefort,Jean-Claude Lefort,,,,PCF,pcf,area/val-de-marne,Val-de-Marne,Assemblée nationale,9,,,,
Q1188660,Jean-Claude Mignon,"Mignon, Jean-Claude",,DeputeMIGNON,,RPR,rpr,area/seine-et-marne,Seine-et-Marne,Assemblée nationale,9,,,https://upload.wikimedia.org/wikipedia/commons/4/49/Jcmignon.portrait.jpg,male
jean-claude_peyronnet,Jean-Claude Peyronnet,Jean-Claude Peyronnet,,,,PS,ps,area/haute-vienne,Haute-Vienne,Assemblée nationale,9,,,,
jean-claude_thomas,Jean-Claude Thomas,Jean-Claude Thomas,,,,RPR,rpr,area/marne,Marne,Assemblée nationale,9,,,,
jean-françois_deniau,Jean-François Deniau,Jean-François Deniau,,,,UDF,udf,area/cher,Cher,Assemblée nationale,9,,,,
Q3165759,Jean-François Mancel,"Mancel, Jean-François",,JFMancel,,RPR,rpr,area/essonne,Essonne,Assemblée nationale,9,,,https://upload.wikimedia.org/wikipedia/commons/1/18/Mancel_JF.jpg,male
jean-guy_branger,Jean-Guy Branger,Jean-Guy Branger,,,,UDF,udf,area/charente-maritime,Charente-Maritime,Assemblée nationale,9,,,,
jean-jack_queyranne,Jean-Jack Queyranne,Jean-Jack Queyranne,,,,PS,ps,area/rhône,Rhône,Assemblée nationale,9,,,,
jean-jacques_hyest,Jean-Jacques Hyest,Jean-Jacques Hyest,,,,UDC,udc,area/seine-et-marne,Seine-et-Marne,Assemblée nationale,9,,,,
jean-jacques_jégou,Jean-Jacques Jégou,Jean-Jacques Jégou,,,,UDC,udc,area/val-de-marne,Val-de-Marne,Assemblée nationale,9,,,,
jean-jacques_weber,Jean-Jacques Weber,Jean-Jacques Weber,,,,UDC,udc,area/haut-rhin,Haut-Rhin,Assemblée nationale,9,,,,
jean-louis_debré,Jean-Louis Debré,Jean-Louis Debré,,,,RPR,rpr,area/eure,Eure,Assemblée nationale,9,,,,
Q3166748,Jean-Louis Dumont,"Dumont, Jean-Louis",,,,PS,ps,area/meuse,Meuse,Assemblée nationale,9,,,,male
jean-louis_goasduff,Jean-Louis Goasduff,Jean-Louis Goasduff,,,,RPR,rpr,area/finistère,Finistère,Assemblée nationale,9,,,,
jean-luc_préel,Jean-Luc Préel,Jean-Luc Préel,,,,UDF,udf,area/vendée,Vendée,Assemblée nationale,9,,,,
Q3167246,Jean-Luc Reitzer,"Reitzer, Jean-Luc",,,,RPR,rpr,area/haut-rhin,Haut-Rhin,Assemblée nationale,9,,,,male
Q7711,Jean-Marc Ayrault,"Ayrault, Jean-Marc",,jeanmarcayrault,jmayrault,PS,ps,area/loire-atlantique,Loire-Atlantique,Assemblée nationale,9,,,https://upload.wikimedia.org/wikipedia/commons/3/3f/Ayrault.jpg,male
jean-marc_nesme,Jean-Marc Nesme,Jean-Marc Nesme,,,,UDF,udf,area/saône-et-loire,Saône-et-Loire,Assemblée nationale,9,,,,
jean-marie_alaize,Jean-Marie Alaize,Jean-Marie Alaize,,,,PS,ps,area/ardèche,Ardèche,Assemblée nationale,9,,,,
jean-marie_bockel,Jean-Marie Bockel,Jean-Marie Bockel,,,,PS,ps,area/haut-rhin,Haut-Rhin,Assemblée nationale,9,,,,
jean-marie_cambacérès,Jean-Marie Cambacérès,Jean-Marie Cambacérès,,,,PS,ps,area/gard,Gard,Assemblée nationale,9,,,,
jean-marie_caro,Jean-Marie Caro,Jean-Marie Caro,,,,UDF,udf,area/bas-rhin,Bas-Rhin,Assemblée nationale,9,,,,
jean-marie_daillet,Jean-Marie Daillet,Jean-Marie Daillet,,,,UDC,udc,area/manche,Manche,Assemblée nationale,9,,,,
jean-marie_demange,Jean-Marie Demange,Jean-Marie Demange,,,,RPR,rpr,area/moselle,Moselle,Assemblée nationale,9,,,,
jean-marie_leduc,Jean-Marie Leduc,Jean-Marie Leduc,,,,PS,ps,area/seine-maritime,Seine-Maritime,Assemblée nationale,9,,,,
jean-michel_baylet,Jean-Michel Baylet,Jean-Michel Baylet,,,,PS,ps,area/tarn-et-garonne,Tarn-et-Garonne,Assemblée nationale,9,,,,
jean-michel_belorgey,Jean-Michel Belorgey,Jean-Michel Belorgey,,,,PS,ps,area/allier,Allier,Assemblée nationale,9,,,,
jean-michel_boucheron,Jean-Michel Boucheron,Jean-Michel Boucheron,,,,PS,ps,area/ille-et-vilaine,Ille-et-Vilaine,Assemblée nationale,9,,,,
jean-michel_boucheron,Jean-Michel Boucheron,Jean-Michel Boucheron,,,,PS,ps,area/charente,Charente,Assemblée nationale,9,,,,
Q868322,Jean-Michel Couve,"Couve, Jean-Michel",,jmcouve,,RPR,rpr,area/var,Var,Assemblée nationale,9,,,https://upload.wikimedia.org/wikipedia/commons/0/01/Jean-michel_Couve.jpg,male
jean-michel_dubernard,Jean-Michel Dubernard,Jean-Michel Dubernard,,,,RPR,rpr,area/rhône,Rhône,Assemblée nationale,9,,,,
jean-michel_ferrand,Jean-Michel Ferrand,Jean-Michel Ferrand,,,,RPR,rpr,area/vaucluse,Vaucluse,Assemblée nationale,9,,,,
jean-michel_testu,Jean-Michel Testu,Jean-Michel Testu,,,,PS,ps,area/indre-et-loire,Indre-et-Loire,Assemblée nationale,9,,,,
jean-paul_bachy,Jean-Paul Bachy,Jean-Paul Bachy,,,,PS,ps,area/ardennes,Ardennes,Assemblée nationale,9,,,,
Q3168410,Jean-Paul Chanteguet,"Chanteguet, Jean-Paul",,,,PS,ps,area/indre,Indre,Assemblée nationale,9,,,,male
jean-paul_charié,Jean-Paul Charié,Jean-Paul Charié,,,,RPR,rpr,area/loiret,Loiret,Assemblée nationale,9,,,,
jean-paul_durieux,Jean-Paul Durieux,Jean-Paul Durieux,,,,PS,ps,area/meurthe-et-moselle,Meurthe-et-Moselle,Assemblée nationale,9,,,,
jean-paul_fuchs,Jean-Paul Fuchs,Jean-Paul Fuchs,,,,UDC,udc,area/haut-rhin,Haut-Rhin,Assemblée nationale,9,,,,
jean-paul_planchou,Jean-Paul Planchou,Jean-Paul Planchou,,,,PS,ps,area/seine-et-marne,Seine-et-Marne,Assemblée nationale,9,,,,
jean-paul_virapoullé,Jean-Paul Virapoullé,Jean-Paul Virapoullé,,,,UDC,udc,area/la_réunion,La Réunion,Assemblée nationale,9,,,,
jean-paul_de_rocca_serra,Jean-Paul de Rocca Serra,Jean-Paul de Rocca Serra,,,,RPR,rpr,area/corse-du-sud,Corse-du-Sud,Assemblée nationale,9,,,,
jean-philippe_lachenaud,Jean-Philippe Lachenaud,Jean-Philippe Lachenaud,,,,UDF,udf,area/val-d'oise,Val-d'Oise,Assemblée nationale,9,,,,
jean-pierre_baeumler,Jean-Pierre Baeumler,Jean-Pierre Baeumler,,,,PS,ps,area/haut-rhin,Haut-Rhin,Assemblée nationale,9,,,,
jean-pierre_balduyck,Jean-Pierre Balduyck,Jean-Pierre Balduyck,,,,PS,ps,area/nord,Nord,Assemblée nationale,9,,,,
jean-pierre_balligand,Jean-Pierre Balligand,Jean-Pierre Balligand,,,,PS,ps,area/aisne,Aisne,Assemblée nationale,9,,,,
jean-pierre_bouquet,Jean-Pierre Bouquet,Jean-Pierre Bouquet,,,,PS,ps,area/marne,Marne,Assemblée nationale,9,,,,
jean-pierre_braine,Jean-Pierre Braine,Jean-Pierre Braine,,,,PS,ps,area/oise,Oise,Assemblée nationale,9,,,,
jean-pierre_brard,Jean-Pierre Brard,Jean-Pierre Brard,,,,PCF,pcf,area/seine-saint-denis,Seine-Saint-Denis,Assemblée nationale,9,,,,
jean-pierre_béquet,Jean-Pierre Béquet,Jean-Pierre Béquet,,,,PS,ps,area/val-d'oise,Val-d'Oise,Assemblée nationale,9,,,,
jean-pierre_chevènement,Jean-Pierre Chevènement,Jean-Pierre Chevènement,,,,PS,ps,area/territoire_de_belfort,Territoire de Belfort,Assemblée nationale,9,,,,
jean-pierre_defontaine,Jean-Pierre Defontaine,Jean-Pierre Defontaine,,,,PS,ps,area/pas-de-calais,Pas-de-Calais,Assemblée nationale,9,,,,
jean-pierre_delalande,Jean-Pierre Delalande,Jean-Pierre Delalande,,,,RPR,rpr,area/val-d'oise,Val-d'Oise,Assemblée nationale,9,,,,
jean-pierre_foucher,Jean-Pierre Foucher,Jean-Pierre Foucher,,,,UDC,udc,area/hauts-de-seine,Hauts-de-Seine,Assemblée nationale,9,,,,
jean-pierre_fourré,Jean-Pierre Fourré,Jean-Pierre Fourré,,,,PS,ps,area/seine-et-marne,Seine-et-Marne,Assemblée nationale,9,,,,
jean-pierre_joseph,Jean-Pierre Joseph,Jean-Pierre Joseph,,,,PS,ps,area/gers,Gers,Assemblée nationale,9,,,,
jean-pierre_kucheida,Jean-Pierre Kucheida,Jean-Pierre Kucheida,,,,PS,ps,area/pas-de-calais,Pas-de-Calais,Assemblée nationale,9,,,,
jean-pierre_lapaire,Jean-Pierre Lapaire,Jean-Pierre Lapaire,,,,PS,ps,area/loiret,Loiret,Assemblée nationale,9,,,,
jean-pierre_luppi,Jean-Pierre Luppi,Jean-Pierre Luppi,,,,PS,ps,area/isère,Isère,Assemblée nationale,9,,,,
jean-pierre_michel,Jean-Pierre Michel,Jean-Pierre Michel,,,,PS,ps,area/haute-saône,Haute-Saône,Assemblée nationale,9,,,,
jean-pierre_philibert,Jean-Pierre Philibert,Jean-Pierre Philibert,,,,UDF,udf,area/loire,Loire,Assemblée nationale,9,,,,
jean-pierre_pénicaut,Jean-Pierre Pénicaut,Jean-Pierre Pénicaut,,,,PS,ps,area/landes,Landes,Assemblée nationale,9,,,,
jean-pierre_santa_cruz,Jean-Pierre Santa Cruz,Jean-Pierre Santa Cruz,,,,PS,ps,area/jura,Jura,Assemblée nationale,9,,,,
jean-pierre_soisson,Jean-Pierre Soisson,Jean-Pierre Soisson,,,,UDC,udc,area/yonne,Yonne,Assemblée nationale,9,,,,
jean-pierre_sueur,Jean-Pierre Sueur,Jean-Pierre Sueur,,,,PS,ps,area/loiret,Loiret,Assemblée nationale,9,,,,
jean-pierre_worms,Jean-Pierre Worms,Jean-Pierre Worms,,,,PS,ps,area/saône-et-loire,Saône-et-Loire,Assemblée nationale,9,,,,
jean-pierre_de_peretti_della_rocca,Jean-Pierre de Peretti della Rocca,Jean-Pierre de Peretti della Rocca,,,,UDF,udf,area/bouches-du-rhône,Bouches-du-Rhône,Assemblée nationale,9,,,,
jean-yves_chamard,Jean-Yves Chamard,Jean-Yves Chamard,,,,RPR,rpr,area/vienne,Vienne,Assemblée nationale,9,,,,
jean-yves_cozan,Jean-Yves Cozan,Jean-Yves Cozan,,,,UDC,udc,area/finistère,Finistère,Assemblée nationale,9,,,,
jean-yves_gateaud,Jean-Yves Gateaud,Jean-Yves Gateaud,,,,PS,ps,area/indre,Indre,Assemblée nationale,9,,,,
jean-yves_haby,Jean-Yves Haby,Jean-Yves Haby,,,,UDF,udf,area/hauts-de-seine,Hauts-de-Seine,Assemblée nationale,9,,,,
jean-yves_le_drian,Jean-Yves Le Drian,Jean-Yves Le Drian,,,,PS,ps,area/morbihan,Morbihan,Assemblée nationale,9,,,,
Q3170164,Jean-Yves Le Déaut,Le Deaut Jean-Yves,,,,PS,ps,area/meurthe-et-moselle,Meurthe-et-Moselle,Assemblée nationale,9,,,"https://upload.wikimedia.org/wikipedia/commons/a/a0/Jean-Yves_Le_Déaut,_2015.JPG",male
jeanny_lorgeoux,Jeanny Lorgeoux,Jeanny Lorgeoux,,,,PS,ps,area/loir-et-cher,Loir-et-Cher,Assemblée nationale,9,,,,
job_durupt,Job Durupt,Job Durupt,,,,PS,ps,area/meurthe-et-moselle,Meurthe-et-Moselle,Assemblée nationale,9,,,,
joseph_gourmelon,Joseph Gourmelon,Joseph Gourmelon,,,,PS,ps,area/finistère,Finistère,Assemblée nationale,9,,,,
joseph_vidal,Joseph Vidal,Joseph Vidal,,,,PS,ps,area/aude,Aude,Assemblée nationale,9,,,,
joseph-henri_maujoüan_du_gasset,Joseph-Henri Maujoüan du Gasset,Joseph-Henri Maujoüan du Gasset,,,,UDF,udf,area/loire-atlantique,Loire-Atlantique,Assemblée nationale,9,,,,
josé_rossi,José Rossi,José Rossi,,,,UDF,udf,area/corse-du-sud,Corse-du-Sud,Assemblée nationale,9,,,,
julien_dray,Julien Dray,Julien Dray,,,,PS,ps,area/essonne,Essonne,Assemblée nationale,9,,,,
jérôme_lambert,Jérôme Lambert,"Lambert, Jérôme",,,,PS,ps,area/charente,Charente,Assemblée nationale,9,,,,
ladislas_poniatowski,Ladislas Poniatowski,Ladislas Poniatowski,,,,UDF,udf,area/eure,Eure,Assemblée nationale,9,,,,
Q3219106,Laurent Cathala,"Cathala, Laurent",,,,PS,ps,area/val-de-marne,Val-de-Marne,Assemblée nationale,9,,,,male
Q217070,Laurent Fabius,Laurent Fabius,,,,PS,ps,area/seine-maritime,Seine-Maritime,Assemblée nationale,9,,,https://upload.wikimedia.org/wikipedia/commons/8/88/Laurent_Fabius_-_Royal_&_Zapatero's_meeting_in_Toulouse_for_the_2007_French_presidential_election_0538_2007-04-19.jpg,male
laurent_vergès,Laurent Vergès,Laurent Vergès,,,,Non Inscrit,non_inscrit,area/la_réunion,La Réunion,Assemblée nationale,9,,,,
lionel_jospin,Lionel Jospin,Lionel Jospin,,,,PS,ps,area/haute-garonne,Haute-Garonne,Assemblée nationale,9,,,,
lionel_stoléru,Lionel Stoléru,Lionel Stoléru,,,,PS,ps,area/oise,Oise,Assemblée nationale,9,,,,
louis_besson,Louis Besson,Louis Besson,,,,PS,ps,area/savoie,Savoie,Assemblée nationale,9,,,,
louis_colombani,Louis Colombani,Louis Colombani,,,,UDF,udf,area/var,Var,Assemblée nationale,9,,,,
louis_le_pensec,Louis Le Pensec,Louis Le Pensec,,,,PS,ps,area/finistère,Finistère,Assemblée nationale,9,,,,
louis_mermaz,Louis Mermaz,Louis Mermaz,,,,PS,ps,area/isère,Isère,Assemblée nationale,9,,,,
louis_mexandeau,Louis Mexandeau,Louis Mexandeau,,,,PS,ps,area/calvados,Calvados,Assemblée nationale,9,,,,
louis_pierna,Louis Pierna,Louis Pierna,,,,PCF,pcf,area/seine-saint-denis,Seine-Saint-Denis,Assemblée nationale,9,,,,
louis_de_broissia,Louis de Broissia,Louis de Broissia,,,,RPR,rpr,area/côte-d'or,Côte-d'Or,Assemblée nationale,9,,,,
louise_moreau,Louise Moreau,Louise Moreau,,,,UDF,udf,area/alpes-maritimes,Alpes-Maritimes,Assemblée nationale,9,,,,
loïc_bouvard,Loïc Bouvard,Loïc Bouvard,,,,UDC,udc,area/morbihan,Morbihan,Assemblée nationale,9,,,,
lucette_michaux-chevry,Lucette Michaux-Chevry,Lucette Michaux-Chevry,,,,RPR,rpr,area/guadeloupe,Guadeloupe,Assemblée nationale,9,,,,
lucien_guichon,Lucien Guichon,Lucien Guichon,,,,RPR,rpr,area/ain,Ain,Assemblée nationale,9,,,,
lucien_richard,Lucien Richard,Lucien Richard,,,,RPR,rpr,area/loire-atlantique,Loire-Atlantique,Assemblée nationale,9,,,,
léon_bertrand,Léon Bertrand,Léon Bertrand,,,,RPR,rpr,area/guyane,Guyane,Assemblée nationale,9,,,,
léon_vachet,Léon Vachet,Léon Vachet,,,,RPR,rpr,area/bouches-du-rhône,Bouches-du-Rhône,Assemblée nationale,9,,,,
léonce_deprez,Léonce Deprez,Léonce Deprez,,,,UDF,udf,area/pas-de-calais,Pas-de-Calais,Assemblée nationale,9,,,,
Q937175,Marc Dolez,"Dolez, Marc",,,,PS,ps,area/nord,Nord,Assemblée nationale,9,,,https://upload.wikimedia.org/wikipedia/commons/b/b7/Marc_Dolez.jpg,male
Q3288161,Marc Laffineur,"Laffineur, Marc",,,,UDF,udf,area/maine-et-loire,Maine-et-Loire,Assemblée nationale,9,,,https://upload.wikimedia.org/wikipedia/commons/6/65/Marc_Laffineur2.jpg,male
marc_reymann,Marc Reymann,Marc Reymann,,,,UDF,udf,area/bas-rhin,Bas-Rhin,Assemblée nationale,9,,,,
marcel_dehoux,Marcel Dehoux,Marcel Dehoux,,,,PS,ps,area/nord,Nord,Assemblée nationale,9,,,,
marcel_garrouste,Marcel Garrouste,Marcel Garrouste,,,,PS,ps,area/lot-et-garonne,Lot-et-Garonne,Assemblée nationale,9,,,,
marcel_mocœur,Marcel Mocœur,Marcel Mocœur,,,,PS,ps,area/haute-vienne,Haute-Vienne,Assemblée nationale,9,,,,
marcel_wacheux,Marcel Wacheux,Marcel Wacheux,,,,PS,ps,area/pas-de-calais,Pas-de-Calais,Assemblée nationale,9,,,,
marcelin_berthelot,Marcelin Berthelot,Marcelin Berthelot,,,,PCF,pcf,area/seine-saint-denis,Seine-Saint-Denis,Assemblée nationale,9,,,,
marie_jacq,Marie Jacq,Marie Jacq,,,,PS,ps,area/finistère,Finistère,Assemblée nationale,9,,,,
marie-france_lecuir,Marie-France Lecuir,Marie-France Lecuir,,,,PS,ps,area/val-d'oise,Val-d'Oise,Assemblée nationale,9,,,,
marie-josèphe_sublet,Marie-Josèphe Sublet,Marie-Josèphe Sublet,,,,PS,ps,area/rhône,Rhône,Assemblée nationale,9,,,,
marie-noëlle_lienemann,Marie-Noëlle Lienemann,Marie-Noëlle Lienemann,,,,PS,ps,area/essonne,Essonne,Assemblée nationale,9,,,,
marius_masse,Marius Masse,Marius Masse,,,,PS,ps,area/bouches-du-rhône,Bouches-du-Rhône,Assemblée nationale,9,,,,
martial_taugourdeau,Martial Taugourdeau,Martial Taugourdeau,,,,RPR,rpr,area/eure-et-loir,Eure-et-Loir,Assemblée nationale,9,,,,
martin_malvy,Martin Malvy,Martin Malvy,,,,PS,ps,area/oise,Oise,Assemblée nationale,9,,,,
martine_daugreilh,Martine Daugreilh,Martine Daugreilh,,,,RPR,rpr,area/alpes-maritimes,Alpes-Maritimes,Assemblée nationale,9,,,,
maurice_adevah-pœuf,Maurice Adevah-Pœuf,Maurice Adevah-Pœuf,,,,PS,ps,area/puy-de-dôme,Puy-de-Dôme,Assemblée nationale,9,,,,
maurice_briand,Maurice Briand,Maurice Briand,,,,PS,ps,area/côtes-du-nord,Côtes-du-Nord,Assemblée nationale,9,,,,
maurice_dousset,Maurice Dousset,Maurice Dousset,,,,UDF,udf,area/eure-et-loir,Eure-et-Loir,Assemblée nationale,9,,,,
maurice_ligot,Maurice Ligot,Maurice Ligot,,,,UDF,udf,area/maine-et-loire,Maine-et-Loire,Assemblée nationale,9,,,,
maurice_louis-joseph-dogué,Maurice Louis-Joseph-Dogué,Maurice Louis-Joseph-Dogué,,,,PS,ps,area/martinique,Martinique,Assemblée nationale,9,,,,
maurice_nénou-pwataho,Maurice Nénou-Pwataho,Maurice Nénou-Pwataho,,,,RPR,rpr,area/nouvelle-calédonie,Nouvelle-Calédonie,Assemblée nationale,9,,,,
maurice_pourchon,Maurice Pourchon,Maurice Pourchon,,,,PS,ps,area/puy-de-dôme,Puy-de-Dôme,Assemblée nationale,9,,,,
maurice_sergheraert,Maurice Sergheraert,Maurice Sergheraert,,,,Non Inscrit,non_inscrit,area/nord,Nord,Assemblée nationale,9,,,,
michel_barnier,Michel Barnier,Michel Barnier,,,,RPR,rpr,area/savoie,Savoie,Assemblée nationale,9,,,,
michel_berson,Michel Berson,Michel Berson,,,,PS,ps,area/essonne,Essonne,Assemblée nationale,9,,,,
michel_bérégovoy,Michel Bérégovoy,Michel Bérégovoy,,,,PS,ps,area/seine-maritime,Seine-Maritime,Assemblée nationale,9,,,,
michel_cartelet,Michel Cartelet,Michel Cartelet,,,,PS,ps,area/aube,Aube,Assemblée nationale,9,,,,
michel_charzat,Michel Charzat,Michel Charzat,,,,PS,ps,area/paris,Paris,Assemblée nationale,9,,,,
michel_coffineau,Michel Coffineau,Michel Coffineau,,,,PS,ps,area/val-d'oise,Val-d'Oise,Assemblée nationale,9,,,,
michel_cointat,Michel Cointat,Michel Cointat,,,,RPR,rpr,area/ille-et-vilaine,Ille-et-Vilaine,Assemblée nationale,9,,,,
michel_crépeau,Michel Crépeau,Michel Crépeau,,,,PS,ps,area/charente-maritime,Charente-Maritime,Assemblée nationale,9,,,,
michel_delebarre,Michel Delebarre,Michel Delebarre,,,,PS,ps,area/nord,Nord,Assemblée nationale,9,,,,
Q959067,Michel Destot,"Destot, Michel",,,,PS,ps,area/isère,Isère,Assemblée nationale,9,,,https://upload.wikimedia.org/wikipedia/commons/a/a6/Michel_Destot_-_Critérium_du_Dauphiné_2012_-_Prologue.jpg,male
michel_dinet,Michel Dinet,Michel Dinet,,,,PS,ps,area/meurthe-et-moselle,Meurthe-et-Moselle,Assemblée nationale,9,,,,
michel_giraud,Michel Giraud,Michel Giraud,,,,RPR,rpr,area/val-de-marne,Val-de-Marne,Assemblée nationale,9,,,,
michel_inchauspé,Michel Inchauspé,Michel Inchauspé,,,,RPR,rpr,area/pyrénées-atlantiques,Pyrénées-Atlantiques,Assemblée nationale,9,,,,
michel_jacquemin,Michel Jacquemin,Michel Jacquemin,,,,UDC,udc,area/doubs,Doubs,Assemblée nationale,9,,,,
michel_lambert,Michel Lambert,Michel Lambert,,,,PS,ps,area/orne,Orne,Assemblée nationale,9,,,,
michel_meylan,Michel Meylan,Michel Meylan,,,,UDF,udf,area/haute-savoie,Haute-Savoie,Assemblée nationale,9,,,,
michel_noir,Michel Noir,Michel Noir,,,,RPR,rpr,area/rhône,Rhône,Assemblée nationale,9,,,,
michel_pelchat,Michel Pelchat,Michel Pelchat,,,,UDF,udf,area/essonne,Essonne,Assemblée nationale,9,,,,
michel_pezet,Michel Pezet,Michel Pezet,,,,PS,ps,area/bouches-du-rhône,Bouches-du-Rhône,Assemblée nationale,9,,,,
michel_péricard,Michel Péricard,Michel Péricard,,,,RPR,rpr,area/yvelines,Yvelines,Assemblée nationale,9,,,,
michel_rocard,Michel Rocard,Michel Rocard,,,,PS,ps,area/yvelines,Yvelines,Assemblée nationale,9,,,,
michel_sainte-marie,Michel Sainte-Marie,Michel Sainte-Marie,,,,PS,ps,area/gironde,Gironde,Assemblée nationale,9,,,,
michel_sapin,Michel Sapin,Michel Sapin,,,,PS,ps,area/hauts-de-seine,Hauts-de-Seine,Assemblée nationale,9,,,,
michel_suchod,Michel Suchod,Michel Suchod,,,,PS,ps,area/dordogne,Dordogne,Assemblée nationale,9,,,,
Q12939,Michel Terrot,"Terrot, Michel",,,,RPR,rpr,area/rhône,Rhône,Assemblée nationale,9,,,,male
Q609661,Michel Vauzelle,"Vauzelle, Michel",,Vauzelle,michel.vauzelle,PS,ps,area/bouches-du-rhône,Bouches-du-Rhône,Assemblée nationale,9,,,https://upload.wikimedia.org/wikipedia/commons/8/8c/Vauzelle_Meeting_régionales_2010.jpg,male
Q3311094,Michel Voisin,"Voisin, Michel",,,,UDC,udc,area/ain,Ain,Assemblée nationale,9,,,https://upload.wikimedia.org/wikipedia/commons/7/75/Michel_Voisin_-_2013_(cropped).jpg,male
michel_d'ornano,Michel d'Ornano,Michel d'Ornano,,,,UDF,udf,area/calvados,Calvados,Assemblée nationale,9,,,,
michèle_alliot-marie,Michèle Alliot-Marie,Michèle Alliot-Marie,,,,RPR,rpr,area/pyrénées-atlantiques,Pyrénées-Atlantiques,Assemblée nationale,9,,,,
michèle_barzach,Michèle Barzach,Michèle Barzach,,,,RPR,rpr,area/paris,Paris,Assemblée nationale,9,,,,
monique_papon,Monique Papon,Monique Papon,,,,UDF,udf,area/loire-atlantique,Loire-Atlantique,Assemblée nationale,9,,,,
muguette_jacquaint,Muguette Jacquaint,Muguette Jacquaint,,,,PCF,pcf,area/seine-saint-denis,Seine-Saint-Denis,Assemblée nationale,9,,,,
nicolas_sarkozy,Nicolas Sarkozy,Nicolas Sarkozy,,,,RPR,rpr,area/hauts-de-seine,Hauts-de-Seine,Assemblée nationale,9,,,,
nicole_catala,Nicole Catala,Nicole Catala,,,,RPR,rpr,area/paris,Paris,Assemblée nationale,9,,,,
noël_josèphe,Noël Josèphe,Noël Josèphe,,,,PS,ps,area/pas-de-calais,Pas-de-Calais,Assemblée nationale,9,,,,
olivier_guichard,Olivier Guichard,Olivier Guichard,,,,RPR,rpr,area/loire-atlantique,Loire-Atlantique,Assemblée nationale,9,,,,
olivier_stirn,Olivier Stirn,Olivier Stirn,,,,PS,ps,area/manche,Manche,Assemblée nationale,9,,,,
pascal_clément,Pascal Clément,Pascal Clément,,,,UDF,udf,area/loire,Loire,Assemblée nationale,9,,,,
Q945181,Patrick Balkany,"Balkany, Patrick",,,,RPR,rpr,area/hauts-de-seine,Hauts-de-Seine,Assemblée nationale,9,,,https://upload.wikimedia.org/wikipedia/commons/f/fe/Balkany_Patrick_cropped.JPG,male
Q1383590,Patrick Devedjian,"Devedjian, Patrick",,,,RPR,rpr,area/hauts-de-seine,Hauts-de-Seine,Assemblée nationale,9,,,https://upload.wikimedia.org/wikipedia/commons/9/9b/Patrick_Devedjian_2007_06_06_n1.jpg,male
Q976436,Patrick Ollier,"Ollier, Patrick",,,,RPR,rpr,area/hautes-alpes,Hautes-Alpes,Assemblée nationale,9,,,https://upload.wikimedia.org/wikipedia/commons/e/e0/Patrick_Ollier.jpg,male
paul_chollet,Paul Chollet,Paul Chollet,,,,UDF,udf,area/lot-et-garonne,Lot-et-Garonne,Assemblée nationale,9,,,,
paul_dhaille,Paul Dhaille,Paul Dhaille,,,,PS,ps,area/seine-maritime,Seine-Maritime,Assemblée nationale,9,,,,
paul_lombard,Paul Lombard,Paul Lombard,,,,PCF,pcf,area/bouches-du-rhône,Bouches-du-Rhône,Assemblée nationale,9,,,,
paul_quilès,Paul Quilès,Paul Quilès,,,,PS,ps,area/paris,Paris,Assemblée nationale,9,,,,
paul-louis_tenaillon,Paul-Louis Tenaillon,Paul-Louis Tenaillon,,,,UDF,udf,area/yvelines,Yvelines,Assemblée nationale,9,,,,
philippe_auberger,Philippe Auberger,Philippe Auberger,,,,RPR,rpr,area/yonne,Yonne,Assemblée nationale,9,,,,
philippe_bassinet,Philippe Bassinet,Philippe Bassinet,,,,PS,ps,area/hauts-de-seine,Hauts-de-Seine,Assemblée nationale,9,,,,
philippe_legras,Philippe Legras,Philippe Legras,,,,RPR,rpr,area/haute-saône,Haute-Saône,Assemblée nationale,9,,,,
philippe_marchand,Philippe Marchand,Philippe Marchand,,,,PS,ps,area/charente-maritime,Charente-Maritime,Assemblée nationale,9,,,,
philippe_mestre,Philippe Mestre,Philippe Mestre,,,,UDF,udf,area/vendée,Vendée,Assemblée nationale,9,,,,
philippe_sanmarco,Philippe Sanmarco,Philippe Sanmarco,,,,PS,ps,area/bouches-du-rhône,Bouches-du-Rhône,Assemblée nationale,9,,,,
philippe_séguin,Philippe Séguin,Philippe Séguin,,,,RPR,rpr,area/vosges,Vosges,Assemblée nationale,9,,,,
philippe_vasseur,Philippe Vasseur,Philippe Vasseur,,,,UDF,udf,area/pas-de-calais,Pas-de-Calais,Assemblée nationale,9,,,,
philippe_de_villiers,Philippe de Villiers,Philippe de Villiers,,,,UDF,udf,area/vendée,Vendée,Assemblée nationale,9,,,,
pierre_bachelet,Pierre Bachelet,Pierre Bachelet,,,,RPR,rpr,area/alpes-maritimes,Alpes-Maritimes,Assemblée nationale,9,,,,
pierre_bernard,Pierre Bernard,Pierre Bernard,,,,PS,ps,area/tarn,Tarn,Assemblée nationale,9,,,,
pierre_bourguignon,Pierre Bourguignon,Pierre Bourguignon,,,,PS,ps,area/seine-maritime,Seine-Maritime,Assemblée nationale,9,,,,
pierre_brana,Pierre Brana,Pierre Brana,,,,PS,ps,area/gironde,Gironde,Assemblée nationale,9,,,,
pierre_bérégovoy,Pierre Bérégovoy,Pierre Bérégovoy,,,,PS,ps,area/nièvre,Nièvre,Assemblée nationale,9,,,,
pierre_ducout,Pierre Ducout,Pierre Ducout,,,,PS,ps,area/gironde,Gironde,Assemblée nationale,9,,,,
pierre_esteve,Pierre Esteve,Pierre Esteve,,,,PS,ps,area/pyrénées-orientales,Pyrénées-Orientales,Assemblée nationale,9,,,,
pierre_forgues,Pierre Forgues,Pierre Forgues,,,,PS,ps,area/hautes-pyrénées,Hautes-Pyrénées,Assemblée nationale,9,,,,
pierre_garmendia,Pierre Garmendia,Pierre Garmendia,,,,PS,ps,area/gironde,Gironde,Assemblée nationale,9,,,,
pierre_goldberg,Pierre Goldberg,Pierre Goldberg,,,,PCF,pcf,area/allier,Allier,Assemblée nationale,9,,,,
pierre_hiard,Pierre Hiard,Pierre Hiard,,,,PS,ps,area/somme,Somme,Assemblée nationale,9,,,,
pierre_joxe,Pierre Joxe,Pierre Joxe,,,,PS,ps,area/saône-et-loire,Saône-et-Loire,Assemblée nationale,9,,,,
pierre_lagorce,Pierre Lagorce,Pierre Lagorce,,,,PS,ps,area/gironde,Gironde,Assemblée nationale,9,,,,
Q3385940,Pierre Lequiller,"Lequiller, Pierre",,,,UDF,udf,area/yvelines,Yvelines,Assemblée nationale,9,,,https://upload.wikimedia.org/wikipedia/commons/c/c5/Pierre_Lequiller_par_Claude_Truong-Ngoc_mai_2013.jpg,male
pierre_mauger,Pierre Mauger,Pierre Mauger,,,,RPR,rpr,area/vendée,Vendée,Assemblée nationale,9,,,,
pierre_mauroy,Pierre Mauroy,Pierre Mauroy,,,,PS,ps,area/nord,Nord,Assemblée nationale,9,,,,
pierre_mazeaud,Pierre Mazeaud,Pierre Mazeaud,,,,RPR,rpr,area/haute-savoie,Haute-Savoie,Assemblée nationale,9,,,,
pierre_merli,Pierre Merli,Pierre Merli,,,,UDF,udf,area/alpes-maritimes,Alpes-Maritimes,Assemblée nationale,9,,,,
pierre_micaux,Pierre Micaux,Pierre Micaux,,,,UDF,udf,area/aube,Aube,Assemblée nationale,9,,,,
pierre_méhaignerie,Pierre Méhaignerie,Pierre Méhaignerie,,,,UDC,udc,area/ille-et-vilaine,Ille-et-Vilaine,Assemblée nationale,9,,,,
pierre_métais,Pierre Métais,Pierre Métais,,,,PS,ps,area/vendée,Vendée,Assemblée nationale,9,,,,
pierre_ortet,Pierre Ortet,Pierre Ortet,,,,PS,ps,area/haute-garonne,Haute-Garonne,Assemblée nationale,9,,,,
pierre_pasquini,Pierre Pasquini,Pierre Pasquini,,,,RPR,rpr,area/haute-corse,Haute-Corse,Assemblée nationale,9,,,,
pierre_raynal,Pierre Raynal,Pierre Raynal,,,,RPR,rpr,area/cantal,Cantal,Assemblée nationale,9,,,,
pierre_tabanou,Pierre Tabanou,Pierre Tabanou,,,,PS,ps,area/val-de-marne,Val-de-Marne,Assemblée nationale,9,,,,
pierre_de_benouville,Pierre de Benouville,Pierre de Benouville,,,,RPR,rpr,area/paris,Paris,Assemblée nationale,9,,,,
pierre-andré_wiltzer,Pierre-André Wiltzer,Pierre-André Wiltzer,,,,UDF,udf,area/essonne,Essonne,Assemblée nationale,9,,,,
pierre-rémy_houssin,Pierre-Rémy Houssin,Pierre-Rémy Houssin,,,,RPR,rpr,area/charente,Charente,Assemblée nationale,9,,,,
pierre-yvon_trémel,Pierre-Yvon Trémel,Pierre-Yvon Trémel,,,,PS,ps,area/côtes-du-nord,Côtes-du-Nord,Assemblée nationale,9,,,,
raymond_barre,Raymond Barre,Raymond Barre,,,,UDC,udc,area/rhône,Rhône,Assemblée nationale,9,,,,
raymond_douyère,Raymond Douyère,Raymond Douyère,,,,PS,ps,area/sarthe,Sarthe,Assemblée nationale,9,,,,
raymond_forni,Raymond Forni,Raymond Forni,,,,PS,ps,area/territoire_de_belfort,Territoire de Belfort,Assemblée nationale,9,,,,
raymond_marcellin,Raymond Marcellin,Raymond Marcellin,,,,UDF,udf,area/morbihan,Morbihan,Assemblée nationale,9,,,,
rené_andré,René André,René André,,,,RPR,rpr,area/manche,Manche,Assemblée nationale,9,,,,
rené_beaumont,René Beaumont,René Beaumont,,,,UDF,udf,area/saône-et-loire,Saône-et-Loire,Assemblée nationale,9,,,,
rené_cazenave,René Cazenave,René Cazenave,,,,PS,ps,area/pyrénées-atlantiques,Pyrénées-Atlantiques,Assemblée nationale,9,,,,
rené_couanau,René Couanau,René Couanau,,,,UDC,udc,area/ille-et-vilaine,Ille-et-Vilaine,Assemblée nationale,9,,,,
rené_couveinhes,René Couveinhes,René Couveinhes,,,,RPR,rpr,area/hérault,Hérault,Assemblée nationale,9,,,,
Q3426115,René Dosière,"Dosière, René",,,,PS,ps,area/aisne,Aisne,Assemblée nationale,9,,,https://upload.wikimedia.org/wikipedia/commons/8/82/René_Dosière_par_Claude_Truong-Ngoc_juin_2013.jpg,male
rené_drouin,René Drouin,René Drouin,,,,PS,ps,area/moselle,Moselle,Assemblée nationale,9,,,,
rené_garrec,René Garrec,René Garrec,,,,UDF,udf,area/calvados,Calvados,Assemblée nationale,9,,,,
rené_massat,René Massat,René Massat,,,,PS,ps,area/ariège,Ariège,Assemblée nationale,9,,,,
Q3426851,René Rouquet,"Rouquet, René",,,,PS,ps,area/val-de-marne,Val-de-Marne,Assemblée nationale,9,,,,male
robert_anselin,Robert Anselin,Robert Anselin,,,,PS,ps,area/nord,Nord,Assemblée nationale,9,,,,
robert_cazalet,Robert Cazalet,Robert Cazalet,,,,UDF,udf,area/gironde,Gironde,Assemblée nationale,9,,,,
robert_chapuis,Robert Chapuis,Robert Chapuis,,,,PS,ps,area/ardèche,Ardèche,Assemblée nationale,9,,,,
robert_galley,Robert Galley,Robert Galley,,,,RPR,rpr,area/aube,Aube,Assemblée nationale,9,,,,
robert_le_foll,Robert Le Foll,Robert Le Foll,,,,PS,ps,area/seine-et-marne,Seine-et-Marne,Assemblée nationale,9,,,,
robert_loïdi,Robert Loïdi,Robert Loïdi,,,,PS,ps,area/haute-garonne,Haute-Garonne,Assemblée nationale,9,,,,
robert_montdargent,Robert Montdargent,Robert Montdargent,,,,PCF,pcf,area/val-d'oise,Val-d'Oise,Assemblée nationale,9,,,,
robert_pandraud,Robert Pandraud,Robert Pandraud,,,,RPR,rpr,area/seine-saint-denis,Seine-Saint-Denis,Assemblée nationale,9,,,,
robert_poujade,Robert Poujade,Robert Poujade,,,,RPR,rpr,area/côte-d'or,Côte-d'Or,Assemblée nationale,9,,,,
robert_savy,Robert Savy,Robert Savy,,,,PS,ps,area/haute-vienne,Haute-Vienne,Assemblée nationale,9,,,,
robert_schwint,Robert Schwint,Robert Schwint,,,,PS,ps,area/doubs,Doubs,Assemblée nationale,9,,,,
robert-andré_vivien,Robert-André Vivien,Robert-André Vivien,,,,RPR,rpr,area/val-de-marne,Val-de-Marne,Assemblée nationale,9,,,,
roger_lestas,Roger Lestas,Roger Lestas,,,,Non Inscrit,non_inscrit,area/mayenne,Mayenne,Assemblée nationale,9,,,,
roger_léron,Roger Léron,Roger Léron,,,,PS,ps,area/drôme,Drôme,Assemblée nationale,9,,,,
roger_mas,Roger Mas,Roger Mas,,,,PS,ps,area/ardennes,Ardennes,Assemblée nationale,9,,,,
roger_rinchet,Roger Rinchet,Roger Rinchet,,,,PS,ps,area/savoie,Savoie,Assemblée nationale,9,,,,
Q3438605,Roger-Gérard Schwartzenberg,"Schwartzenberg, Roger-Gérard",,,,PS,ps,area/val-de-marne,Val-de-Marne,Assemblée nationale,9,,,https://upload.wikimedia.org/wikipedia/commons/d/d8/Portrait_Roger-Gérard_Schwartzenberg.jpg,male
roland_beix,Roland Beix,Roland Beix,,,,PS,ps,area/charente-maritime,Charente-Maritime,Assemblée nationale,9,,,,
roland_blum,Roland Blum,Roland Blum,,,,UDF,udf,area/bouches-du-rhône,Bouches-du-Rhône,Assemblée nationale,9,,,,
roland_carraz,Roland Carraz,Roland Carraz,,,,PS,ps,area/côte-d'or,Côte-d'Or,Assemblée nationale,9,,,,
roland_dumas,Roland Dumas,Roland Dumas,,,,PS,ps,area/dordogne,Dordogne,Assemblée nationale,9,,,,
roland_huguet,Roland Huguet,Roland Huguet,,,,PS,ps,area/pas-de-calais,Pas-de-Calais,Assemblée nationale,9,,,,
roland_nungesser,Roland Nungesser,Roland Nungesser,,,,RPR,rpr,area/val-de-marne,Val-de-Marne,Assemblée nationale,9,,,,
roland_vuillaume,Roland Vuillaume,Roland Vuillaume,,,,RPR,rpr,area/doubs,Doubs,Assemblée nationale,9,,,,
roselyne_bachelot,Roselyne Bachelot,Roselyne Bachelot,,,,RPR,rpr,area/maine-et-loire,Maine-et-Loire,Assemblée nationale,9,,,,
Q1862692,Rudy Salles,"Salles, Rudy",,,,UDF,udf,area/alpes-maritimes,Alpes-Maritimes,Assemblée nationale,9,,,https://upload.wikimedia.org/wikipedia/commons/a/a8/Photo_RS.JPG,male
régis_barailla,Régis Barailla,Régis Barailla,,,,PS,ps,area/aude,Aude,Assemblée nationale,9,,,,
régis_perbet,Régis Perbet,Régis Perbet,,,,RPR,rpr,area/ardèche,Ardèche,Assemblée nationale,9,,,,
serge_beltrame,Serge Beltrame,Serge Beltrame,,,,PS,ps,area/vosges,Vosges,Assemblée nationale,9,,,,
serge_charles,Serge Charles,Serge Charles,,,,RPR,rpr,area/nord,Nord,Assemblée nationale,9,,,,
suzanne_sauvaigo,Suzanne Sauvaigo,Suzanne Sauvaigo,,,,RPR,rpr,area/alpes-maritimes,Alpes-Maritimes,Assemblée nationale,9,,,,
ségolène_royal,Ségolène Royal,Ségolène Royal,,,,PS,ps,area/deux-sèvres,Deux-Sèvres,Assemblée nationale,9,,,,
Q3524408,Thierry Mandon,Thierry Mandon,,,,PS,ps,area/essonne,Essonne,Assemblée nationale,9,,,https://upload.wikimedia.org/wikipedia/commons/9/93/Thierry-Mandon_IMG_3173.jpg,male
théo_vial-massat,Théo Vial-Massat,Théo Vial-Massat,,,,PCF,pcf,area/loire,Loire,Assemblée nationale,9,,,,
umberto_battist,Umberto Battist,Umberto Battist,,,,PS,ps,area/nord,Nord,Assemblée nationale,9,,,,
valéry_giscard_d'estaing,Valéry Giscard d'Estaing,Valéry Giscard d'Estaing,,,,UDF,udf,area/puy-de-dôme,Puy-de-Dôme,Assemblée nationale,9,,,,
véronique_neiertz,Véronique Neiertz,Véronique Neiertz,,,,PS,ps,area/seine-saint-denis,Seine-Saint-Denis,Assemblée nationale,9,,,,
willy_diméglio,Willy Diméglio,Willy Diméglio,,,,UDF,udf,area/hérault,Hérault,Assemblée nationale,9,,,,
xavier_deniau,Xavier Deniau,Xavier Deniau,,,,RPR,rpr,area/loiret,Loiret,Assemblée nationale,9,,,,
xavier_dugoin,Xavier Dugoin,Xavier Dugoin,,,,RPR,rpr,area/essonne,Essonne,Assemblée nationale,9,,,,
xavier_hunault,Xavier Hunault,Xavier Hunault,,,,UDF,udf,area/loire-atlantique,Loire-Atlantique,Assemblée nationale,9,,,,
yann_piat,Yann Piat,Yann Piat,,,,Non Inscrit,non_inscrit,area/var,Var,Assemblée nationale,9,,,,
yves_coussain,Yves Coussain,Yves Coussain,,,,UDF,udf,area/cantal,Cantal,Assemblée nationale,9,,,,
yves_dollo,Yves Dollo,Yves Dollo,,,,PS,ps,area/côtes-du-nord,Côtes-du-Nord,Assemblée nationale,9,,,,
yves_durand,Yves Durand,"Durand, Yves",,,,PS,ps,area/nord,Nord,Assemblée nationale,9,,,,
yves_fréville,Yves Fréville,Yves Fréville,,,,UDC,udc,area/ille-et-vilaine,Ille-et-Vilaine,Assemblée nationale,9,,,,
yves_pillet,Yves Pillet,Yves Pillet,,,,PS,ps,area/isère,Isère,Assemblée nationale,9,,,,
yves_tavernier,Yves Tavernier,Yves Tavernier,,,,PS,ps,area/essonne,Essonne,Assemblée nationale,9,,,,
yves_vidal,Yves Vidal,Yves Vidal,,,,PS,ps,area/bouches-du-rhône,Bouches-du-Rhône,Assemblée nationale,9,,,,
yvette_roudy,Yvette Roudy,Yvette Roudy,,,,PS,ps,area/calvados,Calvados,Assemblée nationale,9,,,,
Édith_cresson,Édith Cresson,Édith Cresson,,,,PS,ps,area/vienne,Vienne,Assemblée nationale,9,,,,
Édouard_balladur,Édouard Balladur,Édouard Balladur,,,,RPR,rpr,area/paris,Paris,Assemblée nationale,9,,,,
Édouard_frédéric-dupont,Édouard Frédéric-Dupont,Édouard Frédéric-Dupont,,,,RPR,rpr,area/paris,Paris,Assemblée nationale,9,,,,
Édouard_landrain,Édouard Landrain,Édouard Landrain,,,,UDC,udc,area/loire-atlantique,Loire-Atlantique,Assemblée nationale,9,,,,
Élie_hoarau,Élie Hoarau,Élie Hoarau,,,,Non Inscrit,non_inscrit,area/la_réunion,La Réunion,Assemblée nationale,9,,,,
Émile_koehl,Émile Koehl,Émile Koehl,,,,UDF,udf,area/bas-rhin,Bas-Rhin,Assemblée nationale,9,,,,
Émile_vernaudon,Émile Vernaudon,Émile Vernaudon,,,,Non Inscrit,non_inscrit,area/polynésie_française,Polynésie française,Assemblée nationale,9,,,,
Émile_zuccarelli,Émile Zuccarelli,Émile Zuccarelli,,,,PS,ps,area/haute-corse,Haute-Corse,Assemblée nationale,9,,,,
Éric_doligé,Éric Doligé,Éric Doligé,,,,RPR,rpr,area/loiret,Loiret,Assemblée nationale,9,,,,
Éric_raoult,Éric Raoult,Éric Raoult,,,,RPR,rpr,area/seine-saint-denis,Seine-Saint-Denis,Assemblée nationale,9,,,,
Étienne_pinte,Étienne Pinte,Étienne Pinte,,,,RPR,rpr,area/yvelines,Yvelines,Assemblée nationale,9,,,,
