id,name,sort_name,email,twitter,facebook,group,group_id,area_id,area,chamber,term,start_date,end_date,image,gender
abbès_moulessehoul,Abbès Moulessehoul,Abbès Moulessehoul,,,,EAS,eas,area/tlemcen_(9e),Tlemcen (9e),Assemblée nationale,1,,,,
abdallah_tebib,Abdallah Tebib,Abdallah Tebib,,,,EAS,eas,area/bône_(16e),Bône (16e),Assemblée nationale,1,,,,
abdelbaki_chibi,Abdelbaki Chibi,Abdelbaki Chibi,,,,EAS,eas,area/bône_(16e),Bône (16e),Assemblée nationale,1,,,,
abdelmadjid_benhacine,Abdelmadjid Benhacine,Abdelmadjid Benhacine,,,,EAS,eas,area/constantine_(13e),Constantine (13e),Assemblée nationale,1,,,,
achille_peretti,Achille Peretti,Achille Peretti,,,,UNR,unr,area/seine_(34e),Seine (34e),Assemblée nationale,1,,,,
ahcène_ioualalen,Ahcène Ioualalen,Ahcène Ioualalen,,,,EAS,eas,area/tizi-ouzou_(6e),Tizi-Ouzou (6e),Assemblée nationale,1,,,,
ahmed_boutalbi,Ahmed Boutalbi,Ahmed Boutalbi,,,,EAS,eas,area/bougie_(18e),Bougie (18e),Assemblée nationale,1,,,,
ahmed_djebbour,Ahmed Djebbour,Ahmed Djebbour,,,,EAS,eas,area/alger-ville_(1re),Alger-Ville (1re),Assemblée nationale,1,,,,
aimé_césaire,Aimé Césaire,Aimé Césaire,,,,NI,ni,area/martinique_(2e),Martinique (2e),Assemblée nationale,1,,,,
aimé_paquet,Aimé Paquet,Aimé Paquet,,,,IPAS,ipas,area/isère_(1re),Isère (1re),Assemblée nationale,1,,,,
alain_le_guen,Alain Le Guen,Alain Le Guen,,,,RPCD,rpcd,area/côtes-du-nord_(4e),Côtes-du-Nord (4e),Assemblée nationale,1,,,,
alain_peyrefitte,Alain Peyrefitte,Alain Peyrefitte,,,,UNR,unr,area/seine-et-marne_(4e),Seine-et-Marne (4e),Assemblée nationale,1,,,,
alain_de_lacoste-lareymondie,Alain de Lacoste-Lareymondie,Alain de Lacoste-Lareymondie,,,,IPAS,ipas,area/charente-maritime_(1re),Charente-Maritime (1re),Assemblée nationale,1,,,,
albert_bignon,Albert Bignon,Albert Bignon,,,,UNR,unr,area/charente-maritime_(2e),Charente-Maritime (2e),Assemblée nationale,1,,,,
albert_catalifaud,Albert Catalifaud,Albert Catalifaud,,,,UNR,unr,area/aisne_(4e),Aisne (4e),Assemblée nationale,1,,,,
albert_denvers,Albert Denvers,Albert Denvers,,,,SFIO,sfio,area/nord_(11e),Nord (11e),Assemblée nationale,1,,,,
albert_ehm,Albert Ehm,Albert Ehm,,,,UNR,unr,area/bas-rhin_(4e),Bas-Rhin (4e),Assemblée nationale,1,,,,
albert_lalle,Albert Lalle,Albert Lalle,,,,IPAS,ipas,area/côte_d'or_(5e),Côte d'Or (5e),Assemblée nationale,1,,,,
albert_liogier,Albert Liogier,Albert Liogier,,,,UNR,unr,area/ardèche_(3e),Ardèche (3e),Assemblée nationale,1,,,,
albert_marcenet,Albert Marcenet,Albert Marcenet,,,,UNR,unr,area/seine_(31e),Seine (31e),Assemblée nationale,1,,,,
albert_trébosc,Albert Trébosc,Albert Trébosc,,,,IPAS,ipas,area/aveyron_(2e),Aveyron (2e),Assemblée nationale,1,,,,
albert_voilquin,Albert Voilquin,Albert Voilquin,,,,ED,ed,area/vosges_(4e),Vosges (4e),Assemblée nationale,1,,,,
alexandre_camino,Alexandre Camino,Alexandre Camino,,,,UNR,unr,area/basses-pyrénées_(3e),Basses-Pyrénées (3e),Assemblée nationale,1,,,,
alexis_méhaignerie,Alexis Méhaignerie,Alexis Méhaignerie,,,,RPCD,rpcd,area/ille-et-vilaine_(3e),Ille-et-Vilaine (3e),Assemblée nationale,1,,,,
alfred_clerget,Alfred Clerget,Alfred Clerget,,,,UNR,unr,area/haute-saône_(2e),Haute-Saône (2e),Assemblée nationale,1,,,,
ali_bendjelida,Ali Bendjelida,Ali Bendjelida,,,,NI,ni,area/sétif_(17e),Sétif (17e),Assemblée nationale,1,,,,
ali_guettaf,Ali Guettaf,Ali Guettaf,,,,EAS,eas,area/blida_(3e),Blida (3e),Assemblée nationale,1,,,,
ali_mallem,Ali Mallem,Ali Mallem,,,,UNR,unr,area/batna_(15e),Batna (15e),Assemblée nationale,1,,,,
ali_saadi,Ali Saadi,Ali Saadi,,,,EAS,eas,area/tizi-ouzou_(6e),Tizi-Ouzou (6e),Assemblée nationale,1,,,,
amédée_mercier,Amédée Mercier,Amédée Mercier,,,,SFIO,sfio,area/ain_(1re),Ain (1re),Assemblée nationale,1,,,,
andré_beauguitte,André Beauguitte,André Beauguitte,,,,NI,ni,area/meuse_(2e),Meuse (2e),Assemblée nationale,1,,,,
andré_bettencourt,André Bettencourt,André Bettencourt,,,,IPAS,ipas,area/seine-maritime_(5e),Seine-Maritime (5e),Assemblée nationale,1,,,,
andré_bord,André Bord,André Bord,,,,UNR,unr,area/bas-rhin_(2e),Bas-Rhin (2e),Assemblée nationale,1,,,,
andré_brugerolle,André Brugerolle,André Brugerolle,,,,IPAS,ipas,area/charente-maritime_(3e),Charente-Maritime (3e),Assemblée nationale,1,,,,
andré_burlot,André Burlot,André Burlot,,,,RPCD,rpcd,area/loir-et-cher_(1re),Loir-et-Cher (1re),Assemblée nationale,1,,,,
andré_bégouin,André Bégouin,André Bégouin,,,,IPAS,ipas,area/charente-maritime_(4e),Charente-Maritime (4e),Assemblée nationale,1,,,,
andré_chandernagor,André Chandernagor,André Chandernagor,,,,SFIO,sfio,area/creuse_(2e),Creuse (2e),Assemblée nationale,1,,,,
andré_chareyre,André Chareyre,André Chareyre,,,,IPAS,ipas,area/ardèche_(1re),Ardèche (1re),Assemblée nationale,1,,,,
andré_diligent,André Diligent,André Diligent,,,,RPCD,rpcd,area/nord_(8e),Nord (8e),Assemblée nationale,1,,,,
andré_fanton,André Fanton,André Fanton,,,,UNR,unr,area/seine_(9e),Seine (9e),Assemblée nationale,1,,,,
andré_gauthier,André Gauthier,André Gauthier,,,,ED,ed,area/isère_(3e),Isère (3e),Assemblée nationale,1,,,,
andré_jarrot,André Jarrot,André Jarrot,,,,UNR,unr,area/saône-et-loire_(4e),Saône-et-Loire (4e),Assemblée nationale,1,,,,
andré_lacaze,André Lacaze,André Lacaze,,,,IPAS,ipas,area/charente-maritime_(5e),Charente-Maritime (5e),Assemblée nationale,1,,,,
andré_marie,André Marie,André Marie,,,,I,i,area/seine-maritime_(4e),Seine-Maritime (4e),Assemblée nationale,1,,,,
andré_mignot,André Mignot,André Mignot,,,,IPAS,ipas,area/seine-et-oise_(5e),Seine-et-Oise (5e),Assemblée nationale,1,,,,
andré_moynet,André Moynet,André Moynet,,,,IPAS,ipas,area/saône-et-loire_(5e),Saône-et-Loire (5e),Assemblée nationale,1,,,,
andré_pigeot,André Pigeot,André Pigeot,,,,EAS,eas,area/saoura,Saoura,Assemblée nationale,1,,,,
andré_rossi,André Rossi,André Rossi,,,,ED,ed,area/aisne_(5e),Aisne (5e),Assemblée nationale,1,,,,
andré_roulland,André Roulland,André Roulland,,,,UNR,unr,area/seine_(32e),Seine (32e),Assemblée nationale,1,,,,
andré_sanglier,André Sanglier,André Sanglier,,,,IPAS,ipas,area/madagascar,Madagascar,Assemblée nationale,1,,,,
andré_valabrègue,André Valabrègue,André Valabrègue,,,,UNR,unr,area/hérault_(4e),Hérault (4e),Assemblée nationale,1,,,,
andré_vidal,André Vidal,André Vidal,,,,UNR,unr,area/tarn_(2e),Tarn (2e),Assemblée nationale,1,,,,
andré-georges_voisin,André-Georges Voisin,André-Georges Voisin,,,,UNR,unr,area/indre-et-loire_(4e),Indre-et-Loire (4e),Assemblée nationale,1,,,,
antoine_guitton,Antoine Guitton,Antoine Guitton,,,,IPAS,ipas,area/vendée_(4e),Vendée (4e),Assemblée nationale,1,,,,
antoine_lacroix,Antoine Lacroix,Antoine Lacroix,,,,SFIO,sfio,area/seine_(52e),Seine (52e),Assemblée nationale,1,,,,
antoine_pinay,Antoine Pinay,Antoine Pinay,,,,IPAS,ipas,area/loire_(3e),Loire (3e),Assemblée nationale,1,,,,
antoine_quinson,Antoine Quinson,Antoine Quinson,,,,IPAS,ipas,area/seine_(46e),Seine (46e),Assemblée nationale,1,,,,
arabi_el_goni,Arabi El Goni,Arabi El Goni,,,,UNR,unr,area/tchad,Tchad,Assemblée nationale,1,,,,
armand_cachat,Armand Cachat,Armand Cachat,,,,UNR,unr,area/seine-et-oise_(13e),Seine-et-Oise (13e),Assemblée nationale,1,,,,
armand_legroux,Armand Legroux,Armand Legroux,,,,EAS,eas,area/mascara_(11e),Mascara (11e),Assemblée nationale,1,,,,
arthur_conte,Arthur Conte,Arthur Conte,,,,SFIO,sfio,area/pyrénées-orientales_(2e),Pyrénées-Orientales (2e),Assemblée nationale,1,,,,
arthur_moulin,Arthur Moulin,Arthur Moulin,,,,UNR,unr,area/nord_(21e),Nord (21e),Assemblée nationale,1,,,,
arthur_richards,Arthur Richards,Arthur Richards,,,,UNR,unr,area/gironde_(1re),Gironde (1re),Assemblée nationale,1,,,,
auguste_damette,Auguste Damette,Auguste Damette,,,,UNR,unr,area/nord_(13e),Nord (13e),Assemblée nationale,1,,,,
augustin_chauvet,Augustin Chauvet,Augustin Chauvet,,,,ED,ed,area/cantal_(1re),Cantal (1re),Assemblée nationale,1,,,,
barthélemy_boganda,Barthélemy Boganda,Barthélemy Boganda,,,,NI,ni,area/oubangui-chari_-_tchad,Oubangui-Chari - Tchad,Assemblée nationale,1,,,,
baréma_bocoum,Baréma Bocoum,Baréma Bocoum,,,,NI,ni,area/soudan,Soudan,Assemblée nationale,1,,,,
belaïd_bouhadjera,Belaïd Bouhadjera,Belaïd Bouhadjera,,,,EAS,eas,area/constantine_(13e),Constantine (13e),Assemblée nationale,1,,,,
benalia_benelkadi,Benalia Benelkadi,Benalia Benelkadi,,,,IPAS,ipas,area/médéa_(4e),Médéa (4e),Assemblée nationale,1,,,,
bernard_cornut-gentille,Bernard Cornut-Gentille,Bernard Cornut-Gentille,,,,UNR,unr,area/alpes-maritimes_(5e),Alpes-Maritimes (5e),Assemblée nationale,1,,,,
bernard_lambert,Bernard Lambert,Bernard Lambert,,,,RPCD,rpcd,area/loire-atlantique_(5e),Loire-Atlantique (5e),Assemblée nationale,1,,,,
bernard_laurent,Bernard Laurent,Bernard Laurent,,,,RPCD,rpcd,area/aube_(3e),Aube (3e),Assemblée nationale,1,,,,
bernard_le_douarec,Bernard Le Douarec,Bernard Le Douarec,,,,UNR,unr,area/loire-atlantique_(7e),Loire-Atlantique (7e),Assemblée nationale,1,,,,
berrezoug_saïdi,Berrezoug Saïdi,Berrezoug Saïdi,,,,EAS,eas,area/tiaret_(12e),Tiaret (12e),Assemblée nationale,1,,,,
bertrand_denis,Bertrand Denis,Bertrand Denis,,,,IPAS,ipas,area/mayenne_(3e),Mayenne (3e),Assemblée nationale,1,,,,
bertrand_motte,Bertrand Motte,Bertrand Motte,,,,IPAS,ipas,area/nord_(1re),Nord (1re),Assemblée nationale,1,,,,
brahim_sahnouni,Brahim Sahnouni,Brahim Sahnouni,,,,EAS,eas,area/batna_(15e),Batna (15e),Assemblée nationale,1,,,,
camille_bégué,Camille Bégué,Camille Bégué,,,,UNR,unr,area/tarn-et-garonne_(2e),Tarn-et-Garonne (2e),Assemblée nationale,1,,,,
carlos_dolez,Carlos Dolez,Carlos Dolez,,,,RPCD,rpcd,area/nord_(14e),Nord (14e),Assemblée nationale,1,,,,
cerf_lurie,Cerf Lurie,Cerf Lurie,,,,UNR,unr,area/hérault_(3e),Hérault (3e),Assemblée nationale,1,,,,
charles_bosson,Charles Bosson,Charles Bosson,,,,RPCD,rpcd,area/haute-savoie_(1re),Haute-Savoie (1re),Assemblée nationale,1,,,,
charles_chopin,Charles Chopin,Charles Chopin,,,,IPAS,ipas,area/pas-de-calais_(3e),Pas-de-Calais (3e),Assemblée nationale,1,,,,
charles_colonna_d'anfriani,Charles Colonna d'Anfriani,Charles Colonna d'Anfriani,,,,IPAS,ipas,area/bouches-du-rhône_(3e),Bouches-du-Rhône (3e),Assemblée nationale,1,,,,
charles_delesalle,Charles Delesalle,Charles Delesalle,,,,ED,ed,area/pas-de-calais_(4e),Pas-de-Calais (4e),Assemblée nationale,1,,,,
charles_dutheil,Charles Dutheil,Charles Dutheil,,,,RPCD,rpcd,area/aveyron_(3e),Aveyron (3e),Assemblée nationale,1,,,,
charles_guthmuller,Charles Guthmuller,Charles Guthmuller,,,,ED,ed,area/vosges_(1re),Vosges (1re),Assemblée nationale,1,,,,
charles_privat,Charles Privat,Charles Privat,,,,SFIO,sfio,area/bouches-du-rhône_(11e),Bouches-du-Rhône (11e),Assemblée nationale,1,,,,
cheikh_benssedick,Cheikh Benssedick,Cheikh Benssedick,,,,EAS,eas,area/mascara_(11e),Mascara (11e),Assemblée nationale,1,,,,
christian_bonnet,Christian Bonnet,Christian Bonnet,,,,RPCD,rpcd,area/morbihan_(2e),Morbihan (2e),Assemblée nationale,1,,,,
christian_de_la_malène,Christian de La Malène,Christian de La Malène,,,,UNR,unr,area/seine_(16e),Seine (16e),Assemblée nationale,1,,,,
chérif_sid_cara,Chérif Sid Cara,Chérif Sid Cara,,,,EAS,eas,area/oran-campagne_(8e),Oran-Campagne (8e),Assemblée nationale,1,,,,
claude_heuillard,Claude Heuillard,Claude Heuillard,,,,NI,ni,area/seine-maritime_(10e),Seine-Maritime (10e),Assemblée nationale,1,,,,
claude_labbé,Claude Labbé,Claude Labbé,,,,UNR,unr,area/seine-et-oise_(1re),Seine-et-Oise (1re),Assemblée nationale,1,,,,
claude_peyret,Claude Peyret,Claude Peyret,,,,UNR,unr,area/vienne_(3e),Vienne (3e),Assemblée nationale,1,,,,
claude_roux,Claude Roux,Claude Roux,,,,UNR,unr,area/seine_(19e),Seine (19e),Assemblée nationale,1,,,,
clément_bourne,Clément Bourne,Clément Bourne,,,,IPAS,ipas,area/isère_(4e),Isère (4e),Assemblée nationale,1,,,,
daniel_dreyfous-ducas,Daniel Dreyfous-Ducas,Daniel Dreyfous-Ducas,,,,UNR,unr,area/seine_(51e),Seine (51e),Assemblée nationale,1,,,,
denis_padovani,Denis Padovani,Denis Padovani,,,,SFIO,sfio,area/bouches-du-rhône_(10e),Bouches-du-Rhône (10e),Assemblée nationale,1,,,,
djelloul_berrouaïne,Djelloul Berrouaïne,Djelloul Berrouaïne,,,,EAS,eas,area/oran-campagne_(8e),Oran-Campagne (8e),Assemblée nationale,1,,,,
djillali_kaddari,Djillali Kaddari,Djillali Kaddari,,,,EAS,eas,area/tiaret_(12e),Tiaret (12e),Assemblée nationale,1,,,,
dominique_renucci,Dominique Renucci,Dominique Renucci,,,,EAS,eas,area/batna_(15e),Batna (15e),Assemblée nationale,1,,,,
dominique-antoine_laurelli,Dominique-Antoine Laurelli,Dominique-Antoine Laurelli,,,,UNR,unr,area/saint-pierre-et-miquelon,Saint-Pierre-et-Miquelon,Assemblée nationale,1,,,,
edme_canat,Edme Canat,Edme Canat,,,,EAS,eas,area/constantine_(13e),Constantine (13e),Assemblée nationale,1,,,,
edmond_borocco,Edmond Borocco,Edmond Borocco,,,,UNR,unr,area/haut-rhin_(1re),Haut-Rhin (1re),Assemblée nationale,1,,,,
edmond_bricout,Edmond Bricout,Edmond Bricout,,,,UNR,unr,area/aisne_(2e),Aisne (2e),Assemblée nationale,1,,,,
edmond_desouches,Edmond Desouches,Edmond Desouches,,,,ED,ed,area/eure-et-loir_(1re),Eure-et-Loir (1re),Assemblée nationale,1,,,,
edmond_duchesne,Edmond Duchesne,Edmond Duchesne,,,,IPAS,ipas,area/calvados_(3e),Calvados (3e),Assemblée nationale,1,,,,
edmond_pezé,Edmond Pezé,Edmond Pezé,,,,UNR,unr,area/seine_(35e),Seine (35e),Assemblée nationale,1,,,,
edmond_thorailler,Edmond Thorailler,Edmond Thorailler,,,,UNR,unr,area/eure-et-loir_(2e),Eure-et-Loir (2e),Assemblée nationale,1,,,,
emile_halbout,Emile Halbout,Emile Halbout,,,,RPCD,rpcd,area/orne_(3e),Orne (3e),Assemblée nationale,1,,,,
emile_muller,Emile Muller,Emile Muller,,,,SFIO,sfio,area/haut-rhin_(4e),Haut-Rhin (4e),Assemblée nationale,1,,,,
emmanuel_véry,Emmanuel Véry,Emmanuel Véry,,,,SFIO,sfio,area/martinique_(1re),Martinique (1re),Assemblée nationale,1,,,,
ernest_bouchet,Ernest Bouchet,Ernest Bouchet,,,,UNR,unr,area/vienne_(2e),Vienne (2e),Assemblée nationale,1,,,,
ernest_denis,Ernest Denis,Ernest Denis,,,,UNR,unr,area/nord_(18e),Nord (18e),Assemblée nationale,1,,,,
ernest_schaffner,Ernest Schaffner,Ernest Schaffner,,,,SFIO,sfio,area/pas-de-calais_(13e),Pas-de-Calais (13e),Assemblée nationale,1,,,,
eugene_van_der_meersch,Eugene Van Der Meersch,Eugene Van Der Meersch,,,,UNR,unr,area/nord_(6e),Nord (6e),Assemblée nationale,1,,,,
eugène_claudius-petit,Eugène Claudius-Petit,Eugène Claudius-Petit,,,,ED,ed,area/loire_(4e),Loire (4e),Assemblée nationale,1,,,,
eugène_montel,Eugène Montel,Eugène Montel,,,,SFIO,sfio,area/haute-garonne_(4e),Haute-Garonne (4e),Assemblée nationale,1,,,,
ferdinand_roques,Ferdinand Roques,Ferdinand Roques,,,,UNR,unr,area/cher_(3e),Cher (3e),Assemblée nationale,1,,,,
fernand_darchicourt,Fernand Darchicourt,Fernand Darchicourt,,,,SFIO,sfio,area/pas-de-calais_(14e),Pas-de-Calais (14e),Assemblée nationale,1,,,,
fernand_duchâteau,Fernand Duchâteau,Fernand Duchâteau,,,,SFIO,sfio,area/nord_(20e),Nord (20e),Assemblée nationale,1,,,,
fernand_grenier,Fernand Grenier,Fernand Grenier,,,,PCF,pcf,area/seine_(40e),Seine (40e),Assemblée nationale,1,,,,
fernand_poignant,Fernand Poignant,Fernand Poignant,,,,SFIO,sfio,area/sarthe_(2e),Sarthe (2e),Assemblée nationale,1,,,,
fily_dabo_sissoko,Fily Dabo Sissoko,Fily Dabo Sissoko,,,,unknown,unknown,area/soudan,Soudan,Assemblée nationale,1,,,,
francis_leenhardt,Francis Leenhardt,Francis Leenhardt,,,,SFIO,sfio,area/bouches-du-rhône_(6e),Bouches-du-Rhône (6e),Assemblée nationale,1,,,,
francis_palmero,Francis Palmero,Francis Palmero,,,,ED,ed,area/alpes-maritimes_(4e),Alpes-Maritimes (4e),Assemblée nationale,1,,,,
francis_ripert,Francis Ripert,Francis Ripert,,,,IPAS,ipas,area/bouches-du-rhône_(5e),Bouches-du-Rhône (5e),Assemblée nationale,1,,,,
francis_vals,Francis Vals,Francis Vals,,,,SFIO,sfio,area/aude_(2e),Aude (2e),Assemblée nationale,1,,,,
françois_billoux,François Billoux,François Billoux,,,,PCF,pcf,area/bouches-du-rhône_(4e),Bouches-du-Rhône (4e),Assemblée nationale,1,,,,
françois_bénard,François Bénard,François Bénard,,,,UNR,unr,area/oise_(5e),Oise (5e),Assemblée nationale,1,,,,
françois_clamens,François Clamens,François Clamens,,,,ED,ed,area/aude_(3e),Aude (3e),Assemblée nationale,1,,,,
françois_grussenmeyer,François Grussenmeyer,François Grussenmeyer,,,,UNR,unr,area/bas-rhin_(7e),Bas-Rhin (7e),Assemblée nationale,1,,,,
françois_japiot,François Japiot,François Japiot,,,,IPAS,ipas,area/côte-d'or_(2e),Côte-d'Or (2e),Assemblée nationale,1,,,,
françois_lopez,François Lopez,François Lopez,,,,UNR,unr,area/oran-ville_(7e),Oran-Ville (7e),Assemblée nationale,1,,,,
françois_missoffe,François Missoffe,François Missoffe,,,,UNR,unr,area/seine_(24e),Seine (24e),Assemblée nationale,1,,,,
françois_perrin,François Perrin,François Perrin,,,,IPAS,ipas,area/isère_(7e),Isère (7e),Assemblée nationale,1,,,,
françois_valentin,François Valentin,François Valentin,,,,IPAS,ipas,area/meurthe-et-moselle_(5e),Meurthe-et-Moselle (5e),Assemblée nationale,1,,,,
françois_var,François Var,François Var,,,,SFIO,sfio,area/corrèze_(3e),Corrèze (3e),Assemblée nationale,1,,,,
fred_moore,Fred Moore,Fred Moore,,,,UNR,unr,area/somme_(1re),Somme (1re),Assemblée nationale,1,,,,
frédéric_champierre_de_villeneuve,Frédéric Champierre de Villeneuve,Frédéric Champierre de Villeneuve,,,,IPAS,ipas,area/la_réunion_(1re),La Réunion (1re),Assemblée nationale,1,,,,
félix_gaillard,Félix Gaillard,Félix Gaillard,,,,NI,ni,area/charente_(2e),Charente (2e),Assemblée nationale,1,,,,
félix_houphouët-boigny,Félix Houphouët-Boigny,Félix Houphouët-Boigny,,,,unknown,unknown,area/côte_d'ivoire,Côte d'Ivoire,Assemblée nationale,1,,,,
félix_kir,Félix Kir,Félix Kir,,,,IPAS,ipas,area/côte_d'or_(1re),Côte d'Or (1re),Assemblée nationale,1,,,,
félix_mayer,Félix Mayer,Félix Mayer,,,,RPCD,rpcd,area/moselle_(5e),Moselle (5e),Assemblée nationale,1,,,,
félix_viallet,Félix Viallet,Félix Viallet,,,,UNR,unr,area/lozère_(1re),Lozère (1re),Assemblée nationale,1,,,,
gabriel_bourgund,Gabriel Bourgund,Gabriel Bourgund,,,,UNR,unr,area/haute-marne_(1re),Haute-Marne (1re),Assemblée nationale,1,,,,
gabriel_domenech,Gabriel Domenech,Gabriel Domenech,,,,RPCD,rpcd,area/basses-alpes_(2e),Basses-Alpes (2e),Assemblée nationale,1,,,,
gabriel_escudier,Gabriel Escudier,Gabriel Escudier,,,,UNR,unr,area/var_(1re),Var (1re),Assemblée nationale,1,,,,
gabriel_lapeyrusse,Gabriel Lapeyrusse,Gabriel Lapeyrusse,,,,UNR,unr,area/lot-et-garonne_(1re),Lot-et-Garonne (1re),Assemblée nationale,1,,,,
gabriel_lisette,Gabriel Lisette,Gabriel Lisette,,,,NI,ni,area/tchad,Tchad,Assemblée nationale,1,,,,
gabriel_de_carville,Gabriel de Carville,Gabriel de Carville,,,,IPAS,ipas,area/manche_(1re),Manche (1re),Assemblée nationale,1,,,,
gabriel_de_poulpiquet,Gabriel de Poulpiquet,Gabriel de Poulpiquet,,,,UNR,unr,area/finistère_(3e),Finistère (3e),Assemblée nationale,1,,,,
gaston_feuillard,Gaston Feuillard,Gaston Feuillard,,,,IPAS,ipas,area/guadeloupe_(3e),Guadeloupe (3e),Assemblée nationale,1,,,,
gaston_perrot,Gaston Perrot,Gaston Perrot,,,,UNR,unr,area/yonne_(3e),Yonne (3e),Assemblée nationale,1,,,,
georges_becker,Georges Becker,Georges Becker,,,,UNR,unr,area/doubs_(2e),Doubs (2e),Assemblée nationale,1,,,,
georges_bidault,Georges Bidault,Georges Bidault,,,,NI,ni,area/loire_(6e),Loire (6e),Assemblée nationale,1,,,,
georges_bonnet,Georges Bonnet,Georges Bonnet,,,,ED,ed,area/dordogne_(3e),Dordogne (3e),Assemblée nationale,1,,,,
georges_bourgeois,Georges Bourgeois,Georges Bourgeois,,,,UNR,unr,area/haut-rhin_(2e),Haut-Rhin (2e),Assemblée nationale,1,,,,
georges_bourriquet,Georges Bourriquet,Georges Bourriquet,,,,UNR,unr,area/seine_(29e),Seine (29e),Assemblée nationale,1,,,,
georges_brice,Georges Brice,Georges Brice,,,,UNR,unr,area/nord_(5e),Nord (5e),Assemblée nationale,1,,,,
georges_coudray,Georges Coudray,Georges Coudray,,,,RPCD,rpcd,area/ille-et-vilaine_(6e),Ille-et-Vilaine (6e),Assemblée nationale,1,,,,
georges_juskiewenski,Georges Juskiewenski,Georges Juskiewenski,,,,ED,ed,area/lot_(2e),Lot (2e),Assemblée nationale,1,,,,
georges_kuntz,Georges Kuntz,Georges Kuntz,,,,RPCD,rpcd,area/bas-rhin_(6e),Bas-Rhin (6e),Assemblée nationale,1,,,,
georges_lombard,Georges Lombard,Georges Lombard,,,,IPAS,ipas,area/finistère_(2e),Finistère (2e),Assemblée nationale,1,,,,
georges_mahaman_condat,Georges Mahaman Condat,Georges Mahaman Condat,,,,RPCD,rpcd,area/niger,Niger,Assemblée nationale,1,,,,
georges_pianta,Georges Pianta,Georges Pianta,,,,IPAS,ipas,area/haute-savoie_(2e),Haute-Savoie (2e),Assemblée nationale,1,,,,
georges_santoni,Georges Santoni,Georges Santoni,,,,UNR,unr,area/vaucluse_(2e),Vaucluse (2e),Assemblée nationale,1,,,,
georges_sarazin,Georges Sarazin,Georges Sarazin,,,,UNR,unr,area/nord_(15e),Nord (15e),Assemblée nationale,1,,,,
georges_thomas,Georges Thomas,Georges Thomas,,,,RPCD,rpcd,area/moselle_(8e),Moselle (8e),Assemblée nationale,1,,,,
gilbert_buron,Gilbert Buron,Gilbert Buron,,,,UNR,unr,area/indre-et-loire_(3e),Indre-et-Loire (3e),Assemblée nationale,1,,,,
gilbert_devèze,Gilbert Devèze,Gilbert Devèze,,,,IPAS,ipas,area/aisne_(1re),Aisne (1re),Assemblée nationale,1,,,,
guy_chavanne,Guy Chavanne,Guy Chavanne,,,,UNR,unr,area/seine-et-marne_(2e),Seine-et-Marne (2e),Assemblée nationale,1,,,,
guy_jarrosson,Guy Jarrosson,Guy Jarrosson,,,,IPAS,ipas,area/rhône_(4e),Rhône (4e),Assemblée nationale,1,,,,
guy_mollet,Guy Mollet,Guy Mollet,,,,SFIO,sfio,area/pas-de-calais_(1re),Pas-de-Calais (1re),Assemblée nationale,1,,,,
guy_vaschetti,Guy Vaschetti,Guy Vaschetti,,,,UNR,unr,area/seine_(23e),Seine (23e),Assemblée nationale,1,,,,
guy_Ébrard,Guy Ébrard,Guy Ébrard,,,,ED,ed,area/basses-pyrénées_(2e),Basses-Pyrénées (2e),Assemblée nationale,1,,,,
gérard_deliaune,Gérard Deliaune,Gérard Deliaune,,,,UNR,unr,area/gironde_(10e),Gironde (10e),Assemblée nationale,1,,,,
gérard_ouédraogo,Gérard Ouédraogo,Gérard Ouédraogo,,,,RPCD,rpcd,area/haute-volta,Haute-Volta,Assemblée nationale,1,,,,
hachmi_boudjedir,Hachmi Boudjedir,Hachmi Boudjedir,,,,EAS,eas,area/constantine_(13e),Constantine (13e),Assemblée nationale,1,,,,
hafid_maloum,Hafid Maloum,Hafid Maloum,,,,EAS,eas,area/bougie_(18e),Bougie (18e),Assemblée nationale,1,,,,
hamani_diori,Hamani Diori,Hamani Diori,,,,NI,ni,area/niger,Niger,Assemblée nationale,1,,,,
hammadoun_dicko,Hammadoun Dicko,Hammadoun Dicko,,,,RPCD,rpcd,area/soudan,Soudan,Assemblée nationale,1,,,,
hamza_al-sid-boubakeur,Hamza Al-Sid-Boubakeur,Hamza Al-Sid-Boubakeur,,,,NI,ni,area/oasis,Oasis,Assemblée nationale,1,,,,
hassan_gouled,Hassan Gouled,Hassan Gouled,,,,UNR,unr,area/côte_française_des_somalis,Côte française des Somalis,Assemblée nationale,1,,,,
henri_caillemer,Henri Caillemer,Henri Caillemer,,,,IPAS,ipas,area/vendée_(2e),Vendée (2e),Assemblée nationale,1,,,,
henri_collette,Henri Collette,Henri Collette,,,,UNR,unr,area/pas-de-calais_(6e),Pas-de-Calais (6e),Assemblée nationale,1,,,,
henri_collomb,Henri Collomb,Henri Collomb,,,,IPAS,ipas,area/rhône_(2e),Rhône (2e),Assemblée nationale,1,,,,
henri_colonna,Henri Colonna,Henri Colonna,,,,EAS,eas,area/tizi-ouzou_(6e),Tizi-Ouzou (6e),Assemblée nationale,1,,,,
henri_darras,Henri Darras,Henri Darras,,,,SFIO,sfio,area/pas-de-calais_(12e),Pas-de-Calais (12e),Assemblée nationale,1,,,,
henri_dorey,Henri Dorey,Henri Dorey,,,,RPCD,rpcd,area/territoire_de_belfort_(2e),Territoire de Belfort (2e),Assemblée nationale,1,,,,
henri_duflot,Henri Duflot,Henri Duflot,,,,UNR,unr,area/pas-de-calais_(2e),Pas-de-Calais (2e),Assemblée nationale,1,,,,
henri_durand,Henri Durand,Henri Durand,,,,IPAS,ipas,area/drôme_(3e),Drôme (3e),Assemblée nationale,1,,,,
henri_duterne,Henri Duterne,Henri Duterne,,,,UNR,unr,area/nord_(2e),Nord (2e),Assemblée nationale,1,,,,
henri_duvillard,Henri Duvillard,Henri Duvillard,,,,UNR,unr,area/loiret_(1re),Loiret (1re),Assemblée nationale,1,,,,
henri_fabre,Henri Fabre,Henri Fabre,,,,UNR,unr,area/var_(3e),Var (3e),Assemblée nationale,1,,,,
henri_fouques-duparc,Henri Fouques-Duparc,Henri Fouques-Duparc,,,,UNR,unr,area/oran-ville_(7e),Oran-Ville (7e),Assemblée nationale,1,,,,
henri_fréville,Henri Fréville,Henri Fréville,,,,RPCD,rpcd,area/ille-et-vilaine_(1re),Ille-et-Vilaine (1re),Assemblée nationale,1,,,,
henri_guissou,Henri Guissou,Henri Guissou,,,,NI,ni,area/haute-volta,Haute-Volta,Assemblée nationale,1,,,,
henri_jouault,Henri Jouault,Henri Jouault,,,,IPAS,ipas,area/ille-et-vilaine_(2e),Ille-et-Vilaine (2e),Assemblée nationale,1,,,,
henri_karcher,Henri Karcher,Henri Karcher,,,,UNR,unr,area/seine_(21e),Seine (21e),Assemblée nationale,1,,,,
henri_longuet,Henri Longuet,Henri Longuet,,,,ED,ed,area/seine-et-oise_(15e),Seine-et-Oise (15e),Assemblée nationale,1,,,,
henri_mazo,Henri Mazo,Henri Mazo,,,,UNR,unr,area/vaucluse_(1re),Vaucluse (1re),Assemblée nationale,1,,,,
henri_meck,Henri Meck,Henri Meck,,,,RPCD,rpcd,area/bas-rhin_(5e),Bas-Rhin (5e),Assemblée nationale,1,,,,
henri_robichon,Henri Robichon,Henri Robichon,,,,IPAS,ipas,area/loire-atlantique_(3e),Loire-Atlantique (3e),Assemblée nationale,1,,,,
henri_sicard,Henri Sicard,Henri Sicard,,,,UNR,unr,area/dordogne_(2e),Dordogne (2e),Assemblée nationale,1,,,,
henri_terré,Henri Terré,Henri Terré,,,,IPAS,ipas,area/aube_(2e),Aube (2e),Assemblée nationale,1,,,,
henri_trémolet_de_villers,Henri Trémolet de Villers,Henri Trémolet de Villers,,,,IPAS,ipas,area/lozère_(2e),Lozère (2e),Assemblée nationale,1,,,,
henri_ulrich,Henri Ulrich,Henri Ulrich,,,,RPCD,rpcd,area/haut-rhin_(5e),Haut-Rhin (5e),Assemblée nationale,1,,,,
henri_yrissou,Henri Yrissou,Henri Yrissou,,,,IPAS,ipas,area/tarn_(3e),Tarn (3e),Assemblée nationale,1,,,,
henri-françois_buot,Henri-François Buot,Henri-François Buot,,,,UNR,unr,area/calvados_(1re),Calvados (1re),Assemblée nationale,1,,,,
henry_bergasse,Henry Bergasse,Henry Bergasse,,,,IPAS,ipas,area/bouches-du-rhône_(1re),Bouches-du-Rhône (1re),Assemblée nationale,1,,,,
henry_orrion,Henry Orrion,Henry Orrion,,,,IPAS,ipas,area/loire-atlantique_(2e),Loire-Atlantique (2e),Assemblée nationale,1,,,,
henry_rey,Henry Rey,Henry Rey,,,,UNR,unr,area/loire-atlantique_(1re),Loire-Atlantique (1re),Assemblée nationale,1,,,,
hervé_laudrin,Hervé Laudrin,Hervé Laudrin,,,,UNR,unr,area/morbihan_(3e),Morbihan (3e),Assemblée nationale,1,,,,
hervé_nader,Hervé Nader,Hervé Nader,,,,UNR,unr,area/finistère_(1re),Finistère (1re),Assemblée nationale,1,,,,
hippolyte_ducos,Hippolyte Ducos,Hippolyte Ducos,,,,ED,ed,area/haute-garonne_(6e),Haute-Garonne (6e),Assemblée nationale,1,,,,
hubert_maga,Hubert Maga,Hubert Maga,,,,RPCD,rpcd,area/dahomey,Dahomey,Assemblée nationale,1,,,,
isidore_renouard,Isidore Renouard,Isidore Renouard,,,,ED,ed,area/ille-et-vilaine_(4e),Ille-et-Vilaine (4e),Assemblée nationale,1,,,,
jacqueline_thome-patenôtre,Jacqueline Thome-Patenôtre,Jacqueline Thome-Patenôtre,,,,ED,ed,area/seine-et-oise_(17e),Seine-et-Oise (17e),Assemblée nationale,1,,,,
jacques_boutard,Jacques Boutard,Jacques Boutard,,,,SFIO,sfio,area/haute-vienne_(2e),Haute-Vienne (2e),Assemblée nationale,1,,,,
jacques_bérard,Jacques Bérard,Jacques Bérard,,,,UNR,unr,area/vaucluse_(3e),Vaucluse (3e),Assemblée nationale,1,,,,
jacques_chaban-delmas,Jacques Chaban-Delmas,Jacques Chaban-Delmas,,,,UNR,unr,area/gironde_(2e),Gironde (2e),Assemblée nationale,1,,,,
jacques_douzans,Jacques Douzans,Jacques Douzans,,,,ED,ed,area/haute-garonne_(5e),Haute-Garonne (5e),Assemblée nationale,1,,,,
jacques_fouchier,Jacques Fouchier,Jacques Fouchier,,,,IPAS,ipas,area/deux-sèvres_(2e),Deux-Sèvres (2e),Assemblée nationale,1,,,,
jacques_fourcade,Jacques Fourcade,Jacques Fourcade,,,,IPAS,ipas,area/hautes-pyrénées_(2e),Hautes-Pyrénées (2e),Assemblée nationale,1,,,,
jacques_féron,Jacques Féron,Jacques Féron,,,,IPAS,ipas,area/seine_(6e),Seine (6e),Assemblée nationale,1,,,,
jacques_gavini,Jacques Gavini,Jacques Gavini,,,,IPAS,ipas,area/corse_(2e),Corse (2e),Assemblée nationale,1,,,,
jacques_lavigne,Jacques Lavigne,Jacques Lavigne,,,,UNR,unr,area/gironde_(3e),Gironde (3e),Assemblée nationale,1,,,,
jacques_le_roy_ladurie,Jacques Le Roy Ladurie,Jacques Le Roy Ladurie,,,,IPAS,ipas,area/calvados_(5e),Calvados (5e),Assemblée nationale,1,,,,
jacques_malleville,Jacques Malleville,Jacques Malleville,,,,UNR,unr,area/seine_(10e),Seine (10e),Assemblée nationale,1,,,,
jacques_maziol,Jacques Maziol,Jacques Maziol,,,,UNR,unr,area/haute-garonne_(3e),Haute-Garonne (3e),Assemblée nationale,1,,,,
jacques_raphaël-leygues,Jacques Raphaël-Leygues,Jacques Raphaël-Leygues,,,,UNR,unr,area/lot-et-garonne_(3e),Lot-et-Garonne (3e),Assemblée nationale,1,,,,
jacques_soustelle,Jacques Soustelle,Jacques Soustelle,,,,UNR,unr,area/rhône_(3e),Rhône (3e),Assemblée nationale,1,,,,
jacques_vendroux,Jacques Vendroux,Jacques Vendroux,,,,UNR,unr,area/pas-de-calais_(7e),Pas-de-Calais (7e),Assemblée nationale,1,,,,
jacques_weinman,Jacques Weinman,Jacques Weinman,,,,UNR,unr,area/doubs_(1re),Doubs (1re),Assemblée nationale,1,,,,
jean_albert-sorel,Jean Albert-Sorel,Jean Albert-Sorel,,,,IPAS,ipas,area/seine_(4e),Seine (4e),Assemblée nationale,1,,,,
jean_baylot,Jean Baylot,Jean Baylot,,,,IPAS,ipas,area/seine_(17e),Seine (17e),Assemblée nationale,1,,,,
jean_bernasconi,Jean Bernasconi,Jean Bernasconi,,,,UNR,unr,area/seine_(27e),Seine (27e),Assemblée nationale,1,,,,
jean_boinvilliers,Jean Boinvilliers,Jean Boinvilliers,,,,UNR,unr,area/cher_(2e),Cher (2e),Assemblée nationale,1,,,,
jean_bénard,Jean Bénard,Jean Bénard,,,,IPAS,ipas,area/indre_(3e),Indre (3e),Assemblée nationale,1,,,,
jean_chamant,Jean Chamant,Jean Chamant,,,,IPAS,ipas,area/yonne_(2e),Yonne (2e),Assemblée nationale,1,,,,
jean_coumaros,Jean Coumaros,Jean Coumaros,,,,UNR,unr,area/moselle_(6e),Moselle (6e),Assemblée nationale,1,,,,
jean_crouan,Jean Crouan,Jean Crouan,,,,IPAS,ipas,area/finistère_(6e),Finistère (6e),Assemblée nationale,1,,,,
jean_degraeve,Jean Degraeve,Jean Degraeve,,,,UNR,unr,area/marne_(13e),Marne (13e),Assemblée nationale,1,,,,
jean_delachenal,Jean Delachenal,Jean Delachenal,,,,IPAS,ipas,area/savoie_(1re),Savoie (1re),Assemblée nationale,1,,,,
jean_delrez,Jean Delrez,Jean Delrez,,,,RPCD,rpcd,area/moselle_(3e),Moselle (3e),Assemblée nationale,1,,,,
jean_deshors,Jean Deshors,Jean Deshors,,,,IPAS,ipas,area/haute-loire_(2e),Haute-Loire (2e),Assemblée nationale,1,,,,
jean_doublet,Jean Doublet,Jean Doublet,,,,IPAS,ipas,area/somme_(2e),Somme (2e),Assemblée nationale,1,,,,
jean_drouot-l'hermine,Jean Drouot-L'Hermine,Jean Drouot-L'Hermine,,,,UNR,unr,area/seine-et-oise_(7e),Seine-et-Oise (7e),Assemblée nationale,1,,,,
jean_durroux,Jean Durroux,Jean Durroux,,,,SFIO,sfio,area/ariège_(1re),Ariège (1re),Assemblée nationale,1,,,,
jean_filliol,Jean Filliol,Jean Filliol,,,,UNR,unr,area/corrèze_(2e),Corrèze (2e),Assemblée nationale,1,,,,
jean_fraissinet,Jean Fraissinet,Jean Fraissinet,,,,IPAS,ipas,area/bouches-du-rhône_(2e),Bouches-du-Rhône (2e),Assemblée nationale,1,,,,
jean_garnier,Jean Garnier,Jean Garnier,,,,UNR,unr,area/saône-et-loire_(3e),Saône-et-Loire (3e),Assemblée nationale,1,,,,
jean_lainé,Jean Lainé,Jean Lainé,,,,IPAS,ipas,area/eure_(2e),Eure (2e),Assemblée nationale,1,,,,
jean_le_duc,Jean Le Duc,Jean Le Duc,,,,IPAS,ipas,area/finistère_(4e),Finistère (4e),Assemblée nationale,1,,,,
jean_legaret,Jean Legaret,Jean Legaret,,,,IPAS,ipas,area/seine_(1re),Seine (1re),Assemblée nationale,1,,,,
jean_legendre,Jean Legendre,Jean Legendre,,,,IPAS,ipas,area/oise_(2e),Oise (2e),Assemblée nationale,1,,,,
jean_lolive,Jean Lolive,Jean Lolive,,,,PCF,pcf,area/seine_(44e),Seine (44e),Assemblée nationale,1,,,,
jean_miriot,Jean Miriot,Jean Miriot,,,,UNR,unr,area/rhône_(1re),Rhône (1re),Assemblée nationale,1,,,,
jean_montalat,Jean Montalat,Jean Montalat,,,,SFIO,sfio,area/corrèze_(1re),Corrèze (1re),Assemblée nationale,1,,,,
jean_médecin,Jean Médecin,Jean Médecin,,,,ED,ed,area/alpes-maritimes_(2e),Alpes-Maritimes (2e),Assemblée nationale,1,,,,
jean_poudevigne,Jean Poudevigne,Jean Poudevigne,,,,IPAS,ipas,area/gard_(2e),Gard (2e),Assemblée nationale,1,,,,
jean_pécastaing,Jean Pécastaing,Jean Pécastaing,,,,UNR,unr,area/seine_(25e),Seine (25e),Assemblée nationale,1,,,,
jean_royer,Jean Royer,Jean Royer,,,,NI,ni,area/indre-et-loire_(1re),Indre-et-Loire (1re),Assemblée nationale,1,,,,
jean_sagette,Jean Sagette,Jean Sagette,,,,UNR,unr,area/cantal_(2e),Cantal (2e),Assemblée nationale,1,,,,
jean_salliard_du_rivault,Jean Salliard du Rivault,Jean Salliard du Rivault,,,,IPAS,ipas,area/deux-sèvres_(3e),Deux-Sèvres (3e),Assemblée nationale,1,,,,
jean_seitlinger,Jean Seitlinger,Jean Seitlinger,,,,RPCD,rpcd,area/moselle_(7e),Moselle (7e),Assemblée nationale,1,,,,
jean_sourbet,Jean Sourbet,Jean Sourbet,,,,IPAS,ipas,area/gironde_(8e),Gironde (8e),Assemblée nationale,1,,,,
jean_taittinger,Jean Taittinger,Jean Taittinger,,,,UNR,unr,area/marne_(1re),Marne (1re),Assemblée nationale,1,,,,
jean_toutain,Jean Toutain,Jean Toutain,,,,UNR,unr,area/seine_(33e),Seine (33e),Assemblée nationale,1,,,,
jean_turc,Jean Turc,Jean Turc,,,,IPAS,ipas,area/maine-et-loire_(2e),Maine-et-Loire (2e),Assemblée nationale,1,,,,
jean_valentin,Jean Valentin,Jean Valentin,,,,IPAS,ipas,area/charente_(3e),Charente (3e),Assemblée nationale,1,,,,
jean_vanier,Jean Vanier,Jean Vanier,,,,UNR,unr,area/isère_(2e),Isère (2e),Assemblée nationale,1,,,,
jean_vitel,Jean Vitel,Jean Vitel,,,,UNR,unr,area/var_(4e),Var (4e),Assemblée nationale,1,,,,
jean_de_broglie,Jean de Broglie,Jean de Broglie,,,,IPAS,ipas,area/eure_(1re),Eure (1re),Assemblée nationale,1,,,,
jean_de_grandmaison,Jean de Grandmaison,Jean de Grandmaison,,,,IPAS,ipas,area/loire-atlantique_(8e),Loire-Atlantique (8e),Assemblée nationale,1,,,,
jean-baptiste_biaggi,Jean-Baptiste Biaggi,Jean-Baptiste Biaggi,,,,UNR,unr,area/seine_(14e),Seine (14e),Assemblée nationale,1,,,,
jean-charles_lepidi,Jean-Charles Lepidi,Jean-Charles Lepidi,,,,UNR,unr,area/seine_(8e),Seine (8e),Assemblée nationale,1,,,,
jean-charles_privet,Jean-Charles Privet,Jean-Charles Privet,,,,SFIO,sfio,area/seine_(39e),Seine (39e),Assemblée nationale,1,,,,
jean-claude_dalbos,Jean-Claude Dalbos,Jean-Claude Dalbos,,,,UNR,unr,area/gironde_(6e),Gironde (6e),Assemblée nationale,1,,,,
jean-félix_tchicaya,Jean-Félix Tchicaya,Jean-Félix Tchicaya,,,,RPCD,rpcd,area/moyen-congo,Moyen-Congo,Assemblée nationale,1,,,,
jean-hilaire_aubame,Jean-Hilaire Aubame,Jean-Hilaire Aubame,,,,RPCD,rpcd,area/gabon,Gabon,Assemblée nationale,1,,,,
jean-louis_chazelle,Jean-Louis Chazelle,Jean-Louis Chazelle,,,,RPCD,rpcd,area/loire_(1re),Loire (1re),Assemblée nationale,1,,,,
jean-marie_commenay,Jean-Marie Commenay,Jean-Marie Commenay,,,,RPCD,rpcd,area/landes_(3e),Landes (3e),Assemblée nationale,1,,,,
jean-marie_grenier,Jean-Marie Grenier,Jean-Marie Grenier,,,,UNR,unr,area/vosges_(3e),Vosges (3e),Assemblée nationale,1,,,,
jean-marie_le_pen,Jean-Marie Le Pen,Jean-Marie Le Pen,,,,IPAS,ipas,area/seine_(3e),Seine (3e),Assemblée nationale,1,,,,
jean-marie_morisse,Jean-Marie Morisse,Jean-Marie Morisse,,,,UNR,unr,area/seine-maritime_(3e),Seine-Maritime (3e),Assemblée nationale,1,,,,
jean-paul_david,Jean-Paul David,Jean-Paul David,,,,NI,ni,area/seine-et-oise_(18e),Seine-et-Oise (18e),Assemblée nationale,1,,,,
jean-paul_palewski,Jean-Paul Palewski,Jean-Paul Palewski,,,,UNR,unr,area/seine-et-oise_(3e),Seine-et-Oise (3e),Assemblée nationale,1,,,,
jean-pierre_profichet,Jean-Pierre Profichet,Jean-Pierre Profichet,,,,UNR,unr,area/seine_(45e),Seine (45e),Assemblée nationale,1,,,,
jean-robert_debray,Jean-Robert Debray,Jean-Robert Debray,,,,IPAS,ipas,area/seine_(18e),Seine (18e),Assemblée nationale,1,,,,
jean-yves_chapalain,Jean-Yves Chapalain,Jean-Yves Chapalain,,,,UNR,unr,area/sarthe_(1re),Sarthe (1re),Assemblée nationale,1,,,,
jeannil_dumortier,Jeannil Dumortier,Jeannil Dumortier,,,,SFIO,sfio,area/pas-de-calais_(5e),Pas-de-Calais (5e),Assemblée nationale,1,,,,
jehan_faulquier,Jehan Faulquier,Jehan Faulquier,,,,IPAS,ipas,area/nièvre_(3e),Nièvre (3e),Assemblée nationale,1,,,,
joseph_charvet,Joseph Charvet,Joseph Charvet,,,,IPAS,ipas,area/rhône_(8e),Rhône (8e),Assemblée nationale,1,,,,
joseph_conombo,Joseph Conombo,Joseph Conombo,,,,RPCD,rpcd,area/haute-volta,Haute-Volta,Assemblée nationale,1,,,,
joseph_dixmier,Joseph Dixmier,Joseph Dixmier,,,,IPAS,ipas,area/puy-de-dôme_(5e),Puy-de-Dôme (5e),Assemblée nationale,1,,,,
joseph_fontanet,Joseph Fontanet,Joseph Fontanet,,,,RPCD,rpcd,area/savoie_(2e),Savoie (2e),Assemblée nationale,1,,,,
joseph_frys,Joseph Frys,Joseph Frys,,,,UNR,unr,area/nord_(7e),Nord (7e),Assemblée nationale,1,,,,
joseph_nou,Joseph Nou,Joseph Nou,,,,UNR,unr,area/meurthe-et-moselle_(7e),Meurthe-et-Moselle (7e),Assemblée nationale,1,,,,
joseph_perrin,Joseph Perrin,Joseph Perrin,,,,UNR,unr,area/haut-rhin_(3e),Haut-Rhin (3e),Assemblée nationale,1,,,,
joseph_philippe,Joseph Philippe,Joseph Philippe,,,,RPCD,rpcd,area/haute-savoie_(3e),Haute-Savoie (3e),Assemblée nationale,1,,,,
joseph_pinvidic,Joseph Pinvidic,Joseph Pinvidic,,,,IPAS,ipas,area/finistère_(5e),Finistère (5e),Assemblée nationale,1,,,,
joseph_rivière,Joseph Rivière,Joseph Rivière,,,,RPCD,rpcd,area/rhône_(9e),Rhône (9e),Assemblée nationale,1,,,,
joseph_turroques,Joseph Turroques,Joseph Turroques,,,,IPAS,ipas,area/lot-et-garonne_(2e),Lot-et-Garonne (2e),Assemblée nationale,1,,,,
joël_le_tac,Joël Le Tac,Joël Le Tac,,,,UNR,unr,area/seine_(26e),Seine (26e),Assemblée nationale,1,,,,
joël_le_theule,Joël Le Theule,Joël Le Theule,,,,UNR,unr,area/sarthe_(4e),Sarthe (4e),Assemblée nationale,1,,,,
julien_tardieu,Julien Tardieu,Julien Tardieu,,,,IPAS,ipas,area/seine_(15e),Seine (15e),Assemblée nationale,1,,,,
just_Évrard,Just Évrard,Just Évrard,,,,Socialiste,socialiste,area/pas-de-calais_(11e),Pas-de-Calais (11e),Assemblée nationale,1,,,,
justin_catayée,Justin Catayée,Justin Catayée,,,,I,i,area/guyane_(2e),Guyane (2e),Assemblée nationale,1,,,,
khaddour_messaoudi,Khaddour Messaoudi,Khaddour Messaoudi,,,,NI,ni,area/médéa_(4e),Médéa (4e),Assemblée nationale,1,,,,
kheira_bouabsa,Kheira Bouabsa,Kheira Bouabsa,,,,EAS,eas,area/mascara_(11e),Mascara (11e),Assemblée nationale,1,,,,
khelil_benhalla,Khelil Benhalla,Khelil Benhalla,,,,EAS,eas,area/sétif_(17e),Sétif (17e),Assemblée nationale,1,,,,
louis_briot,Louis Briot,Louis Briot,,,,UNR,unr,area/aube_(1re),Aube (1re),Assemblée nationale,1,,,,
louis_bruelle,Louis Bruelle,Louis Bruelle,,,,EAS,eas,area/madagascar,Madagascar,Assemblée nationale,1,,,,
louis_bréchard,Louis Bréchard,Louis Bréchard,,,,IPAS,ipas,area/rhône_(10e),Rhône (10e),Assemblée nationale,1,,,,
louis_delaporte,Louis Delaporte,Louis Delaporte,,,,IPAS,ipas,area/seine-maritime_(9e),Seine-Maritime (9e),Assemblée nationale,1,,,,
louis_deschizeaux,Louis Deschizeaux,Louis Deschizeaux,,,,SFIO,sfio,area/indre_(1re),Indre (1re),Assemblée nationale,1,,,,
louis_fourmond,Louis Fourmond,Louis Fourmond,,,,RPCD,rpcd,area/mayenne_(2e),Mayenne (2e),Assemblée nationale,1,,,,
louis_jacquinot,Louis Jacquinot,Louis Jacquinot,,,,IPAS,ipas,area/meuse_(1re),Meuse (1re),Assemblée nationale,1,,,,
louis_jaillon,Louis Jaillon,Louis Jaillon,,,,RPCD,rpcd,area/jura_(2e),Jura (2e),Assemblée nationale,1,,,,
louis_jouhanneau,Louis Jouhanneau,Louis Jouhanneau,,,,UNR,unr,area/indre-et-loire_(2e),Indre-et-Loire (2e),Assemblée nationale,1,,,,
louis_le_montagner,Louis Le Montagner,Louis Le Montagner,,,,IPAS,ipas,area/morbihan_(5e),Morbihan (5e),Assemblée nationale,1,,,,
louis_longequeue,Louis Longequeue,Louis Longequeue,,,,SFIO,sfio,area/haute-vienne_(3e),Haute-Vienne (3e),Assemblée nationale,1,,,,
louis_maillot,Louis Maillot,Louis Maillot,,,,UNR,unr,area/doubs_(3e),Doubs (3e),Assemblée nationale,1,,,,
louis_marquaire,Louis Marquaire,Louis Marquaire,,,,EAS,eas,area/blida_(3e),Blida (3e),Assemblée nationale,1,,,,
louis_michaud,Louis Michaud,Louis Michaud,,,,RPCD,rpcd,area/vendée_(3e),Vendée (3e),Assemblée nationale,1,,,,
louis_orvoën,Louis Orvoën,Louis Orvoën,,,,RPCD,rpcd,area/finistère_(8e),Finistère (8e),Assemblée nationale,1,,,,
louis_raymond-clergue,Louis Raymond-Clergue,Louis Raymond-Clergue,,,,RPCD,rpcd,area/aude_(1re),Aude (1re),Assemblée nationale,1,,,,
louis_roche-defrance,Louis Roche-Defrance,Louis Roche-Defrance,,,,IPAS,ipas,area/ardèche_(2e),Ardèche (2e),Assemblée nationale,1,,,,
louis_terrenoire,Louis Terrenoire,Louis Terrenoire,,,,UNR,unr,area/orne_(1re),Orne (1re),Assemblée nationale,1,,,,
lucien_neuwirth,Lucien Neuwirth,Lucien Neuwirth,,,,UNR,unr,area/loire_(2e),Loire (2e),Assemblée nationale,1,,,,
lucien_de_gracia,Lucien de Gracia,Lucien de Gracia,,,,UNR,unr,area/gironde_(7e),Gironde (7e),Assemblée nationale,1,,,,
léon_delbecque,Léon Delbecque,Léon Delbecque,,,,UNR,unr,area/nord_(3e),Nord (3e),Assemblée nationale,1,,,,
léon_teisseire,Léon Teisseire,Léon Teisseire,,,,UNR,unr,area/alpes-maritimes_(3e),Alpes-Maritimes (3e),Assemblée nationale,1,,,,
léopold_morel,Léopold Morel,Léopold Morel,,,,EAS,eas,area/philippeville_(14e),Philippeville (14e),Assemblée nationale,1,,,,
léopold_sédar_senghor,Léopold Sédar Senghor,Léopold Sédar Senghor,,,,RPCD,rpcd,area/sénégal,Sénégal,Assemblée nationale,1,,,,
madeleine_martinache,Madeleine Martinache,Madeleine Martinache,,,,UNR,unr,area/nord_(4e),Nord (4e),Assemblée nationale,1,,,,
mahmoud_harbi,Mahmoud Harbi,Mahmoud Harbi,,,,unknown,unknown,area/côte_française_des_somalis_(2e),Côte française des Somalis (2e),Assemblée nationale,1,,,,
makhlouf_gahlam,Makhlouf Gahlam,Makhlouf Gahlam,,,,NI,ni,area/médéa_(4e),Médéa (4e),Assemblée nationale,1,,,,
mamadou_dia,Mamadou Dia,Mamadou Dia,,,,RPCD,rpcd,area/sénégal,Sénégal,Assemblée nationale,1,,,,
marc_jacquet,Marc Jacquet,Marc Jacquet,,,,UNR,unr,area/seine-et-marne_(1re),Seine-et-Marne (1re),Assemblée nationale,1,,,,
marc_lauriol,Marc Lauriol,Marc Lauriol,,,,EAS,eas,area/alger-banlieue_(2e),Alger-Banlieue (2e),Assemblée nationale,1,,,,
marcel_anthonioz,Marcel Anthonioz,Marcel Anthonioz,,,,IPAS,ipas,area/ain_(2e),Ain (2e),Assemblée nationale,1,,,,
marcel_cerneau,Marcel Cerneau,Marcel Cerneau,,,,NI,ni,area/la_réunion_(3e),La Réunion (3e),Assemblée nationale,1,,,,
marcel_clermontel,Marcel Clermontel,Marcel Clermontel,,,,UNR,unr,area/puy-de-dôme_(1re),Puy-de-Dôme (1re),Assemblée nationale,1,,,,
marcel_dassault,Marcel Dassault,Marcel Dassault,,,,UNR,unr,area/oise_(1re),Oise (1re),Assemblée nationale,1,,,,
marcel_deviq,Marcel Deviq,Marcel Deviq,,,,EAS,eas,area/oasis,Oasis,Assemblée nationale,1,,,,
marcel_falala,Marcel Falala,Marcel Falala,,,,UNR,unr,area/marne_(2e),Marne (2e),Assemblée nationale,1,,,,
marcel_roclore,Marcel Roclore,Marcel Roclore,,,,IPAS,ipas,area/côte-d'or_(4e),Côte-d'Or (4e),Assemblée nationale,1,,,,
marcel_sammarcelli,Marcel Sammarcelli,Marcel Sammarcelli,,,,UNR,unr,area/corse_(3e),Corse (3e),Assemblée nationale,1,,,,
marcelle_delabie,Marcelle Delabie,Marcelle Delabie,,,,ED,ed,area/somme_(3e),Somme (3e),Assemblée nationale,1,,,,
marcelle_devaud,Marcelle Devaud,Marcelle Devaud,,,,UNR,unr,area/seine_(36e),Seine (36e),Assemblée nationale,1,,,,
marie-madeleine_dienesch,Marie-Madeleine Dienesch,Marie-Madeleine Dienesch,,,,RPCD,rpcd,area/côtes-du-nord_(3e),Côtes-du-Nord (3e),Assemblée nationale,1,,,,
marie-magdeleine_aymé_de_la_chevrelière,Marie-Magdeleine Aymé de La Chevrelière,Marie-Magdeleine Aymé de La Chevrelière,,,,RPCD,rpcd,area/deux-sèvres_(1re),Deux-Sèvres (1re),Assemblée nationale,1,,,,
marius_durbet,Marius Durbet,Marius Durbet,,,,UNR,unr,area/nièvre_(1re),Nièvre (1re),Assemblée nationale,1,,,,
maurice_bayrou,Maurice Bayrou,Maurice Bayrou,,,,UNR,unr,area/moyen-congo_-_gabon,Moyen-Congo - Gabon,Assemblée nationale,1,,,,
maurice_blin,Maurice Blin,Maurice Blin,,,,RPCD,rpcd,area/ardennes_(2e),Ardennes (2e),Assemblée nationale,1,,,,
maurice_cassez,Maurice Cassez,Maurice Cassez,,,,RPCD,rpcd,area/pas-de-calais_(9e),Pas-de-Calais (9e),Assemblée nationale,1,,,,
maurice_faure,Maurice Faure,Maurice Faure,,,,NI,ni,area/lot_(1re),Lot (1re),Assemblée nationale,1,,,,
maurice_lemaire,Maurice Lemaire,Maurice Lemaire,,,,UNR,unr,area/vosges_(2e),Vosges (2e),Assemblée nationale,1,,,,
maurice_lenormand,Maurice Lenormand,Maurice Lenormand,,,,RPCD,rpcd,area/nouvelle-calédonie_et_nouvelles-hébrides,Nouvelle-Calédonie et Nouvelles-Hébrides,Assemblée nationale,1,,,,
maurice_molinet,Maurice Molinet,Maurice Molinet,,,,EAS,eas,area/bougie_(18e),Bougie (18e),Assemblée nationale,1,,,,
maurice_nilès,Maurice Nilès,Maurice Nilès,,,,PCF,pcf,area/seine_(42e),Seine (42e),Assemblée nationale,1,,,,
maurice_pic,Maurice Pic,Maurice Pic,,,,SFIO,sfio,area/drôme_(2e),Drôme (2e),Assemblée nationale,1,,,,
maurice_schumann,Maurice Schumann,Maurice Schumann,,,,RPCD,rpcd,area/nord_(10e),Nord (10e),Assemblée nationale,1,,,,
maurice_thorez,Maurice Thorez,Maurice Thorez,,,,PCF,pcf,area/seine_(50e),Seine (50e),Assemblée nationale,1,,,,
maurice-rené_simonnet,Maurice-René Simonnet,Maurice-René Simonnet,,,,RPCD,rpcd,area/drôme_(1re),Drôme (1re),Assemblée nationale,1,,,,
max_lejeune,Max Lejeune,Max Lejeune,,,,SFIO,sfio,area/somme_(4e),Somme (4e),Assemblée nationale,1,,,,
max_montagne,Max Montagne,Max Montagne,,,,UNR,unr,area/jura_(1re),Jura (1re),Assemblée nationale,1,,,,
max_moras,Max Moras,Max Moras,,,,UNR,unr,area/landes_(2e),Landes (2e),Assemblée nationale,1,,,,
michel_boscher,Michel Boscher,Michel Boscher,,,,UNR,unr,area/seine-et-oise_(14e),Seine-et-Oise (14e),Assemblée nationale,1,,,,
michel_colinet,Michel Colinet,Michel Colinet,,,,IPAS,ipas,area/ardennes_(1re),Ardennes (1re),Assemblée nationale,1,,,,
michel_crucis,Michel Crucis,Michel Crucis,,,,IPAS,ipas,area/vendée_(1re),Vendée (1re),Assemblée nationale,1,,,,
michel_diéras,Michel Diéras,Michel Diéras,,,,ED,ed,area/dordogne_(4e),Dordogne (4e),Assemblée nationale,1,,,,
michel_habib-deloncle,Michel Habib-Deloncle,Michel Habib-Deloncle,,,,UNR,unr,area/seine_(20e),Seine (20e),Assemblée nationale,1,,,,
michel_hoguet,Michel Hoguet,Michel Hoguet,,,,UNR,unr,area/eure-et-loir_(3e),Eure-et-Loir (3e),Assemblée nationale,1,,,,
michel_jacquet,Michel Jacquet,Michel Jacquet,,,,IPAS,ipas,area/loire_(7e),Loire (7e),Assemblée nationale,1,,,,
michel_jamot,Michel Jamot,Michel Jamot,,,,UNR,unr,area/seine-et-oise_(2e),Seine-et-Oise (2e),Assemblée nationale,1,,,,
michel_junot,Michel Junot,Michel Junot,,,,IPAS,ipas,area/seine_(2e),Seine (2e),Assemblée nationale,1,,,,
michel_maurice-bokanowski,Michel Maurice-Bokanowski,Michel Maurice-Bokanowski,,,,UNR,unr,area/seine_(2e),Seine (2e),Assemblée nationale,1,,,,
michel_peytel,Michel Peytel,Michel Peytel,,,,UNR,unr,area/seine_(49e),Seine (49e),Assemblée nationale,1,,,,
michel_d'aillières,Michel d'Aillières,Michel d'Aillières,,,,IPAS,ipas,area/sarthe_(5e),Sarthe (5e),Assemblée nationale,1,,,,
modibo_keita,Modibo Keita,Modibo Keita,,,,NI,ni,area/soudan,Soudan,Assemblée nationale,1,,,,
mohamed_agha-mir,Mohamed Agha-mir,Mohamed Agha-mir,,,,EAS,eas,area/orléansville_(5e),Orléansville (5e),Assemblée nationale,1,,,,
mohamed_baouya,Mohamed Baouya,Mohamed Baouya,,,,EAS,eas,area/orléansville_(5e),Orléansville (5e),Assemblée nationale,1,,,,
mohamed_barboucha,Mohamed Barboucha,Mohamed Barboucha,,,,EAS,eas,area/philippeville_(14e),Philippeville (14e),Assemblée nationale,1,,,,
mohamed_bedredine,Mohamed Bedredine,Mohamed Bedredine,,,,EAS,eas,area/philippeville_(14e),Philippeville (14e),Assemblée nationale,1,,,,
mohamed_boudi,Mohamed Boudi,Mohamed Boudi,,,,NI,ni,area/oasis,Oasis,Assemblée nationale,1,,,,
mohamed_boulsane,Mohamed Boulsane,Mohamed Boulsane,,,,NI,ni,area/philippeville_(14e),Philippeville (14e),Assemblée nationale,1,,,,
mohamed_ihaddaden,Mohamed Ihaddaden,Mohamed Ihaddaden,,,,EAS,eas,area/bougie_(18e),Bougie (18e),Assemblée nationale,1,,,,
mohamed_laradji,Mohamed Laradji,Mohamed Laradji,,,,EAS,eas,area/blida_(3e),Blida (3e),Assemblée nationale,1,,,,
mohamed-kébir_békri,Mohamed-Kébir Békri,Mohamed-Kébir Békri,,,,EAS,eas,area/oran-campagne_(8e),Oran-Campagne (8e),Assemblée nationale,1,,,,
mohamed-lakhdar_djouini,Mohamed-Lakhdar Djouini,Mohamed-Lakhdar Djouini,,,,EAS,eas,area/bône_(16e),Bône (16e),Assemblée nationale,1,,,,
mohamed-tahar_zeghouf,Mohamed-Tahar Zeghouf,Mohamed-Tahar Zeghouf,,,,EAS,eas,area/mascara_(11e),Mascara (11e),Assemblée nationale,1,,,,
mourad_kaouah,Mourad Kaouah,Mourad Kaouah,,,,EAS,eas,area/alger-ville_(1re),Alger-Ville (1re),Assemblée nationale,1,,,,
mustapha_deramchi,Mustapha Deramchi,Mustapha Deramchi,,,,EAS,eas,area/mostaganem_(10e),Mostaganem (10e),Assemblée nationale,1,,,,
médard_albrand,Médard Albrand,Médard Albrand,,,,UNR,unr,area/guadeloupe_(1re),Guadeloupe (1re),Assemblée nationale,1,,,,
n'diaye_sidi_el_moktar,N'Diaye Sidi el Moktar,N'Diaye Sidi el Moktar,,,,EAS,eas,area/mauritanie,Mauritanie,Assemblée nationale,1,,,,
nafissa_sid_cara,Nafissa Sid Cara,Nafissa Sid Cara,,,,EAS,eas,area/alger_(2e),Alger (2e),Assemblée nationale,1,,,,
narcisse_pavot,Narcisse Pavot,Narcisse Pavot,,,,SFIO,sfio,area/nord_(17e),Nord (17e),Assemblée nationale,1,,,,
nazi_boni,Nazi Boni,Nazi Boni,,,,RPCD,rpcd,area/haute-volta,Haute-Volta,Assemblée nationale,1,,,,
nestor_rombeaut,Nestor Rombeaut,Nestor Rombeaut,,,,RPCD,rpcd,area/loire-atlantique_(6e),Loire-Atlantique (6e),Assemblée nationale,1,,,,
noureddine_hassani,Noureddine Hassani,Noureddine Hassani,,,,EAS,eas,area/batna_(2e),Batna (2e),Assemblée nationale,1,,,,
noël_barrot,Noël Barrot,Noël Barrot,,,,RPCD,rpcd,area/haute-loire_(1re),Haute-Loire (1re),Assemblée nationale,1,,,,
noël_chapuis,Noël Chapuis,Noël Chapuis,,,,NI,ni,area/isère_(5e),Isère (5e),Assemblée nationale,1,,,,
olivier_d'ormesson,Olivier d'Ormesson,Olivier d'Ormesson,,,,IPAS,ipas,area/seine-et-oise_(16e),Seine-et-Oise (16e),Assemblée nationale,1,,,,
olivier_de_pierrebourg,Olivier de Pierrebourg,Olivier de Pierrebourg,,,,NI,ni,area/creuse_(1re),Creuse (1re),Assemblée nationale,1,,,,
olivier_de_sesmaisons,Olivier de Sesmaisons,Olivier de Sesmaisons,,,,IPAS,ipas,area/loire-atlantique_(4e),Loire-Atlantique (4e),Assemblée nationale,1,,,,
ouali_azem,Ouali Azem,Ouali Azem,,,,EAS,eas,area/tizi-ouzou_(6e),Tizi-Ouzou (6e),Assemblée nationale,1,,,,
pascal_arrighi,Pascal Arrighi,Pascal Arrighi,,,,UNR,unr,area/corse_(1re),Corse (1re),Assemblée nationale,1,,,,
pascal_marchetti,Pascal Marchetti,Pascal Marchetti,,,,UNR,unr,area/bouches-du-rhône_(8e),Bouches-du-Rhône (8e),Assemblée nationale,1,,,,
patrice_brocas,Patrice Brocas,Patrice Brocas,,,,ED,ed,area/gers_(1re),Gers (1re),Assemblée nationale,1,,,,
paul_alduy,Paul Alduy,Paul Alduy,,,,NI,ni,area/pyrénées-orientales_(1re),Pyrénées-Orientales (1re),Assemblée nationale,1,,,,
paul_boulet,Paul Boulet,Paul Boulet,,,,UNR,unr,area/nièvre_(2e),Nièvre (2e),Assemblée nationale,1,,,,
paul_béchard,Paul Béchard,Paul Béchard,,,,SFIO,sfio,area/gard_(4e),Gard (4e),Assemblée nationale,1,,,,
paul_bécue,Paul Bécue,Paul Bécue,,,,UNR,unr,area/nord_(23e),Nord (23e),Assemblée nationale,1,,,,
paul_cermolacce,Paul Cermolacce,Paul Cermolacce,,,,PCF,pcf,area/bouches-du-rhône_(7e),Bouches-du-Rhône (7e),Assemblée nationale,1,,,,
paul_coste-floret,Paul Coste-Floret,Paul Coste-Floret,,,,RPCD,rpcd,area/hérault_(2e),Hérault (2e),Assemblée nationale,1,,,,
paul_godonnèche,Paul Godonnèche,Paul Godonnèche,,,,IPAS,ipas,area/puy-de-dôme_(3e),Puy-de-Dôme (3e),Assemblée nationale,1,,,,
paul_guillon,Paul Guillon,Paul Guillon,,,,UNR,unr,area/vienne_(1re),Vienne (1re),Assemblée nationale,1,,,,
paul_ihuel,Paul Ihuel,Paul Ihuel,,,,RPCD,rpcd,area/morbihan_(6e),Morbihan (6e),Assemblée nationale,1,,,,
paul_mainguy,Paul Mainguy,Paul Mainguy,,,,UNR,unr,area/seine_(53e),Seine (53e),Assemblée nationale,1,,,,
paul_maridet,Paul Maridet,Paul Maridet,,,,UNR,unr,area/allier_(1re),Allier (1re),Assemblée nationale,1,,,,
paul_mazurier,Paul Mazurier,Paul Mazurier,,,,SFIO,sfio,area/seine-et-oise_(10e),Seine-et-Oise (10e),Assemblée nationale,1,,,,
paul_mirguet,Paul Mirguet,Paul Mirguet,,,,UNR,unr,area/moselle_(2e),Moselle (2e),Assemblée nationale,1,,,,
paul_pillet,Paul Pillet,Paul Pillet,,,,ED,ed,area/loire_(5e),Loire (5e),Assemblée nationale,1,,,,
paul_reynaud,Paul Reynaud,Paul Reynaud,,,,IPAS,ipas,area/loire-atlantique_(12e),Loire-Atlantique (12e),Assemblée nationale,1,,,,
philibert_tsiranana,Philibert Tsiranana,Philibert Tsiranana,,,,SFIO,sfio,area/madagascar,Madagascar,Assemblée nationale,1,,,,
philippe_danilo,Philippe Danilo,Philippe Danilo,,,,UNR,unr,area/rhône_(7e),Rhône (7e),Assemblée nationale,1,,,,
philippe_marçais,Philippe Marçais,Philippe Marçais,,,,EAS,eas,area/alger-banlieue_(2e),Alger-Banlieue (2e),Assemblée nationale,1,,,,
philippe_rivain,Philippe Rivain,Philippe Rivain,,,,UNR,unr,area/maine-et-loire_(3e),Maine-et-Loire (3e),Assemblée nationale,1,,,,
philippe_vayron,Philippe Vayron,Philippe Vayron,,,,IPAS,ipas,area/seine_(48e),Seine (48e),Assemblée nationale,1,,,,
pierre_battesti,Pierre Battesti,Pierre Battesti,,,,UNR,unr,area/seine-et-marne_(5e),Seine-et-Marne (5e),Assemblée nationale,1,,,,
pierre_baudis,Pierre Baudis,Pierre Baudis,,,,IPAS,ipas,area/haute-garonne_(2e),Haute-Garonne (2e),Assemblée nationale,1,,,,
pierre_bourdellès,Pierre Bourdellès,Pierre Bourdellès,,,,ED,ed,area/côtes-du-nord_(5e),Côtes-du-Nord (5e),Assemblée nationale,1,,,,
pierre_bourgeois,Pierre Bourgeois,Pierre Bourgeois,,,,SFIO,sfio,area/allier_(2e),Allier (2e),Assemblée nationale,1,,,,
pierre_carous,Pierre Carous,Pierre Carous,,,,UNR,unr,area/nord_(19e),Nord (19e),Assemblée nationale,1,,,,
pierre_charié,Pierre Charié,Pierre Charié,,,,UNR,unr,area/loiret_(3e),Loiret (3e),Assemblée nationale,1,,,,
pierre_comte-offenbach,Pierre Comte-Offenbach,Pierre Comte-Offenbach,,,,UNR,unr,area/loir-et-cher_(2e),Loir-et-Cher (2e),Assemblée nationale,1,,,,
pierre_coulon,Pierre Coulon,Pierre Coulon,,,,IPAS,ipas,area/allier_(4e),Allier (4e),Assemblée nationale,1,,,,
pierre_courant,Pierre Courant,Pierre Courant,,,,IPAS,ipas,area/seine-maritime_(6e),Seine-Maritime (6e),Assemblée nationale,1,,,,
pierre_dalainzy,Pierre Dalainzy,Pierre Dalainzy,,,,IPAS,ipas,area/meurthe-et-moselle_(4e),Meurthe-et-Moselle (4e),Assemblée nationale,1,,,,
pierre_dufour,Pierre Dufour,Pierre Dufour,,,,IPAS,ipas,area/saône-et-loire_(2e),Saône-et-Loire (2e),Assemblée nationale,1,,,,
pierre_dumas,Pierre Dumas,Pierre Dumas,,,,UNR,unr,area/savoie_(3e),Savoie (3e),Assemblée nationale,1,,,,
pierre_ferri,Pierre Ferri,Pierre Ferri,,,,IPAS,ipas,area/seine_(22e),Seine (22e),Assemblée nationale,1,,,,
pierre_forest,Pierre Forest,Pierre Forest,,,,SFIO,sfio,area/nord_(22e),Nord (22e),Assemblée nationale,1,,,,
pierre_gabelle,Pierre Gabelle,Pierre Gabelle,,,,RPCD,rpcd,area/loiret_(2e),Loiret (2e),Assemblée nationale,1,,,,
pierre_gamel,Pierre Gamel,Pierre Gamel,,,,UNR,unr,area/gard_(1re),Gard (1re),Assemblée nationale,1,,,,
pierre_godefroy,Pierre Godefroy,Pierre Godefroy,,,,UNR,unr,area/manche_(4e),Manche (4e),Assemblée nationale,1,,,,
pierre_grasset-morel,Pierre Grasset-Morel,Pierre Grasset-Morel,,,,IPAS,ipas,area/hérault_(1re),Hérault (1re),Assemblée nationale,1,,,,
pierre_hénault,Pierre Hénault,Pierre Hénault,,,,IPAS,ipas,area/manche_(2e),Manche (2e),Assemblée nationale,1,,,,
pierre_laffont,Pierre Laffont,Pierre Laffont,,,,UNR,unr,area/oran-campagne_(8e),Oran-Campagne (8e),Assemblée nationale,1,,,,
pierre_lagaillarde,Pierre Lagaillarde,Pierre Lagaillarde,,,,NI,ni,area/alger-ville_(1re),Alger-Ville (1re),Assemblée nationale,1,,,,
pierre_mahias,Pierre Mahias,Pierre Mahias,,,,ED,ed,area/loir-et-cher_(3e),Loir-et-Cher (3e),Assemblée nationale,1,,,,
pierre_mariotte,Pierre Mariotte,Pierre Mariotte,,,,IPAS,ipas,area/saône-et-loire_(1re),Saône-et-Loire (1re),Assemblée nationale,1,,,,
pierre_monnerville,Pierre Monnerville,Pierre Monnerville,,,,SFIO,sfio,area/guadeloupe_(2e),Guadeloupe (2e),Assemblée nationale,1,,,,
pierre_pasquini,Pierre Pasquini,Pierre Pasquini,,,,UNR,unr,area/alpes-maritimes_(1re),Alpes-Maritimes (1re),Assemblée nationale,1,,,,
pierre_pflimlin,Pierre Pflimlin,Pierre Pflimlin,,,,RPCD,rpcd,area/bas-rhin_(8e),Bas-Rhin (8e),Assemblée nationale,1,,,,
pierre_picard,Pierre Picard,Pierre Picard,,,,UNR,unr,area/seine-et-oise_(11e),Seine-et-Oise (11e),Assemblée nationale,1,,,,
pierre_portolano,Pierre Portolano,Pierre Portolano,,,,EAS,eas,area/bône_(16e),Bône (16e),Assemblée nationale,1,,,,
pierre_puech-samson,Pierre Puech-Samson,Pierre Puech-Samson,,,,EAS,eas,area/mostaganem_(10e),Mostaganem (10e),Assemblée nationale,1,,,,
pierre_ruais,Pierre Ruais,Pierre Ruais,,,,UNR,unr,area/seine_(28e),Seine (28e),Assemblée nationale,1,,,,
pierre_sallenave,Pierre Sallenave,Pierre Sallenave,,,,IPAS,ipas,area/basses-pyrénées_(1re),Basses-Pyrénées (1re),Assemblée nationale,1,,,,
pierre_vignau,Pierre Vignau,Pierre Vignau,,,,EAS,eas,area/médéa_(4e),Médéa (4e),Assemblée nationale,1,,,,
pierre_villon,Pierre Villon,Pierre Villon,,,,PCF,pcf,area/allier_(3e),Allier (3e),Assemblée nationale,1,,,,
pierre_vitter,Pierre Vitter,Pierre Vitter,,,,IPAS,ipas,area/haute-saône_(1re),Haute-Saône (1re),Assemblée nationale,1,,,,
pierre_weber,Pierre Weber,Pierre Weber,,,,IPAS,ipas,area/meurthe-et-moselle_(3e),Meurthe-et-Moselle (3e),Assemblée nationale,1,,,,
pierre_ziller,Pierre Ziller,Pierre Ziller,,,,UNR,unr,area/alpes-maritimes_(6e),Alpes-Maritimes (6e),Assemblée nationale,1,,,,
pierre_de_bénouville,Pierre de Bénouville,Pierre de Bénouville,,,,IPAS,ipas,area/pas-de-calais_(8e),Pas-de-Calais (8e),Assemblée nationale,1,,,,
pierre_de_bénouville,Pierre de Bénouville,Pierre de Bénouville,,,,UNR,unr,area/ille-et-vilaine_(5e),Ille-et-Vilaine (5e),Assemblée nationale,1,,,,
pierre_de_montesquiou,Pierre de Montesquiou,Pierre de Montesquiou,,,,ED,ed,area/gers_(2e),Gers (2e),Assemblée nationale,1,,,,
pierre_de_sainte-marie,Pierre de Sainte-Marie,Pierre de Sainte-Marie,,,,UNR,unr,area/tarn-et-garonne_(1re),Tarn-et-Garonne (1re),Assemblée nationale,1,,,,
pierre-louis_bourgoin,Pierre-Louis Bourgoin,Pierre-Louis Bourgoin,,,,UNR,unr,area/seine_(12e),Seine (12e),Assemblée nationale,1,,,,
raoul_bayou,Raoul Bayou,Raoul Bayou,,,,SFIO,sfio,area/hérault_(5e),Hérault (5e),Assemblée nationale,1,,,,
raoul_rousseau,Raoul Rousseau,Raoul Rousseau,,,,UNR,unr,area/dordogne_(1re),Dordogne (1re),Assemblée nationale,1,,,,
raphaël_touret,Raphaël Touret,Raphaël Touret,,,,UNR,unr,area/seine_(11e),Seine (11e),Assemblée nationale,1,,,,
raymond_boisdé,Raymond Boisdé,Raymond Boisdé,,,,IPAS,ipas,area/cher_(1re),Cher (1re),Assemblée nationale,1,,,,
raymond_bouillol,Raymond Bouillol,Raymond Bouillol,,,,IPAS,ipas,area/isère_(6e),Isère (6e),Assemblée nationale,1,,,,
raymond_dronne,Raymond Dronne,Raymond Dronne,,,,UNR,unr,area/sarthe_(3e),Sarthe (3e),Assemblée nationale,1,,,,
raymond_gernez,Raymond Gernez,Raymond Gernez,,,,SFIO,sfio,area/nord_(16e),Nord (16e),Assemblée nationale,1,,,,
raymond_hanin,Raymond Hanin,Raymond Hanin,,,,IPAS,ipas,area/haute-marne_(2e),Haute-Marne (2e),Assemblée nationale,1,,,,
raymond_joyon,Raymond Joyon,Raymond Joyon,,,,IPAS,ipas,area/puy-de-dôme_(4e),Puy-de-Dôme (4e),Assemblée nationale,1,,,,
raymond_marcellin,Raymond Marcellin,Raymond Marcellin,,,,IPAS,ipas,area/morbihan_(1re),Morbihan (1re),Assemblée nationale,1,,,,
raymond_mondon,Raymond Mondon,Raymond Mondon,,,,IPAS,ipas,area/moselle_(1re),Moselle (1re),Assemblée nationale,1,,,,
raymond_poutier,Raymond Poutier,Raymond Poutier,,,,UNR,unr,area/seine_(54e),Seine (54e),Assemblée nationale,1,,,,
raymond_réthoré,Raymond Réthoré,Raymond Réthoré,,,,UNR,unr,area/charente_(1re),Charente (1re),Assemblée nationale,1,,,,
raymond_schmittlein,Raymond Schmittlein,Raymond Schmittlein,,,,UNR,unr,area/territoire_de_belfort_(1re),Territoire de Belfort (1re),Assemblée nationale,1,,,,
raymond_triboulet,Raymond Triboulet,Raymond Triboulet,,,,UNR,unr,area/calvados_(4e),Calvados (4e),Assemblée nationale,1,,,,
rebiha_khebtani,Rebiha Khebtani,Rebiha Khebtani,,,,EAS,eas,area/sétif_(17e),Sétif (17e),Assemblée nationale,1,,,,
rené_billères,René Billères,René Billères,,,,NI,ni,area/hautes-pyrénées_(1re),Hautes-Pyrénées (1re),Assemblée nationale,1,,,,
rené_caillaud,René Caillaud,René Caillaud,,,,NI,ni,area/indre_(2e),Indre (2e),Assemblée nationale,1,,,,
rené_cance,René Cance,René Cance,,,,PCF,pcf,area/seine-maritime_(7e),Seine-Maritime (7e),Assemblée nationale,1,,,,
rené_cassagne,René Cassagne,René Cassagne,,,,SFIO,sfio,area/gironde_(4e),Gironde (4e),Assemblée nationale,1,,,,
rené_cathala,René Cathala,René Cathala,,,,UNR,unr,area/haute-garonne_(1re),Haute-Garonne (1re),Assemblée nationale,1,,,,
rené_charpentier,René Charpentier,René Charpentier,,,,RPCD,rpcd,area/marne_(4e),Marne (4e),Assemblée nationale,1,,,,
rené_dejean,René Dejean,René Dejean,,,,SFIO,sfio,area/ariège_(2e),Ariège (2e),Assemblée nationale,1,,,,
rené_hostache,René Hostache,René Hostache,,,,UNR,unr,area/bouches-du-rhône_(9e),Bouches-du-Rhône (9e),Assemblée nationale,1,,,,
rené_la_combe,René La Combe,René La Combe,,,,UNR,unr,area/maine-et-loire_(6e),Maine-et-Loire (6e),Assemblée nationale,1,,,,
rené_le_bault_de_la_morinière,René Le Bault de La Morinière,René Le Bault de La Morinière,,,,UNR,unr,area/maine-et-loire_(5e),Maine-et-Loire (5e),Assemblée nationale,1,,,,
rené_lecocq,René Lecocq,René Lecocq,,,,UNR,unr,area/nord_(9e),Nord (9e),Assemblée nationale,1,,,,
rené_leduc,René Leduc,René Leduc,,,,UNR,unr,area/seine-et-oise_(4e),Seine-et-Oise (4e),Assemblée nationale,1,,,,
rené_malbrant,René Malbrant,René Malbrant,,,,UNR,unr,area/oubangui-chari-tchad,Oubangui-Chari-Tchad,Assemblée nationale,1,,,,
rené_mekki,René Mekki,René Mekki,,,,UNR,unr,area/oran-ville_(7e),Oran-Ville (7e),Assemblée nationale,1,,,,
rené_moatti,René Moatti,René Moatti,,,,UNR,unr,area/seine_(7e),Seine (7e),Assemblée nationale,1,,,,
rené_mocquiaux,René Mocquiaux,René Mocquiaux,,,,UNR,unr,area/seine-et-marne_(3e),Seine-et-Marne (3e),Assemblée nationale,1,,,,
rené_plazanet,René Plazanet,René Plazanet,,,,UNR,unr,area/seine_(55e),Seine (55e),Assemblée nationale,1,,,,
rené_pleven,René Pleven,René Pleven,,,,ED,ed,area/côtes-du-nord_(2e),Côtes-du-Nord (2e),Assemblée nationale,1,,,,
rené_quentier,René Quentier,René Quentier,,,,UNR,unr,area/oise_(4e),Oise (4e),Assemblée nationale,1,,,,
rené_radius,René Radius,René Radius,,,,UNR,unr,area/bas-rhin_(1re),Bas-Rhin (1re),Assemblée nationale,1,,,,
rené_regaudie,René Regaudie,René Regaudie,,,,SFIO,sfio,area/haute-vienne_(1re),Haute-Vienne (1re),Assemblée nationale,1,,,,
rené_ribière,René Ribière,René Ribière,,,,UNR,unr,area/seine-et-oise_(12e),Seine-et-Oise (12e),Assemblée nationale,1,,,,
rené_sanson,René Sanson,René Sanson,,,,UNR,unr,area/seine_(13e),Seine (13e),Assemblée nationale,1,,,,
rené_schmitt,René Schmitt,René Schmitt,,,,SFIO,sfio,area/manche_(5e),Manche (5e),Assemblée nationale,1,,,,
rené_tomasini,René Tomasini,René Tomasini,,,,UNR,unr,area/eure_(4e),Eure (4e),Assemblée nationale,1,,,,
rené_vinciguerra,René Vinciguerra,René Vinciguerra,,,,EAS,eas,area/alger-ville_(1re),Alger-Ville (1re),Assemblée nationale,1,,,,
rené_walter,René Walter,René Walter,,,,UNR,unr,area/yonne_(1re),Yonne (1re),Assemblée nationale,1,,,,
rené-georges_laurin,René-Georges Laurin,René-Georges Laurin,,,,UNR,unr,area/var_(2e),Var (2e),Assemblée nationale,1,,,,
robert_abdesselam,Robert Abdesselam,Robert Abdesselam,,,,EAS,eas,area/alger-banlieue_(2e),Alger-Banlieue (2e),Assemblée nationale,1,,,,
robert_ballanger,Robert Ballanger,Robert Ballanger,,,,PCF,pcf,area/seine-et-oise_(9e),Seine-et-Oise (9e),Assemblée nationale,1,,,,
robert_besson,Robert Besson,Robert Besson,,,,UNR,unr,area/landes_(1re),Landes (1re),Assemblée nationale,1,,,,
robert_bisson,Robert Bisson,Robert Bisson,,,,UNR,unr,area/calvados_(2e),Calvados (2e),Assemblée nationale,1,,,,
robert_boulin,Robert Boulin,Robert Boulin,,,,UNR,unr,area/gironde_(9e),Gironde (9e),Assemblée nationale,1,,,,
robert_buron,Robert Buron,Robert Buron,,,,RPCD,rpcd,area/mayenne_(1re),Mayenne (1re),Assemblée nationale,1,,,,
robert_calméjane,Robert Calméjane,Robert Calméjane,,,,UNR,unr,area/seine_(43e),Seine (43e),Assemblée nationale,1,,,,
robert_garraud,Robert Garraud,Robert Garraud,,,,UNR,unr,area/hautes-alpes_(2e),Hautes-Alpes (2e),Assemblée nationale,1,,,,
robert_grèverie,Robert Grèverie,Robert Grèverie,,,,IPAS,ipas,area/seine-maritime_(8e),Seine-Maritime (8e),Assemblée nationale,1,,,,
robert_hauret,Robert Hauret,Robert Hauret,,,,UNR,unr,area/maine-et-loire_(4e),Maine-et-Loire (4e),Assemblée nationale,1,,,,
robert_hersant,Robert Hersant,Robert Hersant,,,,NI,ni,area/oise_(3e),Oise (3e),Assemblée nationale,1,,,,
robert_lecourt,Robert Lecourt,Robert Lecourt,,,,RPCD,rpcd,area/hautes-alpes_(1re),Hautes-Alpes (1re),Assemblée nationale,1,,,,
robert_schuman,Robert Schuman,Robert Schuman,,,,RPCD,rpcd,area/moselle_(4e),Moselle (4e),Assemblée nationale,1,,,,
robert_szigeti,Robert Szigeti,Robert Szigeti,,,,ED,ed,area/loiret_(4e),Loiret (4e),Assemblée nationale,1,,,,
robert_thomazo,Robert Thomazo,Robert Thomazo,,,,UNR,unr,area/basses-pyrénées_(4e),Basses-Pyrénées (4e),Assemblée nationale,1,,,,
robert_wagner,Robert Wagner,Robert Wagner,,,,UNR,unr,area/seine-et-oise_(6e),Seine-et-Oise (6e),Assemblée nationale,1,,,,
roger_devemy,Roger Devemy,Roger Devemy,,,,RPCD,rpcd,area/meurthe-et-moselle_(6e),Meurthe-et-Moselle (6e),Assemblée nationale,1,,,,
roger_diet,Roger Diet,Roger Diet,,,,UNR,unr,area/basses-alpes_(1re),Basses-Alpes (1re),Assemblée nationale,1,,,,
roger_dusseaulx,Roger Dusseaulx,Roger Dusseaulx,,,,UNR,unr,area/seine-maritime_(1re),Seine-Maritime (1re),Assemblée nationale,1,,,,
roger_duveau,Roger Duveau,Roger Duveau,,,,NI,ni,area/madagascar,Madagascar,Assemblée nationale,1,,,,
roger_fulchiron,Roger Fulchiron,Roger Fulchiron,,,,IPAS,ipas,area/rhône_(5e),Rhône (5e),Assemblée nationale,1,,,,
roger_noiret,Roger Noiret,Roger Noiret,,,,UNR,unr,area/ardennes_(3e),Ardennes (3e),Assemblée nationale,1,,,,
roger_pinoteau,Roger Pinoteau,Roger Pinoteau,,,,IPAS,ipas,area/seine_(30e),Seine (30e),Assemblée nationale,1,,,,
roger_souchal,Roger Souchal,Roger Souchal,,,,UNR,unr,area/meurthe-et-moselle_(1re),Meurthe-et-Moselle (1re),Assemblée nationale,1,,,,
roland_boscary-monsservin,Roland Boscary-Monsservin,Roland Boscary-Monsservin,,,,IPAS,ipas,area/aveyron_(1re),Aveyron (1re),Assemblée nationale,1,,,,
roland_boudet,Roland Boudet,Roland Boudet,,,,UNR,unr,area/orne_(2e),Orne (2e),Assemblée nationale,1,,,,
roland_carter,Roland Carter,Roland Carter,,,,UNR,unr,area/seine_(38e),Seine (38e),Assemblée nationale,1,,,,
roland_nungesser,Roland Nungesser,Roland Nungesser,,,,UNR,unr,area/seine_(47e),Seine (47e),Assemblée nationale,1,,,,
rémy_montagne,Rémy Montagne,Rémy Montagne,,,,ED,ed,area/eure_(3e),Eure (3e),Assemblée nationale,1,,,,
sadok_khorsi,Sadok Khorsi,Sadok Khorsi,,,,NI,ni,area/tizi-ouzou_(6e),Tizi-Ouzou (6e),Assemblée nationale,1,,,,
said_ibrahim_bin_said_ali,Said Ibrahim bin Said Ali,Said Ibrahim bin Said Ali,,,,UNR,unr,area/comores,Comores,Assemblée nationale,1,,,,
said_mohamed_cheikh,Said Mohamed Cheikh,Said Mohamed Cheikh,,,,UNR,unr,area/comores,Comores,Assemblée nationale,1,,,,
saïd_boualam,Saïd Boualam,Saïd Boualam,,,,EAS,eas,area/orléansville_(5e),Orléansville (5e),Assemblée nationale,1,,,,
slimane_belabed,Slimane Belabed,Slimane Belabed,,,,EAS,eas,area/tlemcen_(9e),Tlemcen (9e),Assemblée nationale,1,,,,
sourou_migan_apithy,Sourou Migan Apithy,Sourou Migan Apithy,,,,IPAS,ipas,area/dahomey,Dahomey,Assemblée nationale,1,,,,
tetuaapua_pouvanaa_oopa,Tetuaapua Pouvanaa Oopa,Tetuaapua Pouvanaa Oopa,,,,RPCD,rpcd,area/polynésie_française,Polynésie française,Assemblée nationale,1,,,,
tony_larue,Tony Larue,Tony Larue,,,,SFIO,sfio,area/seine-maritime_(2e),Seine-Maritime (2e),Assemblée nationale,1,,,,
télesphore_caudron,Télesphore Caudron,Télesphore Caudron,,,,SFIO,sfio,area/pas-de-calais_(2e),Pas-de-Calais (2e),Assemblée nationale,1,,,,
valère_clément,Valère Clément,Valère Clément,,,,NI,ni,area/la_réunion_(2e),La Réunion (2e),Assemblée nationale,1,,,,
valéry_giscard_d'estaing,Valéry Giscard d'Estaing,Valéry Giscard d'Estaing,,,,IPAS,ipas,area/puy-de-dôme_(2e),Puy-de-Dôme (2e),Assemblée nationale,1,,,,
victor_chatenay,Victor Chatenay,Victor Chatenay,,,,UNR,unr,area/maine-et-loire_(1re),Maine-et-Loire (1re),Assemblée nationale,1,,,,
victor_rault,Victor Rault,Victor Rault,,,,RPCD,rpcd,area/côtes-du-nord_(1re),Côtes-du-Nord (1re),Assemblée nationale,1,,,,
victor_sablé,Victor Sablé,Victor Sablé,,,,ED,ed,area/martinique_(3e),Martinique (3e),Assemblée nationale,1,,,,
waldeck_rochet,Waldeck Rochet,Waldeck Rochet,,,,PCF,pcf,area/seine_(41e),Seine (41e),Assemblée nationale,1,,,,
william_jacson,William Jacson,William Jacson,,,,UNR,unr,area/meurthe-et-moselle_(2e),Meurthe-et-Moselle (2e),Assemblée nationale,1,,,,
william_widenlocher,William Widenlocher,William Widenlocher,,,,SFIO,sfio,area/sétif_(17e),Sétif (17e),Assemblée nationale,1,,,,
xavier_salado,Xavier Salado,Xavier Salado,,,,EAS,eas,area/tiaret_(12e),Tiaret (12e),Assemblée nationale,1,,,,
xavier_trellu,Xavier Trellu,Xavier Trellu,,,,RPCD,rpcd,area/finistère_(7e),Finistère (7e),Assemblée nationale,1,,,,
yves_de_kerveguen,Yves de Kerveguen,Yves de Kerveguen,,,,UNR,unr,area/seine-et-oise_(8e),Seine-et-Oise (8e),Assemblée nationale,1,,,,
yves_du_halgouët,Yves du Halgouët,Yves du Halgouët,,,,IPAS,ipas,area/morbihan_(4e),Morbihan (4e),Assemblée nationale,1,,,,
yvon_grasset,Yvon Grasset,Yvon Grasset,,,,UNR,unr,area/tlemcen_(9e),Tlemcen (9e),Assemblée nationale,1,,,,
zzz_rakotovelo,Zzz Rakotovelo,Zzz Rakotovelo,,,,RPCD,rpcd,area/madagascar,Madagascar,Assemblée nationale,1,,,,
Édouard_alliot,Édouard Alliot,Édouard Alliot,,,,IPAS,ipas,area/aisne_(3e),Aisne (3e),Assemblée nationale,1,,,,
Édouard_charret,Édouard Charret,Édouard Charret,,,,UNR,unr,area/rhône_(6e),Rhône (6e),Assemblée nationale,1,,,,
Édouard_frédéric-dupont,Édouard Frédéric-Dupont,Édouard Frédéric-Dupont,,,,IPAS,ipas,area/seine_(5e),Seine (5e),Assemblée nationale,1,,,,
Édouard_lebas,Édouard Lebas,Édouard Lebas,,,,NI,ni,area/manche_(3e),Manche (3e),Assemblée nationale,1,,,,
Édouard_rieunaud,Édouard Rieunaud,Édouard Rieunaud,,,,RPCD,rpcd,area/tarn_(1re),Tarn (1re),Assemblée nationale,1,,,,
Édouard_thibault,Édouard Thibault,Édouard Thibault,,,,RPCD,rpcd,area/gard_(3e),Gard (3e),Assemblée nationale,1,,,,
Émile_dubuis,Émile Dubuis,Émile Dubuis,,,,RPCD,rpcd,area/ain_(3e),Ain (3e),Assemblée nationale,1,,,,
Émile_liquard,Émile Liquard,Émile Liquard,,,,UNR,unr,area/gironde_(5e),Gironde (5e),Assemblée nationale,1,,,,
Émile_luciani,Émile Luciani,Émile Luciani,,,,UNR,unr,area/somme_(5e),Somme (5e),Assemblée nationale,1,,,,
Étienne_arnulf,Étienne Arnulf,Étienne Arnulf,,,,EAS,eas,area/orléansville_(5e),Orléansville (5e),Assemblée nationale,1,,,,
Étienne_lux,Étienne Lux,Étienne Lux,,,,RPCD,rpcd,area/bas-rhin_(3e),Bas-Rhin (3e),Assemblée nationale,1,,,,
