id,name,sort_name,email,twitter,facebook,group,group_id,area_id,area,chamber,term,start_date,end_date,image,gender
aimé_kergueris,Aimé Kergueris,Aimé Kergueris,,,,DL,dl,area/morbihan_(2e),Morbihan (2e),Assemblée nationale,11,,,,
alain_barrau,Alain Barrau,Alain Barrau,,,,PS,ps,area/hérault_(6e),Hérault (6e),Assemblée nationale,11,,,,
Q2829584,Alain Bocquet,"Bocquet, Alain",,,,PCF,pcf,area/nord_(20e),Nord (20e),Assemblée nationale,11,,,https://upload.wikimedia.org/wikipedia/commons/b/b7/Wallers_-_Reconnaissance_du_parcours_du_Paris-Roubaix_le_7_avril_2014_(019).JPG,male
alain_cacheux,Alain Cacheux,Alain Cacheux,,,,PS,ps,area/nord_(3e),Nord (3e),Assemblée nationale,11,,,,
alain_calmat,Alain Calmat,Alain Calmat,,,,PS,ps,area/seine-saint-denis_(12e),Seine-Saint-Denis (12e),Assemblée nationale,11,,,,
Q2829673,Alain Claeys,"Claeys, Alain",,,,PS,ps,area/vienne_(1re),Vienne (1re),Assemblée nationale,11,,,https://upload.wikimedia.org/wikipedia/commons/b/b0/Alain_Claeys.jpg,male
alain_clary,Alain Clary,Alain Clary,,,,PCF,pcf,area/gard_(1re),Gard (1re),Assemblée nationale,11,,,,
alain_cousin,Alain Cousin,Alain Cousin,,,,RPR,rpr,area/manche_(3e),Manche (3e),Assemblée nationale,11,,,,
alain_fabre-pujol,Alain Fabre-Pujol,Alain Fabre-Pujol,,,,PS,ps,area/gard_(2e),Gard (2e),Assemblée nationale,11,,,,
alain_ferry,Alain Ferry,Alain Ferry,,,,UDF,udf,area/bas-rhin_(6e),Bas-Rhin (6e),Assemblée nationale,11,,,,
alain_gouriou,Alain Gouriou,Alain Gouriou,,,,PS,ps,area/côtes-d'armor_(5e),Côtes-d'Armor (5e),Assemblée nationale,11,,,,
alain_juppé,Alain Juppé,Alain Juppé,,,,RPR,rpr,area/gironde_(2e),Gironde (2e),Assemblée nationale,11,,,,
alain_le_vern,Alain Le Vern,Alain Le Vern,,,,PS,ps,area/seine-maritime_(12e),Seine-Maritime (12e),Assemblée nationale,11,,,,
alain_madelin,Alain Madelin,Alain Madelin,,,,DL,dl,area/ille-et-vilaine_(4e),Ille-et-Vilaine (4e),Assemblée nationale,11,,,,
Q2830085,Alain Marleix,"Marleix, Alain",,,,RPR,rpr,area/cantal_(2e),Cantal (2e),Assemblée nationale,11,,,https://upload.wikimedia.org/wikipedia/commons/0/0e/Alain_MARLEIX_lors_de_la_fête_du_casse-croute_à_Salers_cropped.jpg,male
Q2830127,Alain Moyne-Bressand,"Moyne-Bressand, Alain",,,,DL,dl,area/isère_(6e),Isère (6e),Assemblée nationale,11,,,,male
alain_néri,Alain Néri,Alain Néri,,,,PS,ps,area/puy-de-dôme_(2e),Puy-de-Dôme (2e),Assemblée nationale,11,,,,
Q2830248,Alain Rodet,"Rodet, Alain",,,,PS,ps,area/haute-vienne_(4e),Haute-Vienne (4e),Assemblée nationale,11,,,https://upload.wikimedia.org/wikipedia/commons/b/b6/Alain_Rodet_2012.JPG,male
Q2830328,Alain Tourret,"Tourret, Alain",,,,RCV,rcv,area/calvados_(6e),Calvados (6e),Assemblée nationale,11,,,https://upload.wikimedia.org/wikipedia/commons/7/71/Alain_Tourret_à_l'Assemblée_générale_des_maires_du_Calvados.jpg,male
alain_veyret,Alain Veyret,Alain Veyret,,,,PS,ps,area/lot-et-garonne_(1re),Lot-et-Garonne (1re),Assemblée nationale,11,,,,
Q1393874,Alain Vidalies,Alain Vidalies,,,,PS,ps,area/landes_(1re),Landes (1re),Assemblée nationale,11,,,https://upload.wikimedia.org/wikipedia/commons/4/44/Vidalies-cropped.jpg,male
albert_facon,Albert Facon,Albert Facon,,,,PS,ps,area/pas-de-calais_(14e),Pas-de-Calais (14e),Assemblée nationale,11,,,,
Q2250266,Alfred Marie-Jeanne,"Marie-Jeanne, Alfred",,,,RCV,rcv,area/martinique_(4e),Martinique (4e),Assemblée nationale,11,,,,male
alfred_recours,Alfred Recours,Alfred Recours,,,,PS,ps,area/eure_(2e),Eure (2e),Assemblée nationale,11,,,,
aloyse_warhouver,Aloyse Warhouver,Aloyse Warhouver,,,,RCV,rcv,area/moselle_(4e),Moselle (4e),Assemblée nationale,11,,,,
andré_aschieri,André Aschieri,André Aschieri,,,,RCV,rcv,area/alpes-maritimes_(9e),Alpes-Maritimes (9e),Assemblée nationale,11,,,,
andré_berthol,André Berthol,André Berthol,,,,RPR,rpr,area/moselle_(7e),Moselle (7e),Assemblée nationale,11,,,,
andré_billardon,André Billardon,André Billardon,,,,PS,ps,area/saône-et-loire_(3e),Saône-et-Loire (3e),Assemblée nationale,11,,,,
andré_borel,André Borel,André Borel,,,,PS,ps,area/vaucluse_(2e),Vaucluse (2e),Assemblée nationale,11,,,,
andré_gentien,André Gentien,André Gentien,,,,RPR,rpr,area/saône-et-loire_(5e),Saône-et-Loire (5e),Assemblée nationale,11,,,,
andré_gerin,André Gerin,André Gerin,,,,PCF,pcf,area/rhône_(14e),Rhône (14e),Assemblée nationale,11,,,,
andré_godin,André Godin,André Godin,,,,PS,ps,area/ain_(1re),Ain (1re),Assemblée nationale,11,,,,
andré_labarrère,André Labarrère,André Labarrère,,,,PS,ps,area/pyrénées-atlantiques_(3e),Pyrénées-Atlantiques (3e),Assemblée nationale,11,,,,
andré_lajoinie,André Lajoinie,André Lajoinie,,,,PCF,pcf,area/allier_(3e),Allier (3e),Assemblée nationale,11,,,,
andré_lebrun,André Lebrun,André Lebrun,,,,PS,ps,area/nord_(7e),Nord (7e),Assemblée nationale,11,,,,
Q2848614,André Santini,"Santini, André",,,,UDF,udf,area/hauts-de-seine_(10e),Hauts-de-Seine (10e),Assemblée nationale,11,,,https://upload.wikimedia.org/wikipedia/commons/b/ba/A._Santini.jpg,male
Q2848624,André Schneider,"Schneider, André",,,,RPR,rpr,area/bas-rhin_(3e),Bas-Rhin (3e),Assemblée nationale,11,,,https://upload.wikimedia.org/wikipedia/commons/c/c4/André_Schneider_par_Claude_Truong-Ngoc_avril_2013.jpg,male
andré_thien_ah_koon,André Thien Ah Koon,André Thien Ah Koon,,,,Non Inscrit,non_inscrit,area/la_réunion_(3e),La Réunion (3e),Assemblée nationale,11,,,,
andré_vallini,André Vallini,André Vallini,,,,PS,ps,area/isère_(9e),Isère (9e),Assemblée nationale,11,,,,
andré_vauchez,André Vauchez,André Vauchez,,,,PS,ps,area/jura_(3e),Jura (3e),Assemblée nationale,11,,,,
anicet_turinay,Anicet Turinay,Anicet Turinay,,,,RPR,rpr,area/martinique_(1re),Martinique (1re),Assemblée nationale,11,,,,
anne-marie_idrac,Anne-Marie Idrac,Anne-Marie Idrac,,,,UDF,udf,area/yvelines_(3e),Yvelines (3e),Assemblée nationale,11,,,,
annette_peulvast-bergeal,Annette Peulvast-Bergeal,Annette Peulvast-Bergeal,,,,PS,ps,area/yvelines_(8e),Yvelines (8e),Assemblée nationale,11,,,,
antoine_carré,Antoine Carré,Antoine Carré,,,,DL,dl,area/loiret_(1re),Loiret (1re),Assemblée nationale,11,,,,
Q2861893,Armand Jung,"Jung, Armand",,,,PS,ps,area/bas-rhin_(1re),Bas-Rhin (1re),Assemblée nationale,11,,,https://upload.wikimedia.org/wikipedia/commons/f/f1/Armand_Jung_par_Claude_Truong-Ngoc_septembre_2013.jpg,male
arnaud_lepercq,Arnaud Lepercq,Arnaud Lepercq,,,,RPR,rpr,area/vienne_(3e),Vienne (3e),Assemblée nationale,11,,,,
arnaud_montebourg,Arnaud Montebourg,Arnaud Montebourg,,,,PS,ps,area/saône-et-loire_(6e),Saône-et-Loire (6e),Assemblée nationale,11,,,,
arthur_dehaine,Arthur Dehaine,Arthur Dehaine,,,,RPR,rpr,area/oise_(4e),Oise (4e),Assemblée nationale,11,,,,
arthur_paecht,Arthur Paecht,Arthur Paecht,,,,UDF,udf,area/var_(7e),Var (7e),Assemblée nationale,11,,,,
auguste_picollet,Auguste Picollet,Auguste Picollet,,,,RPR,rpr,area/calvados_(2e),Calvados (2e),Assemblée nationale,11,,,,
augustin_bonrepaux,Augustin Bonrepaux,Augustin Bonrepaux,,,,PS,ps,area/ariège_(1re),Ariège (1re),Assemblée nationale,11,,,,
benoît_roy,Benoît Roy,Benoît Roy,,,,RPR,rpr,area/indre-et-loire_(1re),Indre-et-Loire (1re),Assemblée nationale,11,,,,
bernadette_isaac-sibille,Bernadette Isaac-Sibille,Bernadette Isaac-Sibille,,,,UDF,udf,area/rhône_(1re),Rhône (1re),Assemblée nationale,11,,,,
Q822237,Bernard Accoyer,"Accoyer, Bernard",,,,RPR,rpr,area/haute-savoie_(1re),Haute-Savoie (1re),Assemblée nationale,11,,,https://upload.wikimedia.org/wikipedia/commons/4/44/Accoyer.jpg,male
bernard_birsinger,Bernard Birsinger,Bernard Birsinger,,,,PCF,pcf,area/seine-saint-denis_(5e),Seine-Saint-Denis (5e),Assemblée nationale,11,,,,
bernard_bosson,Bernard Bosson,Bernard Bosson,,,,UDF,udf,area/haute-savoie_(2e),Haute-Savoie (2e),Assemblée nationale,11,,,,
Q2897604,Bernard Brochand,"Brochand, Bernard",,,,RPR,rpr,area/alpes-maritimes_(8e),Alpes-Maritimes (8e),Assemblée nationale,11,,,https://upload.wikimedia.org/wikipedia/commons/c/cf/Photo-bio-bernarbrochand.jpg,male
Q560890,Bernard Cazeneuve,Bernard Cazeneuve,,,,PS,ps,area/manche_(5e),Manche (5e),Assemblée nationale,11,,,https://upload.wikimedia.org/wikipedia/commons/e/e8/Bernard_Cazeneuve.jpg,male
bernard_charles,Bernard Charles,Bernard Charles,,,,RCV,rcv,area/lot_(1re),Lot (1re),Assemblée nationale,11,,,,
bernard_davoine,Bernard Davoine,Bernard Davoine,,,,PS,ps,area/nord_(5e),Nord (5e),Assemblée nationale,11,,,,
Q892174,Bernard Deflesselles,"Deflesselles, Bernard",,,,DL,dl,area/bouches-du-rhône_(9e),Bouches-du-Rhône (9e),Assemblée nationale,11,,,,male
bernard_derosier,Bernard Derosier,Bernard Derosier,,,,PS,ps,area/nord_(2e),Nord (2e),Assemblée nationale,11,,,,
bernard_grasset,Bernard Grasset,Bernard Grasset,,,,PS,ps,area/charente-maritime_(2e),Charente-Maritime (2e),Assemblée nationale,11,,,,
bernard_madrelle,Bernard Madrelle,Bernard Madrelle,,,,PS,ps,area/gironde_(11e),Gironde (11e),Assemblée nationale,11,,,,
bernard_nayral,Bernard Nayral,Bernard Nayral,,,,PS,ps,area/hérault_(5e),Hérault (5e),Assemblée nationale,11,,,,
bernard_outin,Bernard Outin,Bernard Outin,,,,PCF,pcf,area/loire_(4e),Loire (4e),Assemblée nationale,11,,,,
Q12931,Bernard Perrut,"Perrut, Bernard",,B_Perrut,bernardperrut1,DL,dl,area/rhône_(9e),Rhône (9e),Assemblée nationale,11,,,,male
bernard_pons,Bernard Pons,Bernard Pons,,,,RPR,rpr,area/paris_(16e),Paris (16e),Assemblée nationale,11,,,,
Q2898547,Bernard Roman,"Roman, Bernard",,,,PS,ps,area/nord_(1re),Nord (1re),Assemblée nationale,11,,,https://upload.wikimedia.org/wikipedia/commons/c/c6/Vote_solennel_loi_mariage_23042013_06.jpg,male
bernard_schreiner,Bernard Schreiner,Bernard Schreiner,,,,RPR,rpr,area/bas-rhin_(9e),Bas-Rhin (9e),Assemblée nationale,11,,,,
bernard_seux,Bernard Seux,Bernard Seux,,,,RCV,rcv,area/pas-de-calais_(9e),Pas-de-Calais (9e),Assemblée nationale,11,,,,
bertrand_kern,Bertrand Kern,Bertrand Kern,,,,PS,ps,area/seine-saint-denis_(6e),Seine-Saint-Denis (6e),Assemblée nationale,11,,,,
brigitte_douay,Brigitte Douay,Brigitte Douay,,,,PS,ps,area/nord_(18e),Nord (18e),Assemblée nationale,11,,,,
bruno_bourg-broc,Bruno Bourg-Broc,Bruno Bourg-Broc,,,,RPR,rpr,area/marne_(4e),Marne (4e),Assemblée nationale,11,,,,
Q2926861,Bruno Le Roux,"Le Roux, Bruno",,,,PS,ps,area/seine-saint-denis_(1re),Seine-Saint-Denis (1re),Assemblée nationale,11,,,,male
béatrice_marre,Béatrice Marre,Béatrice Marre,,,,PS,ps,area/oise_(2e),Oise (2e),Assemblée nationale,11,,,,
camille_darsières,Camille Darsières,Camille Darsières,,,,PS,ps,area/martinique_(3e),Martinique (3e),Assemblée nationale,11,,,,
catherine_génisson,Catherine Génisson,Catherine Génisson,,,,PS,ps,area/pas-de-calais_(2e),Pas-de-Calais (2e),Assemblée nationale,11,,,,
catherine_picard,Catherine Picard,Catherine Picard,,,,PS,ps,area/eure_(5e),Eure (5e),Assemblée nationale,11,,,,
chantal_robin-rodrigo,Chantal Robin-Rodrigo,Chantal Robin-Rodrigo,,,,RCV,rcv,area/hautes-pyrénées_(3e),Hautes-Pyrénées (3e),Assemblée nationale,11,,,,
charles_cova,Charles Cova,Charles Cova,,,,RPR,rpr,area/seine-et-marne_(7e),Seine-et-Marne (7e),Assemblée nationale,11,,,,
charles_ehrmann,Charles Ehrmann,Charles Ehrmann,,,,DL,dl,area/alpes-maritimes_(2e),Alpes-Maritimes (2e),Assemblée nationale,11,,,,
charles_millon,Charles Millon,Charles Millon,,,,DL,dl,area/ain_(3e),Ain (3e),Assemblée nationale,11,,,,
charles_miossec,Charles Miossec,Charles Miossec,,,,RPR,rpr,area/finistère_(5e),Finistère (5e),Assemblée nationale,11,,,,
Q2960570,Charles de Courson,Courson Charles,,,,UDF,udf,area/marne_(5e),Marne (5e),Assemblée nationale,11,,,https://upload.wikimedia.org/wikipedia/commons/9/9f/Charles_De_Courson.JPG,male
Q428214,Christian Bataille,"Bataille, Christian",,,,PS,ps,area/nord_(22e),Nord (22e),Assemblée nationale,11,,,https://upload.wikimedia.org/wikipedia/commons/9/93/CBbureau2014.jpg,male
christian_bergelin,Christian Bergelin,Christian Bergelin,,,,RPR,rpr,area/haute-saône_(1re),Haute-Saône (1re),Assemblée nationale,11,,,,
christian_bourquin,Christian Bourquin,Christian Bourquin,,,,PS,ps,area/pyrénées-orientales_(3e),Pyrénées-Orientales (3e),Assemblée nationale,11,,,,
christian_cabal,Christian Cabal,Christian Cabal,,,,RPR,rpr,area/loire_(2e),Loire (2e),Assemblée nationale,11,,,,
christian_cuvilliez,Christian Cuvilliez,Christian Cuvilliez,,,,PCF,pcf,area/seine-maritime_(11e),Seine-Maritime (11e),Assemblée nationale,11,,,,
Q749029,Christian Estrosi,"Estrosi, Christian",,cestrosi,,RPR,rpr,area/alpes-maritimes_(5e),Alpes-Maritimes (5e),Assemblée nationale,11,,,https://upload.wikimedia.org/wikipedia/commons/d/da/Christian_Estrosi.jpg,male
Q2965260,Christian Franqueville,"Franqueville, Christian",,,,PS,ps,area/vosges_(4e),Vosges (4e),Assemblée nationale,11,,,,male
Q707984,Christian Jacob,"Jacob, Christian",,,,RPR,rpr,area/seine-et-marne_(4e),Seine-et-Marne (4e),Assemblée nationale,11,,,https://upload.wikimedia.org/wikipedia/commons/2/22/Christian_Jacob_-_29-08-11.jpg,male
Q1383068,Christian Kert,"Kert, Christian",,,,UDF,udf,area/bouches-du-rhône_(11e),Bouches-du-Rhône (11e),Assemblée nationale,11,,,https://upload.wikimedia.org/wikipedia/commons/4/4a/Christian_kert.jpg,male
christian_martin,Christian Martin,Christian Martin,,,,UDF,udf,area/maine-et-loire_(3e),Maine-et-Loire (3e),Assemblée nationale,11,,,,
christiane_taubira-delannon,Christiane Taubira-Delannon,Christiane Taubira-Delannon,,,,RCV,rcv,area/guyane_(1re),Guyane (1re),Assemblée nationale,11,,,,
christine_boutin,Christine Boutin,Christine Boutin,,,,UDF,udf,area/yvelines_(10e),Yvelines (10e),Assemblée nationale,11,,,,
christine_lazerges,Christine Lazerges,Christine Lazerges,,,,PS,ps,area/hérault_(3e),Hérault (3e),Assemblée nationale,11,,,,
Q2966137,Christophe Caresche,"Caresche, Christophe",,,,PS,ps,area/paris_(18e),Paris (18e),Assemblée nationale,11,,,,male
claude_billard,Claude Billard,Claude Billard,,,,PCF,pcf,area/val-de-marne_(11e),Val-de-Marne (11e),Assemblée nationale,11,,,,
claude_birraux,Claude Birraux,Claude Birraux,,,,UDF,udf,area/haute-savoie_(3e),Haute-Savoie (3e),Assemblée nationale,11,,,,
claude_gaillard,Claude Gaillard,Claude Gaillard,,,,UDF,udf,area/meurthe-et-moselle_(3e),Meurthe-et-Moselle (3e),Assemblée nationale,11,,,,
claude_gatignol,Claude Gatignol,Claude Gatignol,,,,DL,dl,area/manche_(4e),Manche (4e),Assemblée nationale,11,,,,
Q2746785,Claude Goasguen,"Goasguen, Claude",,,,DL,dl,area/paris_(14e),Paris (14e),Assemblée nationale,11,,,https://upload.wikimedia.org/wikipedia/commons/f/fd/Tissot-Panafieu_gymnase_Japy_2008_02_27_n7.jpg,male
claude_hoarau,Claude Hoarau,Claude Hoarau,,,,RCV,rcv,area/la_réunion_(5e),La Réunion (5e),Assemblée nationale,11,,,,
claude_jacquot,Claude Jacquot,Claude Jacquot,,,,PS,ps,area/vosges_(2e),Vosges (2e),Assemblée nationale,11,,,,
claude_lanfranca,Claude Lanfranca,Claude Lanfranca,,,,PS,ps,area/haute-vienne_(1re),Haute-Vienne (1re),Assemblée nationale,11,,,,
claude_Évin,Claude Évin,Claude Évin,,,,PS,ps,area/loire-atlantique_(8e),Loire-Atlantique (8e),Assemblée nationale,11,,,,
claudine_ledoux,Claudine Ledoux,Claudine Ledoux,,,,PS,ps,area/ardennes_(1re),Ardennes (1re),Assemblée nationale,11,,,,
Q2991951,Conchita Lacuey,"Lacuey, Conchita",,,,PS,ps,area/gironde_(4e),Gironde (4e),Assemblée nationale,11,,,,female
cécile_gallez,Cécile Gallez,Cécile Gallez,,,,RPR,rpr,area/nord_(21e),Nord (21e),Assemblée nationale,11,,,,
cécile_helle,Cécile Helle,Cécile Helle,,,,PS,ps,area/vaucluse_(1re),Vaucluse (1re),Assemblée nationale,11,,,,
damien_alary,Damien Alary,Damien Alary,,,,PS,ps,area/gard_(5e),Gard (5e),Assemblée nationale,11,,,,
Q3013769,Daniel Boisserie,"Boisserie, Daniel",,,,PS,ps,area/haute-vienne_(2e),Haute-Vienne (2e),Assemblée nationale,11,,,,male
daniel_chevallier,Daniel Chevallier,Daniel Chevallier,,,,PS,ps,area/hautes-alpes_(1re),Hautes-Alpes (1re),Assemblée nationale,11,,,,
daniel_feurtet,Daniel Feurtet,Daniel Feurtet,,,,PCF,pcf,area/seine-saint-denis_(4e),Seine-Saint-Denis (4e),Assemblée nationale,11,,,,
daniel_gard,Daniel Gard,Daniel Gard,,,,RPR,rpr,area/aisne_(5e),Aisne (5e),Assemblée nationale,11,,,,
daniel_marcovitch,Daniel Marcovitch,Daniel Marcovitch,,,,PS,ps,area/paris_(19e),Paris (19e),Assemblée nationale,11,,,,
daniel_marsin,Daniel Marsin,Daniel Marsin,,,,PS,ps,area/guadeloupe_(1re),Guadeloupe (1re),Assemblée nationale,11,,,,
daniel_paul,Daniel Paul,Daniel Paul,,,,PCF,pcf,area/seine-maritime_(8e),Seine-Maritime (8e),Assemblée nationale,11,,,,
daniel_poulou,Daniel Poulou,Daniel Poulou,,,,RPR,rpr,area/pyrénées-atlantiques_(2e),Pyrénées-Atlantiques (2e),Assemblée nationale,11,,,,
daniel_vachez,Daniel Vachez,Daniel Vachez,,,,PS,ps,area/seine-et-marne_(8e),Seine-et-Marne (8e),Assemblée nationale,11,,,,
danielle_bousquet,Danielle Bousquet,Danielle Bousquet,,,,PS,ps,area/côtes-d'armor_(1re),Côtes-d'Armor (1re),Assemblée nationale,11,,,,
Q3022746,Denis Jacquat,"Jacquat, Denis",,,,DL,dl,area/moselle_(2e),Moselle (2e),Assemblée nationale,11,,,,male
didier_arnal,Didier Arnal,Didier Arnal,,,,PS,ps,area/val-d'oise_(7e),Val-d'Oise (7e),Assemblée nationale,11,,,,
didier_boulaud,Didier Boulaud,Didier Boulaud,,,,PS,ps,area/nièvre_(1re),Nièvre (1re),Assemblée nationale,11,,,,
didier_chouat,Didier Chouat,Didier Chouat,,,,PS,ps,area/côtes-d'armor_(3e),Côtes-d'Armor (3e),Assemblée nationale,11,,,,
didier_julia,Didier Julia,Didier Julia,,,,RPR,rpr,area/seine-et-marne_(2e),Seine-et-Marne (2e),Assemblée nationale,11,,,,
didier_marie,Didier Marie,Didier Marie,,,,PS,ps,area/seine-maritime_(4e),Seine-Maritime (4e),Assemblée nationale,11,,,,
didier_mathus,Didier Mathus,Didier Mathus,,,,PS,ps,area/saône-et-loire_(4e),Saône-et-Loire (4e),Assemblée nationale,11,,,,
didier_migaud,Didier Migaud,Didier Migaud,,,,PS,ps,area/isère_(4e),Isère (4e),Assemblée nationale,11,,,,
Q2386047,Didier Quentin,"Quentin, Didier",,,,RPR,rpr,area/charente-maritime_(5e),Charente-Maritime (5e),Assemblée nationale,11,,,,male
Q3034968,Dominique Baert,"Baert, Dominique",,,,PS,ps,area/nord_(8e),Nord (8e),Assemblée nationale,11,,,,male
dominique_caillaud,Dominique Caillaud,Dominique Caillaud,,,,UDF,udf,area/vendée_(2e),Vendée (2e),Assemblée nationale,11,,,,
Q3035111,Dominique Dord,"Dord, Dominique",,,,DL,dl,area/savoie_(1re),Savoie (1re),Assemblée nationale,11,,,https://upload.wikimedia.org/wikipedia/commons/d/d4/Dominique_Dord_et_Renaud_Beretti.jpg,male
dominique_dupilet,Dominique Dupilet,Dominique Dupilet,,,,PS,ps,area/pas-de-calais_(6e),Pas-de-Calais (6e),Assemblée nationale,11,,,,
dominique_frelaut,Dominique Frelaut,Dominique Frelaut,,,,PCF,pcf,area/hauts-de-seine_(1re),Hauts-de-Seine (1re),Assemblée nationale,11,,,,
dominique_paillé,Dominique Paillé,Dominique Paillé,,,,UDF,udf,area/deux-sèvres_(4e),Deux-Sèvres (4e),Assemblée nationale,11,,,,
Q3035420,Dominique Raimbourg,"Raimbourg, Dominique",,,,PS,ps,area/loire-atlantique_(4e),Loire-Atlantique (4e),Assemblée nationale,11,,,https://upload.wikimedia.org/wikipedia/commons/b/b9/DRaimbourg_RMLL09.jpg,male
dominique_strauss-kahn,Dominique Strauss-Kahn,Dominique Strauss-Kahn,,,,PS,ps,area/val-d'oise_(8e),Val-d'Oise (8e),Assemblée nationale,11,,,,
Q1238345,Dominique Tian,"Tian, Dominique",,Dominique_TIAN,dominique.tian.1,RPR,rpr,area/calvados_(2e),Calvados (2e),Assemblée nationale,11,,,https://upload.wikimedia.org/wikipedia/commons/0/07/Dominique_tian.jpg,male
edmond_hervé,Edmond Hervé,Edmond Hervé,,,,PS,ps,area/ille-et-vilaine_(2e),Ille-et-Vilaine (2e),Assemblée nationale,11,,,,
ernest_moutoussamy,Ernest Moutoussamy,Ernest Moutoussamy,,,,PCF,pcf,area/guadeloupe_(2e),Guadeloupe (2e),Assemblée nationale,11,,,,
francis_delattre,Francis Delattre,Francis Delattre,,,,UDF,udf,area/val-d'oise_(4e),Val-d'Oise (4e),Assemblée nationale,11,,,,
francis_hammel,Francis Hammel,Francis Hammel,,,,PS,ps,area/somme_(4e),Somme (4e),Assemblée nationale,11,,,,
Q3081488,Francis Hillmeyer,"Hillmeyer, Francis",,,,UDF,udf,area/haut-rhin_(6e),Haut-Rhin (6e),Assemblée nationale,11,,,,male
franck_borotra,Franck Borotra,Franck Borotra,,,,RPR,rpr,area/yvelines_(2e),Yvelines (2e),Assemblée nationale,11,,,,
franck_dhersin,Franck Dhersin,Franck Dhersin,,,,DL,dl,area/nord_(13e),Nord (13e),Assemblée nationale,11,,,,
Q3082207,Franck Marlin,"Marlin, Franck",,,,RPR,rpr,area/essonne_(2e),Essonne (2e),Assemblée nationale,11,,,https://upload.wikimedia.org/wikipedia/commons/a/a8/Fmarlin2.jpg,male
frantz_taittinger,Frantz Taittinger,Frantz Taittinger,,,,RPR,rpr,area/hauts-de-seine_(2e),Hauts-de-Seine (2e),Assemblée nationale,11,,,,
Q3083854,François Asensi,"Asensi, François",,,,PCF,pcf,area/seine-saint-denis_(11e),Seine-Saint-Denis (11e),Assemblée nationale,11,,,,male
Q736013,François Baroin,François Baroin,,francoisbaroin,32214306401,RPR,rpr,area/aube_(3e),Aube (3e),Assemblée nationale,11,,,https://upload.wikimedia.org/wikipedia/commons/1/1f/François_Baroin.JPG,male
Q3084113,François Brottes,"Brottes, François",,,,PS,ps,area/isère_(5e),Isère (5e),Assemblée nationale,11,,,https://upload.wikimedia.org/wikipedia/commons/0/02/François_Brottes_-_Janvier_2012.jpg,male
françois_colcombet,François Colcombet,François Colcombet,,,,PS,ps,area/allier_(1re),Allier (1re),Assemblée nationale,11,,,,
Q3084310,François Cornut-Gentille,"Cornut-Gentille, François",,,,RPR,rpr,area/haute-marne_(2e),Haute-Marne (2e),Assemblée nationale,11,,,,male
françois_cuillandre,François Cuillandre,François Cuillandre,,,,PS,ps,area/finistère_(3e),Finistère (3e),Assemblée nationale,11,,,,
françois_deluga,François Deluga,François Deluga,,,,PS,ps,area/gironde_(8e),Gironde (8e),Assemblée nationale,11,,,,
françois_dosé,François Dosé,François Dosé,,,,PS,ps,area/meuse_(1re),Meuse (1re),Assemblée nationale,11,,,,
françois_goulard,François Goulard,François Goulard,,,,DL,dl,area/morbihan_(1re),Morbihan (1re),Assemblée nationale,11,,,,
françois_guillaume,François Guillaume,François Guillaume,,,,RPR,rpr,area/meurthe-et-moselle_(4e),Meurthe-et-Moselle (4e),Assemblée nationale,11,,,,
françois_hollande,François Hollande,François Hollande,,,,PS,ps,area/corrèze_(1re),Corrèze (1re),Assemblée nationale,11,,,,
Q560944,François Lamy,"Lamy, François",,lamy_f,,PS,ps,area/essonne_(6e),Essonne (6e),Assemblée nationale,11,,,https://upload.wikimedia.org/wikipedia/commons/7/7f/François_Lamy_-_Février_2013_(2).jpg,male
françois_liberti,François Liberti,François Liberti,,,,PCF,pcf,area/hérault_(7e),Hérault (7e),Assemblée nationale,11,,,,
Q3085196,François Loncle,"Loncle, François",,,,PS,ps,area/eure_(4e),Eure (4e),Assemblée nationale,11,,,,male
françois_léotard,François Léotard,François Léotard,,,,UDF,udf,area/var_(5e),Var (5e),Assemblée nationale,11,,,,
françois_perrot,François Perrot,François Perrot,,,,PS,ps,area/nièvre_(3e),Nièvre (3e),Assemblée nationale,11,,,,
Q3085724,François Rochebloine,"Rochebloine, François",,,,UDF,udf,area/loire_(3e),Loire (3e),Assemblée nationale,11,,,,male
Q3085816,François Sauvadet,"Sauvadet, François",,sauvadet,sauvadet,UDF,udf,area/côte-d'or_(4e),Côte-d'Or (4e),Assemblée nationale,11,,,https://upload.wikimedia.org/wikipedia/commons/2/2d/François_Sauvadet.jpg,male
Q3085979,François Vannson,"Vannson, François",,,,RPR,rpr,area/vosges_(3e),Vosges (3e),Assemblée nationale,11,,,,male
françois_d'aubert,François d'Aubert,François d'Aubert,,,,DL,dl,area/mayenne_(1re),Mayenne (1re),Assemblée nationale,11,,,,
Q3086522,Françoise Imbert,"Imbert, Françoise",,,,PS,ps,area/haute-garonne_(5e),Haute-Garonne (5e),Assemblée nationale,11,,,https://upload.wikimedia.org/wikipedia/commons/2/26/Francoise_Imbert_2012.jpg,female
françoise_de_panafieu,Françoise de Panafieu,Françoise de Panafieu,,,,RPR,rpr,area/paris_(17e),Paris (17e),Assemblée nationale,11,,,,
félix_leyzour,Félix Leyzour,Félix Leyzour,,,,PCF,pcf,area/côtes-d'armor_(4e),Côtes-d'Armor (4e),Assemblée nationale,11,,,,
gabriel_montcharmont,Gabriel Montcharmont,Gabriel Montcharmont,,,,PS,ps,area/rhône_(11e),Rhône (11e),Assemblée nationale,11,,,,
gautier_audinot,Gautier Audinot,Gautier Audinot,,,,RPR,rpr,area/somme_(5e),Somme (5e),Assemblée nationale,11,,,,
gaëtan_gorce,Gaëtan Gorce,Gaëtan Gorce,,,,PS,ps,area/nièvre_(2e),Nièvre (2e),Assemblée nationale,11,,,,
geneviève_perrin-gaillard,Geneviève Perrin-Gaillard,Geneviève Perrin-Gaillard,,,,PS,ps,area/deux-sèvres_(1re),Deux-Sèvres (1re),Assemblée nationale,11,,,,
georges_colombier,Georges Colombier,Georges Colombier,,,,DL,dl,area/isère_(7e),Isère (7e),Assemblée nationale,11,,,,
georges_frêche,Georges Frêche,Georges Frêche,,,,PS,ps,area/hérault_(2e),Hérault (2e),Assemblée nationale,11,,,,
georges_hage,Georges Hage,Georges Hage,,,,PCF,pcf,area/nord_(15e),Nord (15e),Assemblée nationale,11,,,,
georges_lemoine,Georges Lemoine,Georges Lemoine,,,,PS,ps,area/eure-et-loir_(1re),Eure-et-Loir (1re),Assemblée nationale,11,,,,
georges_sarre,Georges Sarre,Georges Sarre,,,,RCV,rcv,area/paris_(6e),Paris (6e),Assemblée nationale,11,,,,
georges_tron,Georges Tron,Georges Tron,,,,RPR,rpr,area/essonne_(9e),Essonne (9e),Assemblée nationale,11,,,,
germain_gengenwin,Germain Gengenwin,Germain Gengenwin,,,,UDF,udf,area/bas-rhin_(4e),Bas-Rhin (4e),Assemblée nationale,11,,,,
Q2362877,Germinal Peiro,"Peiro, Germinal",,,,PS,ps,area/dordogne_(4e),Dordogne (4e),Assemblée nationale,11,,,,male
gilbert_biessy,Gilbert Biessy,Gilbert Biessy,,,,PCF,pcf,area/isère_(2e),Isère (2e),Assemblée nationale,11,,,,
gilbert_gantier,Gilbert Gantier,Gilbert Gantier,,,,DL,dl,area/paris_(15e),Paris (15e),Assemblée nationale,11,,,,
Q3105773,Gilbert Le Bris,"Le Bris, Gilbert",,,,PS,ps,area/finistère_(8e),Finistère (8e),Assemblée nationale,11,,,,male
gilbert_maurer,Gilbert Maurer,Gilbert Maurer,,,,PS,ps,area/moselle_(5e),Moselle (5e),Assemblée nationale,11,,,,
gilbert_meyer,Gilbert Meyer,Gilbert Meyer,,,,RPR,rpr,area/haut-rhin_(1re),Haut-Rhin (1re),Assemblée nationale,11,,,,
gilbert_mitterrand,Gilbert Mitterrand,Gilbert Mitterrand,,,,PS,ps,area/gironde_(10e),Gironde (10e),Assemblée nationale,11,,,,
gilbert_roseau,Gilbert Roseau,Gilbert Roseau,,,,PS,ps,area/hérault_(1re),Hérault (1re),Assemblée nationale,11,,,,
Q3106149,Gilles Carrez,"Carrez, Gilles",,,,RPR,rpr,area/val-de-marne_(5e),Val-de-Marne (5e),Assemblée nationale,11,,,,male
gilles_cocquempot,Gilles Cocquempot,Gilles Cocquempot,,,,PS,ps,area/pas-de-calais_(7e),Pas-de-Calais (7e),Assemblée nationale,11,,,,
guy_drut,Guy Drut,Guy Drut,,,,RPR,rpr,area/seine-et-marne_(5e),Seine-et-Marne (5e),Assemblée nationale,11,,,,
guy_lengagne,Guy Lengagne,Guy Lengagne,,,,RCV,rcv,area/pas-de-calais_(5e),Pas-de-Calais (5e),Assemblée nationale,11,,,,
guy_malandain,Guy Malandain,Guy Malandain,,,,PS,ps,area/yvelines_(11e),Yvelines (11e),Assemblée nationale,11,,,,
guy_menut,Guy Menut,Guy Menut,,,,PS,ps,area/var_(6e),Var (6e),Assemblée nationale,11,,,,
Q3090,Guy Teissier,"Teissier, Guy",,,,DL,dl,area/bouches-du-rhône_(6e),Bouches-du-Rhône (6e),Assemblée nationale,11,,,https://upload.wikimedia.org/wikipedia/commons/a/a1/Guy-Teissier.PNG,male
Q3121476,Guy-Michel Chauveau,"Chauveau, Guy-Michel",,,,PS,ps,area/sarthe_(3e),Sarthe (3e),Assemblée nationale,11,,,,male
Q632930,Gérard Bapt,"Bapt, Gérard",,,,PS,ps,area/haute-garonne_(2e),Haute-Garonne (2e),Assemblée nationale,11,,,https://upload.wikimedia.org/wikipedia/commons/3/3a/Gérard_Bapt.jpg,male
Q2422277,Gérard Charasse,"Charasse, Gérard",,,,RCV,rcv,area/allier_(4e),Allier (4e),Assemblée nationale,11,,,,male
gérard_fuchs,Gérard Fuchs,Gérard Fuchs,,,,PS,ps,area/seine-maritime_(10e),Seine-Maritime (10e),Assemblée nationale,11,,,,
gérard_gouzes,Gérard Gouzes,Gérard Gouzes,,,,PS,ps,area/lot-et-garonne_(2e),Lot-et-Garonne (2e),Assemblée nationale,11,,,,
gérard_grignon,Gérard Grignon,Gérard Grignon,,,,UDF,udf,area/saint-pierre-et-miquelon_(1re),Saint-Pierre-et-Miquelon (1re),Assemblée nationale,11,,,,
gérard_hamel,Gérard Hamel,Gérard Hamel,,,,RPR,rpr,area/eure-et-loir_(2e),Eure-et-Loir (2e),Assemblée nationale,11,,,,
gérard_lindeperg,Gérard Lindeperg,Gérard Lindeperg,,,,PS,ps,area/loire_(1re),Loire (1re),Assemblée nationale,11,,,,
gérard_revol,Gérard Revol,Gérard Revol,,,,PS,ps,area/gard_(3e),Gard (3e),Assemblée nationale,11,,,,
gérard_saumade,Gérard Saumade,Gérard Saumade,,,,RCV,rcv,area/hérault_(4e),Hérault (4e),Assemblée nationale,11,,,,
Q3124323,Gérard Terrier,Gérard Terrier,,,,PS,ps,area/moselle_(1re),Moselle (1re),Assemblée nationale,11,,,,male
gérard_voisin,Gérard Voisin,Gérard Voisin,,,,DL,dl,area/saône-et-loire_(1re),Saône-et-Loire (1re),Assemblée nationale,11,,,,
henri_bertholet,Henri Bertholet,Henri Bertholet,,,,PS,ps,area/drôme_(4e),Drôme (4e),Assemblée nationale,11,,,,
henri_cuq,Henri Cuq,Henri Cuq,,,,RPR,rpr,area/yvelines_(9e),Yvelines (9e),Assemblée nationale,11,,,,
Q1347791,Henri Emmanuelli,"Emmanuelli, Henri",,henriemmanuelli,,PS,ps,area/landes_(3e),Landes (3e),Assemblée nationale,11,,,https://upload.wikimedia.org/wikipedia/commons/c/c4/Emmanuelli.jpg,male
henri_nayrou,Henri Nayrou,Henri Nayrou,,,,PS,ps,area/ariège_(2e),Ariège (2e),Assemblée nationale,11,,,,
Q787956,Henri Plagnol,Henri Plagnol,,,,UDF,udf,area/val-de-marne_(1re),Val-de-Marne (1re),Assemblée nationale,11,,,https://upload.wikimedia.org/wikipedia/commons/f/fa/Henri_Plagnol.jpg,male
henri_sicre,Henri Sicre,Henri Sicre,,,,PS,ps,area/pyrénées-orientales_(4e),Pyrénées-Orientales (4e),Assemblée nationale,11,,,,
henri_de_gastines,Henri de Gastines,Henri de Gastines,,,,RPR,rpr,area/mayenne_(2e),Mayenne (2e),Assemblée nationale,11,,,,
henry_chabert,Henry Chabert,Henry Chabert,,,,RPR,rpr,area/rhône_(2e),Rhône (2e),Assemblée nationale,11,,,,
henry_jean-baptiste,Henry Jean-Baptiste,Henry Jean-Baptiste,,,,UDF,udf,area/mayotte_(1re),Mayotte (1re),Assemblée nationale,11,,,,
Q521021,Hervé Morin,"Morin, Hervé",,,,UDF,udf,area/eure_(3e),Eure (3e),Assemblée nationale,11,,,https://upload.wikimedia.org/wikipedia/commons/1/19/Hervemorin2008_recadre.PNG,male
hervé_de_charette,Hervé de Charette,Hervé de Charette,,,,UDF,udf,area/maine-et-loire_(6e),Maine-et-Loire (6e),Assemblée nationale,11,,,,
hubert_grimault,Hubert Grimault,Hubert Grimault,,,,UDF,udf,area/maine-et-loire_(2e),Maine-et-Loire (2e),Assemblée nationale,11,,,,
Q3142774,Huguette Bello,"Bello, Huguette",,HuguetteBello,1514688388804955,RCV,rcv,area/la_réunion_(2e),La Réunion (2e),Assemblée nationale,11,,,https://upload.wikimedia.org/wikipedia/commons/f/fe/HuguetteBelloMaido.jpg,female
hélène_mignon,Hélène Mignon,Hélène Mignon,,,,PS,ps,area/haute-garonne_(6e),Haute-Garonne (6e),Assemblée nationale,11,,,,
jacky_darne,Jacky Darne,Jacky Darne,,,,PS,ps,area/rhône_(7e),Rhône (7e),Assemblée nationale,11,,,,
jacky_jaulneau,Jacky Jaulneau,Jacky Jaulneau,,,,PS,ps,area/eure-et-loir_(3e),Eure-et-Loir (3e),Assemblée nationale,11,,,,
Q3157725,Jacqueline Fraysse,"Fraysse, Jacqueline",,,,PCF,pcf,area/hauts-de-seine_(4e),Hauts-de-Seine (4e),Assemblée nationale,11,,,https://upload.wikimedia.org/wikipedia/commons/4/43/Jacqueline_Fraysse-January_2007.jpg,female
jacqueline_lazard,Jacqueline Lazard,Jacqueline Lazard,,,,PS,ps,area/finistère_(7e),Finistère (7e),Assemblée nationale,11,,,,
jacqueline_mathieu-obadia,Jacqueline Mathieu-Obadia,Jacqueline Mathieu-Obadia,,,,RPR,rpr,area/alpes-maritimes_(2e),Alpes-Maritimes (2e),Assemblée nationale,11,,,,
jacques_barrot,Jacques Barrot,Jacques Barrot,,,,UDF,udf,area/haute-loire_(1re),Haute-Loire (1re),Assemblée nationale,11,,,,
jacques_bascou,Jacques Bascou,Jacques Bascou,,,,PS,ps,area/aude_(2e),Aude (2e),Assemblée nationale,11,,,,
jacques_baumel,Jacques Baumel,Jacques Baumel,,,,RPR,rpr,area/hauts-de-seine_(8e),Hauts-de-Seine (8e),Assemblée nationale,11,,,,
jacques_blanc,Jacques Blanc,Jacques Blanc,,,,DL,dl,area/lozère_(2e),Lozère (2e),Assemblée nationale,11,,,,
jacques_desallangre,Jacques Desallangre,Jacques Desallangre,,,,RCV,rcv,area/aisne_(4e),Aisne (4e),Assemblée nationale,11,,,,
jacques_fleury,Jacques Fleury,Jacques Fleury,,,,PS,ps,area/somme_(6e),Somme (6e),Assemblée nationale,11,,,,
jacques_godfrain,Jacques Godfrain,Jacques Godfrain,,,,RPR,rpr,area/aveyron_(3e),Aveyron (3e),Assemblée nationale,11,,,,
jacques_guyard,Jacques Guyard,Jacques Guyard,,,,PS,ps,area/essonne_(1re),Essonne (1re),Assemblée nationale,11,,,,
jacques_heuclin,Jacques Heuclin,Jacques Heuclin,,,,PS,ps,area/seine-et-marne_(9e),Seine-et-Marne (9e),Assemblée nationale,11,,,,
Q962891,Jacques Kossowski,"Kossowski, Jacques",,,,RPR,rpr,area/hauts-de-seine_(3e),Hauts-de-Seine (3e),Assemblée nationale,11,,,,male
jacques_lafleur,Jacques Lafleur,Jacques Lafleur,,,,RPR,rpr,area/nouvelle-calédonie_(1re),Nouvelle-Calédonie (1re),Assemblée nationale,11,,,,
jacques_le_nay,Jacques Le Nay,Jacques Le Nay,,,,UDF,udf,area/morbihan_(6e),Morbihan (6e),Assemblée nationale,11,,,,
jacques_limouzy,Jacques Limouzy,Jacques Limouzy,,,,RPR,rpr,area/tarn_(3e),Tarn (3e),Assemblée nationale,11,,,,
jacques_masdeu-arus,Jacques Masdeu-Arus,Jacques Masdeu-Arus,,,,RPR,rpr,area/yvelines_(12e),Yvelines (12e),Assemblée nationale,11,,,,
Q3159627,Jacques Myard,"Myard, Jacques",,,,RPR,rpr,area/yvelines_(5e),Yvelines (5e),Assemblée nationale,11,,,,male
Q3159822,Jacques Pélissard,"Pélissard, Jacques",,,,RPR,rpr,area/jura_(1re),Jura (1re),Assemblée nationale,11,,,https://upload.wikimedia.org/wikipedia/commons/e/e5/Jacques_Pélissard.jpg,male
jacques_rebillard,Jacques Rebillard,Jacques Rebillard,,,,RCV,rcv,area/saône-et-loire_(2e),Saône-et-Loire (2e),Assemblée nationale,11,,,,
janine_jambu,Janine Jambu,Janine Jambu,,,,PCF,pcf,area/hauts-de-seine_(11e),Hauts-de-Seine (11e),Assemblée nationale,11,,,,
jean_auclair,Jean Auclair,Jean Auclair,,,,RPR,rpr,area/creuse_(2e),Creuse (2e),Assemblée nationale,11,,,,
jean_bardet,Jean Bardet,Jean Bardet,,,,RPR,rpr,area/val-d'oise_(3e),Val-d'Oise (3e),Assemblée nationale,11,,,,
jean_besson,Jean Besson,Jean Besson,,,,RPR,rpr,area/rhône_(10e),Rhône (10e),Assemblée nationale,11,,,,
jean_briane,Jean Briane,Jean Briane,,,,UDF,udf,area/aveyron_(1re),Aveyron (1re),Assemblée nationale,11,,,,
jean_charroppin,Jean Charroppin,Jean Charroppin,,,,RPR,rpr,area/jura_(2e),Jura (2e),Assemblée nationale,11,,,,
jean_codognès,Jean Codognès,Jean Codognès,,,,PS,ps,area/pyrénées-orientales_(2e),Pyrénées-Orientales (2e),Assemblée nationale,11,,,,
jean_delobel,Jean Delobel,Jean Delobel,,,,PS,ps,area/nord_(15e),Nord (15e),Assemblée nationale,11,,,,
jean_dufour,Jean Dufour,Jean Dufour,,,,PCF,pcf,area/bouches-du-rhône_(4e),Bouches-du-Rhône (4e),Assemblée nationale,11,,,,
jean_espilondo,Jean Espilondo,Jean Espilondo,,,,PS,ps,area/pyrénées-atlantiques_(5e),Pyrénées-Atlantiques (5e),Assemblée nationale,11,,,,
jean_falala,Jean Falala,Jean Falala,,,,RPR,rpr,area/marne_(1re),Marne (1re),Assemblée nationale,11,,,,
jean_gaubert,Jean Gaubert,Jean Gaubert,,,,PS,ps,area/côtes-d'armor_(2e),Côtes-d'Armor (2e),Assemblée nationale,11,,,,
Q3173030,Jean Launay,"Launay, Jean",,,,PS,ps,area/lot_(2e),Lot (2e),Assemblée nationale,11,,,,male
jean_le_garrec,Jean Le Garrec,Jean Le Garrec,,,,PS,ps,area/nord_(12e),Nord (12e),Assemblée nationale,11,,,,
Q3083582,Jean Leonetti,"Leonetti, Jean",,,,UDF,udf,area/alpes-maritimes_(7e),Alpes-Maritimes (7e),Assemblée nationale,11,,,https://upload.wikimedia.org/wikipedia/commons/2/2f/Leonetti.JPG,male
jean_marsaudon,Jean Marsaudon,Jean Marsaudon,,,,RPR,rpr,area/essonne_(7e),Essonne (7e),Assemblée nationale,11,,,,
jean_michel,Jean Michel,Jean Michel,,,,PS,ps,area/puy-de-dôme_(6e),Puy-de-Dôme (6e),Assemblée nationale,11,,,,
jean_pontier,Jean Pontier,Jean Pontier,,,,RCV,rcv,area/ardèche_(2e),Ardèche (2e),Assemblée nationale,11,,,,
jean_proriol,Jean Proriol,Jean Proriol,,,,DL,dl,area/haute-loire_(2e),Haute-Loire (2e),Assemblée nationale,11,,,,
jean_rigal,Jean Rigal,Jean Rigal,,,,RCV,rcv,area/aveyron_(2e),Aveyron (2e),Assemblée nationale,11,,,,
jean_rigaud,Jean Rigaud,Jean Rigaud,,,,DL,dl,area/rhône_(5e),Rhône (5e),Assemblée nationale,11,,,,
jean_roatta,Jean Roatta,Jean Roatta,,,,DL,dl,area/bouches-du-rhône_(3e),Bouches-du-Rhône (3e),Assemblée nationale,11,,,,
jean_rouger,Jean Rouger,Jean Rouger,,,,PS,ps,area/charente-maritime_(3e),Charente-Maritime (3e),Assemblée nationale,11,,,,
jean_tiberi,Jean Tiberi,Jean Tiberi,,,,RPR,rpr,area/paris_(2e),Paris (2e),Assemblée nationale,11,,,,
jean_ueberschlag,Jean Ueberschlag,Jean Ueberschlag,,,,RPR,rpr,area/haut-rhin_(4e),Haut-Rhin (4e),Assemblée nationale,11,,,,
jean_valleix,Jean Valleix,Jean Valleix,,,,RPR,rpr,area/gironde_(1re),Gironde (1re),Assemblée nationale,11,,,,
jean_vila,Jean Vila,Jean Vila,,,,PCF,pcf,area/pyrénées-orientales_(1re),Pyrénées-Orientales (1re),Assemblée nationale,11,,,,
jean_de_gaulle,Jean de Gaulle,Jean de Gaulle,,,,RPR,rpr,area/paris_(8e),Paris (8e),Assemblée nationale,11,,,,
jean-bernard_raimond,Jean-Bernard Raimond,Jean-Bernard Raimond,,,,RPR,rpr,area/bouches-du-rhône_(14e),Bouches-du-Rhône (14e),Assemblée nationale,11,,,,
jean-charles_cavaillé,Jean-Charles Cavaillé,Jean-Charles Cavaillé,,,,RPR,rpr,area/morbihan_(3e),Morbihan (3e),Assemblée nationale,11,,,,
Q1684726,Jean-Christophe Cambadélis,"Cambadélis, Jean-Christophe",,,,PS,ps,area/paris_(20e),Paris (20e),Assemblée nationale,11,,,https://upload.wikimedia.org/wikipedia/commons/8/86/Socialist_rally_Zenith_2007_05_29_n1.jpg,male
jean-claude_abrioux,Jean-Claude Abrioux,Jean-Claude Abrioux,,,,RPR,rpr,area/seine-saint-denis_(10e),Seine-Saint-Denis (10e),Assemblée nationale,11,,,,
jean-claude_bateux,Jean-Claude Bateux,Jean-Claude Bateux,,,,PS,ps,area/seine-maritime_(5e),Seine-Maritime (5e),Assemblée nationale,11,,,,
jean-claude_beauchaud,Jean-Claude Beauchaud,Jean-Claude Beauchaud,,,,PS,ps,area/charente_(4e),Charente (4e),Assemblée nationale,11,,,,
jean-claude_beaulieu,Jean-Claude Beaulieu,Jean-Claude Beaulieu,,,,RPR,rpr,area/charente-maritime_(4e),Charente-Maritime (4e),Assemblée nationale,11,,,,
jean-claude_bois,Jean-Claude Bois,Jean-Claude Bois,,,,PS,ps,area/pas-de-calais_(13e),Pas-de-Calais (13e),Assemblée nationale,11,,,,
jean-claude_boulard,Jean-Claude Boulard,Jean-Claude Boulard,,,,PS,ps,area/sarthe_(5e),Sarthe (5e),Assemblée nationale,11,,,,
jean-claude_chazal,Jean-Claude Chazal,Jean-Claude Chazal,,,,PS,ps,area/lozère_(1re),Lozère (1re),Assemblée nationale,11,,,,
jean-claude_daniel,Jean-Claude Daniel,Jean-Claude Daniel,,,,PS,ps,area/haute-marne_(1re),Haute-Marne (1re),Assemblée nationale,11,,,,
jean-claude_decagny,Jean-Claude Decagny,Jean-Claude Decagny,,,,UDF,udf,area/nord_(23e),Nord (23e),Assemblée nationale,11,,,,
Q3165004,Jean-Claude Guibal,"Guibal, Jean-Claude",,,,RPR,rpr,area/alpes-maritimes_(4e),Alpes-Maritimes (4e),Assemblée nationale,11,,,,male
jean-claude_lefort,Jean-Claude Lefort,Jean-Claude Lefort,,,,PCF,pcf,area/val-de-marne_(2e),Val-de-Marne (2e),Assemblée nationale,11,,,,
jean-claude_lemoine,Jean-Claude Lemoine,Jean-Claude Lemoine,,,,RPR,rpr,area/manche_(1re),Manche (1re),Assemblée nationale,11,,,,
jean-claude_lenoir,Jean-Claude Lenoir,Jean-Claude Lenoir,,,,DL,dl,area/orne_(2e),Orne (2e),Assemblée nationale,11,,,,
jean-claude_leroy,Jean-Claude Leroy,Jean-Claude Leroy,,,,PS,ps,area/pas-de-calais_(3e),Pas-de-Calais (3e),Assemblée nationale,11,,,,
Q1188660,Jean-Claude Mignon,"Mignon, Jean-Claude",,DeputeMIGNON,,RPR,rpr,area/seine-et-marne_(1re),Seine-et-Marne (1re),Assemblée nationale,11,,,https://upload.wikimedia.org/wikipedia/commons/4/49/Jcmignon.portrait.jpg,male
jean-claude_perez,Jean-Claude Perez,"Perez, Jean-Claude",,,,PS,ps,area/aude_(1re),Aude (1re),Assemblée nationale,11,,,,
jean-claude_robert,Jean-Claude Robert,Jean-Claude Robert,,,,PS,ps,area/côte-d'or_(5e),Côte-d'Or (5e),Assemblée nationale,11,,,,
jean-claude_sandrier,Jean-Claude Sandrier,Jean-Claude Sandrier,,,,PCF,pcf,area/cher_(2e),Cher (2e),Assemblée nationale,11,,,,
jean-claude_thomas,Jean-Claude Thomas,Jean-Claude Thomas,,,,RPR,rpr,area/marne_(3e),Marne (3e),Assemblée nationale,11,,,,
jean-claude_viollet,Jean-Claude Viollet,Jean-Claude Viollet,,,,PS,ps,area/charente_(1re),Charente (1re),Assemblée nationale,11,,,,
jean-claude_Étienne,Jean-Claude Étienne,Jean-Claude Étienne,,,,RPR,rpr,area/marne_(2e),Marne (2e),Assemblée nationale,11,,,,
jean-françois_chossy,Jean-François Chossy,Jean-François Chossy,,,,UDF,udf,area/loire_(7e),Loire (7e),Assemblée nationale,11,,,,
jean-jacques_denis,Jean-Jacques Denis,Jean-Jacques Denis,,,,PS,ps,area/meurthe-et-moselle_(1re),Meurthe-et-Moselle (1re),Assemblée nationale,11,,,,
jean-jacques_filleul,Jean-Jacques Filleul,Jean-Jacques Filleul,,,,PS,ps,area/indre-et-loire_(2e),Indre-et-Loire (2e),Assemblée nationale,11,,,,
Q3166286,Jean-Jacques Guillet,"Guillet, Jean-Jacques",,,,Non Inscrit,non_inscrit,area/hauts-de-seine_(8e),Hauts-de-Seine (8e),Assemblée nationale,11,,,,male
jean-jacques_jégou,Jean-Jacques Jégou,Jean-Jacques Jégou,,,,UDF,udf,area/val-de-marne_(4e),Val-de-Marne (4e),Assemblée nationale,11,,,,
jean-louis_bernard,Jean-Louis Bernard,Jean-Louis Bernard,,,,UDF,udf,area/loiret_(3e),Loiret (3e),Assemblée nationale,11,,,,
jean-louis_bianco,Jean-Louis Bianco,Jean-Louis Bianco,,,,PS,ps,area/alpes-de-haute-provence_(1re),Alpes-de-Haute-Provence (1re),Assemblée nationale,11,,,,
jean-louis_debré,Jean-Louis Debré,Jean-Louis Debré,,,,RPR,rpr,area/eure_(1re),Eure (1re),Assemblée nationale,11,,,,
Q3166748,Jean-Louis Dumont,"Dumont, Jean-Louis",,,,PS,ps,area/meuse_(2e),Meuse (2e),Assemblée nationale,11,,,,male
jean-louis_fousseret,Jean-Louis Fousseret,Jean-Louis Fousseret,,,,PS,ps,area/doubs_(1re),Doubs (1re),Assemblée nationale,11,,,,
jean-louis_idiart,Jean-Louis Idiart,Jean-Louis Idiart,,,,PS,ps,area/haute-garonne_(8e),Haute-Garonne (8e),Assemblée nationale,11,,,,
jean-luc_préel,Jean-Luc Préel,Jean-Luc Préel,,,,UDF,udf,area/vendée_(1re),Vendée (1re),Assemblée nationale,11,,,,
Q3167246,Jean-Luc Reitzer,"Reitzer, Jean-Luc",,,,RPR,rpr,area/haut-rhin_(3e),Haut-Rhin (3e),Assemblée nationale,11,,,,male
Q509407,Jean-Luc Warsmann,"Warsmann, Jean-Luc",,warsmann,warsmann,RPR,rpr,area/ardennes_(3e),Ardennes (3e),Assemblée nationale,11,,,,male
Q7711,Jean-Marc Ayrault,"Ayrault, Jean-Marc",,jeanmarcayrault,jmayrault,PS,ps,area/loire-atlantique_(3e),Loire-Atlantique (3e),Assemblée nationale,11,,,https://upload.wikimedia.org/wikipedia/commons/3/3f/Ayrault.jpg,male
jean-marc_chavanne,Jean-Marc Chavanne,Jean-Marc Chavanne,,,,RPR,rpr,area/haute-savoie_(5e),Haute-Savoie (5e),Assemblée nationale,11,,,,
jean-marc_nudant,Jean-Marc Nudant,Jean-Marc Nudant,,,,RPR,rpr,area/côte-d'or_(2e),Côte-d'Or (2e),Assemblée nationale,11,,,,
jean-marie_aubron,Jean-Marie Aubron,Jean-Marie Aubron,,,,PS,ps,area/moselle_(8e),Moselle (8e),Assemblée nationale,11,,,,
jean-marie_bockel,Jean-Marie Bockel,Jean-Marie Bockel,,,,PS,ps,area/haut-rhin_(5e),Haut-Rhin (5e),Assemblée nationale,11,,,,
jean-marie_demange,Jean-Marie Demange,Jean-Marie Demange,,,,RPR,rpr,area/moselle_(9e),Moselle (9e),Assemblée nationale,11,,,,
jean-marie_geveaux,Jean-Marie Geveaux,Jean-Marie Geveaux,,,,RPR,rpr,area/sarthe_(2e),Sarthe (2e),Assemblée nationale,11,,,,
Q640830,Jean-Marie Le Guen,Jean-Marie Le Guen,,,,PS,ps,area/paris_(9e),Paris (9e),Assemblée nationale,11,,,https://upload.wikimedia.org/wikipedia/commons/6/6e/Paris_de_la_Recherche_-_Jean-Marie_Le_Guen_1.jpg,male
jean-marie_morisset,Jean-Marie Morisset,Jean-Marie Morisset,,,,UDF,udf,area/deux-sèvres_(3e),Deux-Sèvres (3e),Assemblée nationale,11,,,,
jean-michel_boucheron,Jean-Michel Boucheron,Jean-Michel Boucheron,,,,PS,ps,area/ille-et-vilaine_(1re),Ille-et-Vilaine (1re),Assemblée nationale,11,,,,
Q868322,Jean-Michel Couve,"Couve, Jean-Michel",,jmcouve,,RPR,rpr,area/var_(4e),Var (4e),Assemblée nationale,11,,,https://upload.wikimedia.org/wikipedia/commons/0/01/Jean-michel_Couve.jpg,male
jean-michel_dubernard,Jean-Michel Dubernard,Jean-Michel Dubernard,,,,RPR,rpr,area/rhône_(3e),Rhône (3e),Assemblée nationale,11,,,,
jean-michel_ferrand,Jean-Michel Ferrand,Jean-Michel Ferrand,,,,RPR,rpr,area/vaucluse_(3e),Vaucluse (3e),Assemblée nationale,11,,,,
jean-michel_marchand,Jean-Michel Marchand,Jean-Michel Marchand,,,,RCV,rcv,area/maine-et-loire_(4e),Maine-et-Loire (4e),Assemblée nationale,11,,,,
jean-noël_kerdraon,Jean-Noël Kerdraon,Jean-Noël Kerdraon,,,,PS,ps,area/finistère_(2e),Finistère (2e),Assemblée nationale,11,,,,
Q3168350,Jean-Paul Bacquet,"Bacquet, Jean-Paul",,,,PS,ps,area/puy-de-dôme_(4e),Puy-de-Dôme (4e),Assemblée nationale,11,,,,male
jean-paul_bret,Jean-Paul Bret,Jean-Paul Bret,,,,PS,ps,area/rhône_(6e),Rhône (6e),Assemblée nationale,11,,,,
Q3168410,Jean-Paul Chanteguet,"Chanteguet, Jean-Paul",,,,PS,ps,area/indre_(3e),Indre (3e),Assemblée nationale,11,,,,male
jean-paul_charié,Jean-Paul Charié,Jean-Paul Charié,,,,RPR,rpr,area/loiret_(5e),Loiret (5e),Assemblée nationale,11,,,,
Q2271863,Jean-Paul Dupré,"Dupré, Jean-Paul",,,,PS,ps,area/aude_(3e),Aude (3e),Assemblée nationale,11,,,https://upload.wikimedia.org/wikipedia/commons/6/68/Jean-Paul_Dupré.jpg,male
jean-paul_durieux,Jean-Paul Durieux,Jean-Paul Durieux,,,,PS,ps,area/meurthe-et-moselle_(7e),Meurthe-et-Moselle (7e),Assemblée nationale,11,,,,
jean-paul_mariot,Jean-Paul Mariot,Jean-Paul Mariot,,,,PS,ps,area/haute-saône_(3e),Haute-Saône (3e),Assemblée nationale,11,,,,
jean-paul_nunzi,Jean-Paul Nunzi,Jean-Paul Nunzi,,,,RCV,rcv,area/tarn-et-garonne_(2e),Tarn-et-Garonne (2e),Assemblée nationale,11,,,,
jean-pierre_abelin,Jean-Pierre Abelin,Jean-Pierre Abelin,,,,UDF,udf,area/vienne_(4e),Vienne (4e),Assemblée nationale,11,,,,
jean-pierre_baeumler,Jean-Pierre Baeumler,Jean-Pierre Baeumler,,,,PS,ps,area/haut-rhin_(7e),Haut-Rhin (7e),Assemblée nationale,11,,,,
jean-pierre_balduyck,Jean-Pierre Balduyck,Jean-Pierre Balduyck,,,,PS,ps,area/nord_(10e),Nord (10e),Assemblée nationale,11,,,,
jean-pierre_balligand,Jean-Pierre Balligand,Jean-Pierre Balligand,,,,PS,ps,area/aisne_(3e),Aisne (3e),Assemblée nationale,11,,,,
Q3169028,Jean-Pierre Blazy,"Blazy, Jean-Pierre",,,,PS,ps,area/val-d'oise_(9e),Val-d'Oise (9e),Assemblée nationale,11,,,,male
jean-pierre_braine,Jean-Pierre Braine,Jean-Pierre Braine,,,,PS,ps,area/oise_(7e),Oise (7e),Assemblée nationale,11,,,,
jean-pierre_brard,Jean-Pierre Brard,Jean-Pierre Brard,,,,PCF,pcf,area/seine-saint-denis_(7e),Seine-Saint-Denis (7e),Assemblée nationale,11,,,,
jean-pierre_chevènement,Jean-Pierre Chevènement,Jean-Pierre Chevènement,,,,RCV,rcv,area/territoire_de_belfort_(2e),Territoire de Belfort (2e),Assemblée nationale,11,,,,
jean-pierre_defontaine,Jean-Pierre Defontaine,Jean-Pierre Defontaine,,,,RCV,rcv,area/pas-de-calais_(1re),Pas-de-Calais (1re),Assemblée nationale,11,,,,
jean-pierre_delalande,Jean-Pierre Delalande,Jean-Pierre Delalande,,,,RPR,rpr,area/val-d'oise_(2e),Val-d'Oise (2e),Assemblée nationale,11,,,,
Q3169237,Jean-Pierre Dufau,"Dufau, Jean-Pierre",,,,PS,ps,area/landes_(2e),Landes (2e),Assemblée nationale,11,,,https://upload.wikimedia.org/wikipedia/commons/4/42/Photo_de_Jean-Pierre_DUFAU.jpg,male
jean-pierre_dupont,Jean-Pierre Dupont,Jean-Pierre Dupont,,,,RPR,rpr,area/corrèze_(3e),Corrèze (3e),Assemblée nationale,11,,,,
jean-pierre_foucher,Jean-Pierre Foucher,Jean-Pierre Foucher,,,,UDF,udf,area/hauts-de-seine_(12e),Hauts-de-Seine (12e),Assemblée nationale,11,,,,
Q3169347,Jean-Pierre Giran,"Giran, Jean-Pierre",,,,RPR,rpr,area/var_(3e),Var (3e),Assemblée nationale,11,,,,male
jean-pierre_kucheida,Jean-Pierre Kucheida,Jean-Pierre Kucheida,,,,PS,ps,area/pas-de-calais_(12e),Pas-de-Calais (12e),Assemblée nationale,11,,,,
jean-pierre_marché,Jean-Pierre Marché,Jean-Pierre Marché,,,,Non Inscrit,non_inscrit,area/deux-sèvres_(2e),Deux-Sèvres (2e),Assemblée nationale,11,,,,
jean-pierre_michel,Jean-Pierre Michel,Jean-Pierre Michel,,,,RCV,rcv,area/haute-saône_(2e),Haute-Saône (2e),Assemblée nationale,11,,,,
jean-pierre_pernot,Jean-Pierre Pernot,Jean-Pierre Pernot,,,,PS,ps,area/val-d'oise_(2e),Val-d'Oise (2e),Assemblée nationale,11,,,,
jean-pierre_pujol,Jean-Pierre Pujol,Jean-Pierre Pujol,,,,PS,ps,area/gers_(1re),Gers (1re),Assemblée nationale,11,,,,
jean-pierre_soisson,Jean-Pierre Soisson,Jean-Pierre Soisson,,,,DL,dl,area/yonne_(1re),Yonne (1re),Assemblée nationale,11,,,,
jean-yves_besselat,Jean-Yves Besselat,Jean-Yves Besselat,,,,RPR,rpr,area/seine-maritime_(7e),Seine-Maritime (7e),Assemblée nationale,11,,,,
Q3170107,Jean-Yves Caullet,"Caullet, Jean-Yves",,,,PS,ps,area/yonne_(2e),Yonne (2e),Assemblée nationale,11,,,https://upload.wikimedia.org/wikipedia/commons/1/13/Jean-Yves_Caullet.JPG,male
jean-yves_gateaud,Jean-Yves Gateaud,Jean-Yves Gateaud,,,,PS,ps,area/indre_(1re),Indre (1re),Assemblée nationale,11,,,,
jean-yves_le_drian,Jean-Yves Le Drian,Jean-Yves Le Drian,,,,PS,ps,area/morbihan_(5e),Morbihan (5e),Assemblée nationale,11,,,,
Q3170164,Jean-Yves Le Déaut,Le Deaut Jean-Yves,,,,PS,ps,area/meurthe-et-moselle_(6e),Meurthe-et-Moselle (6e),Assemblée nationale,11,,,"https://upload.wikimedia.org/wikipedia/commons/a/a0/Jean-Yves_Le_Déaut,_2015.JPG",male
joseph_parrenin,Joseph Parrenin,Joseph Parrenin,,,,PS,ps,area/doubs_(3e),Doubs (3e),Assemblée nationale,11,,,,
joseph_rossignol,Joseph Rossignol,Joseph Rossignol,,,,PS,ps,area/val-de-marne_(3e),Val-de-Marne (3e),Assemblée nationale,11,,,,
joseph_tyrode,Joseph Tyrode,Joseph Tyrode,,,,PS,ps,area/doubs_(4e),Doubs (4e),Assemblée nationale,11,,,,
josé_rossi,José Rossi,José Rossi,,,,DL,dl,area/corse-du-sud_(1re),Corse-du-Sud (1re),Assemblée nationale,11,,,,
joël_sarlot,Joël Sarlot,Joël Sarlot,,,,DL,dl,area/vendée_(5e),Vendée (5e),Assemblée nationale,11,,,,
joëlle_ceccaldi-raynaud,Joëlle Ceccaldi-Raynaud,Joëlle Ceccaldi-Raynaud,,,,RPR,rpr,area/hauts-de-seine_(6e),Hauts-de-Seine (6e),Assemblée nationale,11,,,,
julien_dray,Julien Dray,Julien Dray,,,,PS,ps,area/essonne_(10e),Essonne (10e),Assemblée nationale,11,,,,
Q57751,Jérôme Cahuzac,Jérôme Cahuzac,,,,PS,ps,area/lot-et-garonne_(3e),Lot-et-Garonne (3e),Assemblée nationale,11,,,https://upload.wikimedia.org/wikipedia/commons/b/b6/PR-2012-05-15_IMG_1493_(crop).jpg,male
jérôme_lambert,Jérôme Lambert,"Lambert, Jérôme",,,,PS,ps,area/charente_(3e),Charente (3e),Assemblée nationale,11,,,,
kofi_yamgnane,Kofi Yamgnane,Kofi Yamgnane,,,,PS,ps,area/finistère_(6e),Finistère (6e),Assemblée nationale,11,,,,
Q2271318,Laurence Dumont,"Dumont, Laurence",,,,PS,ps,area/calvados_(5e),Calvados (5e),Assemblée nationale,11,,,https://upload.wikimedia.org/wikipedia/commons/5/5e/DeputeXIVeLegVeRep-Laurence_Dumont2.jpg,female
Q3219106,Laurent Cathala,"Cathala, Laurent",,,,PS,ps,area/val-de-marne_(2e),Val-de-Marne (2e),Assemblée nationale,11,,,,male
laurent_dominati,Laurent Dominati,Laurent Dominati,,,,DL,dl,area/paris_(1re),Paris (1re),Assemblée nationale,11,,,,
Q737204,Lionnel Luca,"Luca, Lionnel",,lionnelluca06,,RPR,rpr,area/alpes-maritimes_(6e),Alpes-Maritimes (6e),Assemblée nationale,11,,,,male
louis_guédon,Louis Guédon,Louis Guédon,,,,RPR,rpr,area/vendée_(3e),Vendée (3e),Assemblée nationale,11,,,,
louis_mermaz,Louis Mermaz,Louis Mermaz,,,,PS,ps,area/isère_(8e),Isère (8e),Assemblée nationale,11,,,,
louis_mexandeau,Louis Mexandeau,Louis Mexandeau,,,,PS,ps,area/calvados_(2e),Calvados (2e),Assemblée nationale,11,,,,
loïc_bouvard,Loïc Bouvard,Loïc Bouvard,,,,UDF,udf,area/morbihan_(4e),Morbihan (4e),Assemblée nationale,11,,,,
Q3265461,Lucien Degauchy,"Degauchy, Lucien",,,,RPR,rpr,area/oise_(5e),Oise (5e),Assemblée nationale,11,,,,male
lucien_guichon,Lucien Guichon,Lucien Guichon,,,,RPR,rpr,area/ain_(2e),Ain (2e),Assemblée nationale,11,,,,
léo_andy,Léo Andy,Léo Andy,,,,PS,ps,area/guadeloupe_(3e),Guadeloupe (3e),Assemblée nationale,11,,,,
léon_bertrand,Léon Bertrand,Léon Bertrand,,,,RPR,rpr,area/guyane_(2e),Guyane (2e),Assemblée nationale,11,,,,
léon_vachet,Léon Vachet,Léon Vachet,,,,RPR,rpr,area/bouches-du-rhône_(15e),Bouches-du-Rhône (15e),Assemblée nationale,11,,,,
léonce_deprez,Léonce Deprez,Léonce Deprez,,,,UDF,udf,area/pas-de-calais_(4e),Pas-de-Calais (4e),Assemblée nationale,11,,,,
Q937175,Marc Dolez,"Dolez, Marc",,,,PS,ps,area/nord_(17e),Nord (17e),Assemblée nationale,11,,,https://upload.wikimedia.org/wikipedia/commons/b/b7/Marc_Dolez.jpg,male
marc_dumoulin,Marc Dumoulin,Marc Dumoulin,,,,Non Inscrit,non_inscrit,area/haut-rhin_(2e),Haut-Rhin (2e),Assemblée nationale,11,,,,
Q3288161,Marc Laffineur,"Laffineur, Marc",,,,DL,dl,area/maine-et-loire_(7e),Maine-et-Loire (7e),Assemblée nationale,11,,,https://upload.wikimedia.org/wikipedia/commons/6/65/Marc_Laffineur2.jpg,male
marc_reymann,Marc Reymann,Marc Reymann,,,,UDF,udf,area/bas-rhin_(2e),Bas-Rhin (2e),Assemblée nationale,11,,,,
Q960474,Marc-Philippe Daubresse,"Daubresse, Marc-Philippe",,DAUBRESSE_MP,,UDF,udf,area/nord_(4e),Nord (4e),Assemblée nationale,11,,,https://upload.wikimedia.org/wikipedia/commons/4/4d/Lille_-_Marc-Philippe_Daubresse_-_2.jpg,male
marcel_cabiddu,Marcel Cabiddu,Marcel Cabiddu,,,,PS,ps,area/pas-de-calais_(11e),Pas-de-Calais (11e),Assemblée nationale,11,,,,
marcel_dehoux,Marcel Dehoux,Marcel Dehoux,,,,PS,ps,area/nord_(24e),Nord (24e),Assemblée nationale,11,,,,
Q3289343,Marcel Rogemont,"Rogemont, Marcel",,,,PS,ps,area/ille-et-vilaine_(3e),Ille-et-Vilaine (3e),Assemblée nationale,11,,,https://upload.wikimedia.org/wikipedia/commons/b/bc/Marcel-Rogemont.JPG,male
marcelle_ramonet,Marcelle Ramonet,Marcelle Ramonet,,,,DL,dl,area/finistère_(1re),Finistère (1re),Assemblée nationale,11,,,,
Q3291821,Marie-Françoise Clergeau,"Clergeau, Marie-Françoise",,,,PS,ps,area/loire-atlantique_(2e),Loire-Atlantique (2e),Assemblée nationale,11,,,https://upload.wikimedia.org/wikipedia/commons/4/44/Marie-Françoise_Clergeau.jpg,female
marie-françoise_pérol-dumont,Marie-Françoise Pérol-Dumont,Marie-Françoise Pérol-Dumont,,,,PS,ps,area/haute-vienne_(3e),Haute-Vienne (3e),Assemblée nationale,11,,,,
marie-hélène_aubert,Marie-Hélène Aubert,Marie-Hélène Aubert,,,,RCV,rcv,area/eure-et-loir_(4e),Eure-et-Loir (4e),Assemblée nationale,11,,,,
Q514965,Marie-Jo Zimmermann,"Zimmermann, Marie-Jo",,,,RPR,rpr,area/moselle_(3e),Moselle (3e),Assemblée nationale,11,,,https://upload.wikimedia.org/wikipedia/commons/f/f6/Marie_Jo_Zimmermann.jpg,female
Q2277941,Marie-Line Reynaud,"Reynaud, Marie-Line",,MLReynaud16,mlreynaud,PS,ps,area/charente_(2e),Charente (2e),Assemblée nationale,11,,,,female
marie-thérèse_boisseau,Marie-Thérèse Boisseau,Marie-Thérèse Boisseau,,,,UDF,udf,area/ille-et-vilaine_(6e),Ille-et-Vilaine (6e),Assemblée nationale,11,,,,
Q270094,Marisol Touraine,Marisol Touraine,,,,PS,ps,area/indre-et-loire_(3e),Indre-et-Loire (3e),Assemblée nationale,11,,,https://upload.wikimedia.org/wikipedia/commons/c/c4/Marisol_Touraine.jpg,female
marius_masse,Marius Masse,Marius Masse,,,,PS,ps,area/bouches-du-rhône_(8e),Bouches-du-Rhône (8e),Assemblée nationale,11,,,,
martine_aurillac,Martine Aurillac,Martine Aurillac,,,,RPR,rpr,area/paris_(3e),Paris (3e),Assemblée nationale,11,,,,
martine_david,Martine David,Martine David,,,,PS,ps,area/rhône_(13e),Rhône (13e),Assemblée nationale,11,,,,
Q3295803,Martine Lignières-Cassou,"Lignières-Cassou, Martine",,,,PS,ps,area/pyrénées-atlantiques_(1re),Pyrénées-Atlantiques (1re),Assemblée nationale,11,,,https://upload.wikimedia.org/wikipedia/commons/d/de/Martine_Lignières-Cassou.jpg,female
maurice_adevah-pœuf,Maurice Adevah-Pœuf,Maurice Adevah-Pœuf,,,,PS,ps,area/puy-de-dôme_(5e),Puy-de-Dôme (5e),Assemblée nationale,11,,,,
Q984381,Maurice Leroy,"Leroy, Maurice",,,,UDF,udf,area/loir-et-cher_(3e),Loir-et-Cher (3e),Assemblée nationale,11,,,https://upload.wikimedia.org/wikipedia/commons/d/db/Maurice-leroy-freeuse.jpg,male
maurice_ligot,Maurice Ligot,Maurice Ligot,,,,UDF,udf,area/maine-et-loire_(5e),Maine-et-Loire (5e),Assemblée nationale,11,,,,
maxime_bono,Maxime Bono,Maxime Bono,,,,PS,ps,area/charente-maritime_(1re),Charente-Maritime (1re),Assemblée nationale,11,,,,
maxime_gremetz,Maxime Gremetz,Maxime Gremetz,,,,PCF,pcf,area/somme_(1re),Somme (1re),Assemblée nationale,11,,,,
michel_bourgeois,Michel Bourgeois,Michel Bourgeois,,,,PS,ps,area/doubs_(2e),Doubs (2e),Assemblée nationale,11,,,,
michel_bouvard,Michel Bouvard,Michel Bouvard,,,,RPR,rpr,area/savoie_(3e),Savoie (3e),Assemblée nationale,11,,,,
michel_buillard,Michel Buillard,Michel Buillard,,,,RPR,rpr,area/polynésie_française_(1re),Polynésie française (1re),Assemblée nationale,11,,,,
michel_charzat,Michel Charzat,Michel Charzat,,,,PS,ps,area/paris_(21e),Paris (21e),Assemblée nationale,11,,,,
michel_dasseux,Michel Dasseux,Michel Dasseux,,,,PS,ps,area/dordogne_(1re),Dordogne (1re),Assemblée nationale,11,,,,
Q959067,Michel Destot,"Destot, Michel",,,,PS,ps,area/isère_(3e),Isère (3e),Assemblée nationale,11,,,https://upload.wikimedia.org/wikipedia/commons/a/a6/Michel_Destot_-_Critérium_du_Dauphiné_2012_-_Prologue.jpg,male
Q3309676,Michel Françaix,Francaix,,,,PS,ps,area/oise_(3e),Oise (3e),Assemblée nationale,11,,,,male
michel_fromet,Michel Fromet,Michel Fromet,,,,PS,ps,area/loir-et-cher_(1re),Loir-et-Cher (1re),Assemblée nationale,11,,,,
michel_giraud,Michel Giraud,Michel Giraud,,,,RPR,rpr,area/val-de-marne_(6e),Val-de-Marne (6e),Assemblée nationale,11,,,,
michel_grégoire,Michel Grégoire,Michel Grégoire,,,,PS,ps,area/drôme_(3e),Drôme (3e),Assemblée nationale,11,,,,
Q924976,Michel Herbillon,"Herbillon, Michel",,,,DL,dl,area/val-de-marne_(8e),Val-de-Marne (8e),Assemblée nationale,11,,,https://upload.wikimedia.org/wikipedia/commons/4/44/Michel_Herbillon_lors_de_la_cérémonie_du_8_mai_2010-003.JPG,male
michel_hunault,Michel Hunault,Michel Hunault,,,,RPR,rpr,area/loire-atlantique_(6e),Loire-Atlantique (6e),Assemblée nationale,11,,,,
michel_inchauspé,Michel Inchauspé,Michel Inchauspé,,,,RPR,rpr,area/pyrénées-atlantiques_(3e),Pyrénées-Atlantiques (3e),Assemblée nationale,11,,,,
Q3310168,Michel Lefait,"Lefait, Michel",,,,PS,ps,area/pas-de-calais_(8e),Pas-de-Calais (8e),Assemblée nationale,11,,,,male
Q3310197,Michel Liebgott,"Liebgott, Michel",,,,PS,ps,area/moselle_(10e),Moselle (10e),Assemblée nationale,11,,,https://upload.wikimedia.org/wikipedia/commons/3/3d/Michel-liebgott-photo-archives-rl_copie.jpg,male
michel_meylan,Michel Meylan,Michel Meylan,,,,DL,dl,area/haute-savoie_(3e),Haute-Savoie (3e),Assemblée nationale,11,,,,
Q3310508,Michel Pajon,"Pajon, Michel",,,,PS,ps,area/seine-saint-denis_(13e),Seine-Saint-Denis (13e),Assemblée nationale,11,,,,male
michel_sainte-marie,Michel Sainte-Marie,Michel Sainte-Marie,,,,PS,ps,area/gironde_(6e),Gironde (6e),Assemblée nationale,11,,,,
michel_suchod,Michel Suchod,Michel Suchod,,,,RCV,rcv,area/dordogne_(2e),Dordogne (2e),Assemblée nationale,11,,,,
michel_tamaya,Michel Tamaya,Michel Tamaya,,,,PS,ps,area/la_réunion_(1re),La Réunion (1re),Assemblée nationale,11,,,,
Q12939,Michel Terrot,"Terrot, Michel",,,,RPR,rpr,area/rhône_(12e),Rhône (12e),Assemblée nationale,11,,,,male
Q609661,Michel Vauzelle,"Vauzelle, Michel",,Vauzelle,michel.vauzelle,PS,ps,area/bouches-du-rhône_(16e),Bouches-du-Rhône (16e),Assemblée nationale,11,,,https://upload.wikimedia.org/wikipedia/commons/8/8c/Vauzelle_Meeting_régionales_2010.jpg,male
michel_vaxès,Michel Vaxès,Michel Vaxès,,,,PCF,pcf,area/bouches-du-rhône_(13e),Bouches-du-Rhône (13e),Assemblée nationale,11,,,,
Q2689072,Michel Vergnier,"Vergnier, Michel",,,,PS,ps,area/creuse_(1re),Creuse (1re),Assemblée nationale,11,,,,male
Q3311094,Michel Voisin,"Voisin, Michel",,,,UDF,udf,area/ain_(4e),Ain (4e),Assemblée nationale,11,,,https://upload.wikimedia.org/wikipedia/commons/7/75/Michel_Voisin_-_2013_(cropped).jpg,male
michel_Étiévant,Michel Étiévant,Michel Étiévant,,,,PS,ps,area/côte-d'or_(3e),Côte-d'Or (3e),Assemblée nationale,11,,,,
michèle_rivasi,Michèle Rivasi,Michèle Rivasi,,,,PS,ps,area/drôme_(1re),Drôme (1re),Assemblée nationale,11,,,,
monique_collange,Monique Collange,Monique Collange,,,,PS,ps,area/tarn_(4e),Tarn (4e),Assemblée nationale,11,,,,
monique_denise,Monique Denise,Monique Denise,,,,PS,ps,area/nord_(14e),Nord (14e),Assemblée nationale,11,,,,
muguette_jacquaint,Muguette Jacquaint,Muguette Jacquaint,,,,PCF,pcf,area/seine-saint-denis_(3e),Seine-Saint-Denis (3e),Assemblée nationale,11,,,,
Q12961,Nicolas Dupont-Aignan,"Dupont-Aignan, Nicolas",,dupontaignan,nicolasdupontaignan,RPR,rpr,area/essonne_(8e),Essonne (8e),Assemblée nationale,11,,,https://upload.wikimedia.org/wikipedia/commons/8/88/Nicolas_Dupont-Aignan_DLR_2009-06-02_n1.jpg,male
nicolas_forissier,Nicolas Forissier,Nicolas Forissier,,,,DL,dl,area/indre_(2e),Indre (2e),Assemblée nationale,11,,,,
nicole_bricq,Nicole Bricq,Nicole Bricq,,,,PS,ps,area/seine-et-marne_(6e),Seine-et-Marne (6e),Assemblée nationale,11,,,,
nicole_catala,Nicole Catala,Nicole Catala,,,,RPR,rpr,area/paris_(11e),Paris (11e),Assemblée nationale,11,,,,
nicole_feidt,Nicole Feidt,Nicole Feidt,,,,PS,ps,area/meurthe-et-moselle_(5e),Meurthe-et-Moselle (5e),Assemblée nationale,11,,,,
Q965109,Noël Mamère,"Mamère, Noël",,,,RCV,rcv,area/gironde_(3e),Gironde (3e),Assemblée nationale,11,,,https://upload.wikimedia.org/wikipedia/commons/1/1a/Noel.Mamere2006.JPG,male
odette_casanova,Odette Casanova,Odette Casanova,,,,PS,ps,area/var_(1re),Var (1re),Assemblée nationale,11,,,,
odette_grzegrzulka,Odette Grzegrzulka,Odette Grzegrzulka,,,,PS,ps,area/aisne_(2e),Aisne (2e),Assemblée nationale,11,,,,
odette_trupin,Odette Trupin,Odette Trupin,,,,PS,ps,area/gironde_(9e),Gironde (9e),Assemblée nationale,11,,,,
Q3349257,Odile Saugues,"Saugues, Odile",,,,PS,ps,area/puy-de-dôme_(1re),Puy-de-Dôme (1re),Assemblée nationale,11,,,,female
olivier_jardé,Olivier Jardé,Olivier Jardé,,,,RPR,rpr,area/somme_(2e),Somme (2e),Assemblée nationale,11,,,,
olivier_de_chazeaux,Olivier de Chazeaux,Olivier de Chazeaux,,,,RPR,rpr,area/hauts-de-seine_(5e),Hauts-de-Seine (5e),Assemblée nationale,11,,,,
pascal_clément,Pascal Clément,Pascal Clément,,,,DL,dl,area/loire_(6e),Loire (6e),Assemblée nationale,11,,,,
Q2040280,Pascal Terrasse,"Terrasse, Pascal",,,,PS,ps,area/ardèche_(1re),Ardèche (1re),Assemblée nationale,11,,,https://upload.wikimedia.org/wikipedia/commons/c/cf/Pascal_Terrasse_-_Débat_gaz_de_schiste.jpg,male
Q3368900,Patrice Carvalho,"Carvalho, Patrice",,,,PCF,pcf,area/oise_(6e),Oise (6e),Assemblée nationale,11,,,,male
Q3368994,Patrice Martin-Lalande,"Martin-Lalande, Patrice",,,,RPR,rpr,area/loir-et-cher_(2e),Loir-et-Cher (2e),Assemblée nationale,11,,,https://upload.wikimedia.org/wikipedia/commons/e/e3/Patrice_Martin-Lalande.jpg,male
Q1887194,Patrick Bloche,"Bloche, Patrick",,,,PS,ps,area/paris_(7e),Paris (7e),Assemblée nationale,11,,,https://upload.wikimedia.org/wikipedia/commons/f/f9/Bloche2006.jpg,male
patrick_braouezec,Patrick Braouezec,Patrick Braouezec,,,,PCF,pcf,area/seine-saint-denis_(2e),Seine-Saint-Denis (2e),Assemblée nationale,11,,,,
patrick_delnatte,Patrick Delnatte,Patrick Delnatte,,,,RPR,rpr,area/nord_(9e),Nord (9e),Assemblée nationale,11,,,,
patrick_herr,Patrick Herr,Patrick Herr,,,,UDF,udf,area/seine-maritime_(1re),Seine-Maritime (1re),Assemblée nationale,11,,,,
patrick_jeanne,Patrick Jeanne,Patrick Jeanne,,,,PS,ps,area/seine-maritime_(9e),Seine-Maritime (9e),Assemblée nationale,11,,,,
Q3369623,Patrick Lemasle,"Lemasle, Patrick",,,,PS,ps,area/haute-garonne_(7e),Haute-Garonne (7e),Assemblée nationale,11,,,https://upload.wikimedia.org/wikipedia/commons/2/28/2013-01-27_Patrick_Lemasle.jpg,male
patrick_leroy,Patrick Leroy,Patrick Leroy,,,,PCF,pcf,area/nord_(19e),Nord (19e),Assemblée nationale,11,,,,
patrick_malavieille,Patrick Malavieille,Patrick Malavieille,,,,PCF,pcf,area/gard_(4e),Gard (4e),Assemblée nationale,11,,,,
Q976436,Patrick Ollier,"Ollier, Patrick",,,,RPR,rpr,area/hautes-alpes_(2e),Hautes-Alpes (2e),Assemblée nationale,11,,,https://upload.wikimedia.org/wikipedia/commons/e/e0/Patrick_Ollier.jpg,male
patrick_rimbert,Patrick Rimbert,Patrick Rimbert,,,,PS,ps,area/loire-atlantique_(1re),Loire-Atlantique (1re),Assemblée nationale,11,,,,
patrick_sève,Patrick Sève,Patrick Sève,,,,PS,ps,area/val-de-marne_(12e),Val-de-Marne (12e),Assemblée nationale,11,,,,
paul_dhaille,Paul Dhaille,Paul Dhaille,,,,RCV,rcv,area/seine-maritime_(6e),Seine-Maritime (6e),Assemblée nationale,11,,,,
paul_patriarche,Paul Patriarche,Paul Patriarche,,,,DL,dl,area/haute-corse_(2e),Haute-Corse (2e),Assemblée nationale,11,,,,
paul_quilès,Paul Quilès,Paul Quilès,,,,PS,ps,area/tarn_(1re),Tarn (1re),Assemblée nationale,11,,,,
philippe_auberger,Philippe Auberger,Philippe Auberger,,,,RPR,rpr,area/yonne_(3e),Yonne (3e),Assemblée nationale,11,,,,
Q3379439,Philippe Briand,"Briand, Philippe",,,,RPR,rpr,area/indre-et-loire_(5e),Indre-et-Loire (5e),Assemblée nationale,11,,,https://upload.wikimedia.org/wikipedia/commons/5/5a/Philippe_Briand_-_Saint-Cyr-Loire_-_151014.jpg,male
philippe_chaulet,Philippe Chaulet,Philippe Chaulet,,,,RPR,rpr,area/guadeloupe_(4e),Guadeloupe (4e),Assemblée nationale,11,,,,
philippe_decaudin,Philippe Decaudin,Philippe Decaudin,,,,PS,ps,area/vienne_(2e),Vienne (2e),Assemblée nationale,11,,,,
philippe_douste-blazy,Philippe Douste-Blazy,Philippe Douste-Blazy,,,,UDF,udf,area/haute-garonne_(1re),Haute-Garonne (1re),Assemblée nationale,11,,,,
Q743479,Philippe Duron,"Duron, Philippe",,,,PS,ps,area/calvados_(1re),Calvados (1re),Assemblée nationale,11,,,https://upload.wikimedia.org/wikipedia/commons/9/97/Élection_Philippe_Duron.JPG,male
Q3380032,Philippe Houillon,"Houillon, Philippe",,,,DL,dl,area/val-d'oise_(1re),Val-d'Oise (1re),Assemblée nationale,11,,,,male
philippe_martin,Philippe Martin,"Martin, Philippe",,,,RPR,rpr,area/marne_(6e),Marne (6e),Assemblée nationale,11,,,,
Q781970,Philippe Nauche,"Nauche, Philippe",,,,PS,ps,area/corrèze_(2e),Corrèze (2e),Assemblée nationale,11,,,https://upload.wikimedia.org/wikipedia/commons/d/da/Philippe_Nauche.JPG,male
philippe_séguin,Philippe Séguin,Philippe Séguin,,,,RPR,rpr,area/vosges_(1re),Vosges (1re),Assemblée nationale,11,,,,
philippe_vuilque,Philippe Vuilque,Philippe Vuilque,,,,PS,ps,area/ardennes_(2e),Ardennes (2e),Assemblée nationale,11,,,,
philippe_de_villiers,Philippe de Villiers,Philippe de Villiers,,,,Non Inscrit,non_inscrit,area/vendée_(4e),Vendée (4e),Assemblée nationale,11,,,,
pierre_albertini,Pierre Albertini,Pierre Albertini,,,,UDF,udf,area/seine-maritime_(2e),Seine-Maritime (2e),Assemblée nationale,11,,,,
pierre_aubry,Pierre Aubry,Pierre Aubry,,,,RPR,rpr,area/val-de-marne_(7e),Val-de-Marne (7e),Assemblée nationale,11,,,,
pierre_bourguignon,Pierre Bourguignon,Pierre Bourguignon,,,,PS,ps,area/seine-maritime_(3e),Seine-Maritime (3e),Assemblée nationale,11,,,,
pierre_brana,Pierre Brana,Pierre Brana,,,,PS,ps,area/gironde_(5e),Gironde (5e),Assemblée nationale,11,,,,
pierre_carassus,Pierre Carassus,Pierre Carassus,,,,RCV,rcv,area/seine-et-marne_(3e),Seine-et-Marne (3e),Assemblée nationale,11,,,,
pierre_cardo,Pierre Cardo,Pierre Cardo,,,,DL,dl,area/yvelines_(7e),Yvelines (7e),Assemblée nationale,11,,,,
pierre_cohen,Pierre Cohen,Pierre Cohen,,,,PS,ps,area/haute-garonne_(3e),Haute-Garonne (3e),Assemblée nationale,11,,,,
pierre_ducout,Pierre Ducout,Pierre Ducout,,,,PS,ps,area/gironde_(7e),Gironde (7e),Assemblée nationale,11,,,,
pierre_forgues,Pierre Forgues,Pierre Forgues,,,,PS,ps,area/hautes-pyrénées_(1re),Hautes-Pyrénées (1re),Assemblée nationale,11,,,,
pierre_frogier,Pierre Frogier,Pierre Frogier,,,,RPR,rpr,area/nouvelle-calédonie_(2e),Nouvelle-Calédonie (2e),Assemblée nationale,11,,,,
pierre_goldberg,Pierre Goldberg,Pierre Goldberg,,,,PCF,pcf,area/allier_(2e),Allier (2e),Assemblée nationale,11,,,,
pierre_hellier,Pierre Hellier,Pierre Hellier,,,,DL,dl,area/sarthe_(1re),Sarthe (1re),Assemblée nationale,11,,,,
pierre_hériaud,Pierre Hériaud,Pierre Hériaud,,,,UDF,udf,area/loire-atlantique_(9e),Loire-Atlantique (9e),Assemblée nationale,11,,,,
pierre_lasbordes,Pierre Lasbordes,Pierre Lasbordes,,,,RPR,rpr,area/essonne_(5e),Essonne (5e),Assemblée nationale,11,,,,
pierre_lefebvre,Pierre Lefebvre,Pierre Lefebvre,,,,RPR,rpr,area/calvados_(10e),Calvados (10e),Assemblée nationale,11,,,,
Q784751,Pierre Lellouche,"Lellouche, Pierre",,,,RPR,rpr,area/paris_(4e),Paris (4e),Assemblée nationale,11,,,https://upload.wikimedia.org/wikipedia/commons/4/44/Pierre_lellouche.jpg,male
Q3385940,Pierre Lequiller,"Lequiller, Pierre",,,,DL,dl,area/yvelines_(4e),Yvelines (4e),Assemblée nationale,11,,,https://upload.wikimedia.org/wikipedia/commons/c/c5/Pierre_Lequiller_par_Claude_Truong-Ngoc_mai_2013.jpg,male
pierre_menjucq,Pierre Menjucq,Pierre Menjucq,,,,UDF,udf,area/pyrénées-atlantiques_(2e),Pyrénées-Atlantiques (2e),Assemblée nationale,11,,,,
pierre_micaux,Pierre Micaux,Pierre Micaux,,,,UDF,udf,area/aube_(1re),Aube (1re),Assemblée nationale,11,,,,
Q3386344,Pierre Morange,"Morange, Pierre",,,,RPR,rpr,area/yvelines_(6e),Yvelines (6e),Assemblée nationale,11,,,,male
pierre_méhaignerie,Pierre Méhaignerie,Pierre Méhaignerie,,,,UDF,udf,area/ille-et-vilaine_(5e),Ille-et-Vilaine (5e),Assemblée nationale,11,,,,
pierre_petit,Pierre Petit,Pierre Petit,,,,RPR,rpr,area/martinique_(2e),Martinique (2e),Assemblée nationale,11,,,,
pierre_ringenbach,Pierre Ringenbach,Pierre Ringenbach,,,,RPR,rpr,area/calvados_(2e),Calvados (2e),Assemblée nationale,11,,,,
pierre-andré_wiltzer,Pierre-André Wiltzer,Pierre-André Wiltzer,,,,UDF,udf,area/essonne_(4e),Essonne (4e),Assemblée nationale,11,,,,
pierre-christophe_baguet,Pierre-Christophe Baguet,Pierre-Christophe Baguet,,,,UDF,udf,area/hauts-de-seine_(9e),Hauts-de-Seine (9e),Assemblée nationale,11,,,,
raymond_barre,Raymond Barre,Raymond Barre,,,,UDF,udf,area/rhône_(4e),Rhône (4e),Assemblée nationale,11,,,,
raymond_forni,Raymond Forni,Raymond Forni,,,,PS,ps,area/territoire_de_belfort_(1re),Territoire de Belfort (1re),Assemblée nationale,11,,,,
renaud_muselier,Renaud Muselier,Renaud Muselier,,,,RPR,rpr,area/bouches-du-rhône_(5e),Bouches-du-Rhône (5e),Assemblée nationale,11,,,,
rené_andré,René André,René André,,,,RPR,rpr,area/manche_(2e),Manche (2e),Assemblée nationale,11,,,,
rené_bouin,René Bouin,René Bouin,,,,RPR,rpr,area/maine-et-loire_(1re),Maine-et-Loire (1re),Assemblée nationale,11,,,,
rené_couanau,René Couanau,René Couanau,,,,UDF,udf,area/ille-et-vilaine_(7e),Ille-et-Vilaine (7e),Assemblée nationale,11,,,,
Q3426115,René Dosière,"Dosière, René",,,,PS,ps,area/aisne_(1re),Aisne (1re),Assemblée nationale,11,,,https://upload.wikimedia.org/wikipedia/commons/8/82/René_Dosière_par_Claude_Truong-Ngoc_juin_2013.jpg,male
rené_dutin,René Dutin,René Dutin,,,,PCF,pcf,area/dordogne_(3e),Dordogne (3e),Assemblée nationale,11,,,,
rené_galy-dejean,René Galy-Dejean,René Galy-Dejean,,,,RPR,rpr,area/paris_(13e),Paris (13e),Assemblée nationale,11,,,,
rené_leroux,René Leroux,René Leroux,,,,PS,ps,area/loire-atlantique_(7e),Loire-Atlantique (7e),Assemblée nationale,11,,,,
rené_mangin,René Mangin,René Mangin,,,,PS,ps,area/meurthe-et-moselle_(2e),Meurthe-et-Moselle (2e),Assemblée nationale,11,,,,
Q3426851,René Rouquet,"Rouquet, René",,,,PS,ps,area/val-de-marne_(9e),Val-de-Marne (9e),Assemblée nationale,11,,,,male
richard_cazenave,Richard Cazenave,Richard Cazenave,,,,RPR,rpr,area/isère_(1re),Isère (1re),Assemblée nationale,11,,,,
robert_galley,Robert Galley,Robert Galley,,,,RPR,rpr,area/aube_(2e),Aube (2e),Assemblée nationale,11,,,,
robert_gaïa,Robert Gaïa,Robert Gaïa,,,,PS,ps,area/var_(2e),Var (2e),Assemblée nationale,11,,,,
robert_honde,Robert Honde,Robert Honde,,,,RCV,rcv,area/alpes-de-haute-provence_(2e),Alpes-de-Haute-Provence (2e),Assemblée nationale,11,,,,
robert_hue,Robert Hue,Robert Hue,,,,PCF,pcf,area/val-d'oise_(5e),Val-d'Oise (5e),Assemblée nationale,11,,,,
robert_lamy,Robert Lamy,Robert Lamy,,,,RPR,rpr,area/rhône_(8e),Rhône (8e),Assemblée nationale,11,,,,
robert_pandraud,Robert Pandraud,Robert Pandraud,,,,RPR,rpr,area/seine-saint-denis_(8e),Seine-Saint-Denis (8e),Assemblée nationale,11,,,,
robert_poujade,Robert Poujade,Robert Poujade,,,,RPR,rpr,area/côte-d'or_(1re),Côte-d'Or (1re),Assemblée nationale,11,,,,
roger_franzoni,Roger Franzoni,Roger Franzoni,,,,RCV,rcv,area/haute-corse_(1re),Haute-Corse (1re),Assemblée nationale,11,,,,
roger_lestas,Roger Lestas,Roger Lestas,,,,UDF,udf,area/mayenne_(3e),Mayenne (3e),Assemblée nationale,11,,,,
roger_meï,Roger Meï,Roger Meï,,,,PCF,pcf,area/bouches-du-rhône_(10e),Bouches-du-Rhône (10e),Assemblée nationale,11,,,,
roland_blum,Roland Blum,Roland Blum,,,,DL,dl,area/bouches-du-rhône_(1re),Bouches-du-Rhône (1re),Assemblée nationale,11,,,,
roland_francisci,Roland Francisci,Roland Francisci,,,,RPR,rpr,area/corse-du-sud_(2e),Corse-du-Sud (2e),Assemblée nationale,11,,,,
roland_garrigues,Roland Garrigues,Roland Garrigues,,,,PS,ps,area/tarn-et-garonne_(1re),Tarn-et-Garonne (1re),Assemblée nationale,11,,,,
roland_metzinger,Roland Metzinger,Roland Metzinger,,,,PS,ps,area/moselle_(6e),Moselle (6e),Assemblée nationale,11,,,,
roland_vuillaume,Roland Vuillaume,Roland Vuillaume,,,,RPR,rpr,area/doubs_(5e),Doubs (5e),Assemblée nationale,11,,,,
Q1862692,Rudy Salles,"Salles, Rudy",,,,UDF,udf,area/alpes-maritimes_(3e),Alpes-Maritimes (3e),Assemblée nationale,11,,,https://upload.wikimedia.org/wikipedia/commons/a/a8/Photo_RS.JPG,male
serge_blisko,Serge Blisko,Serge Blisko,,,,PS,ps,area/paris_(10e),Paris (10e),Assemblée nationale,11,,,,
Q3479364,Serge Janquin,"Janquin, Serge",,,,PS,ps,area/pas-de-calais_(10e),Pas-de-Calais (10e),Assemblée nationale,11,,,,male
serge_poignant,Serge Poignant,Serge Poignant,,,,RPR,rpr,area/loire-atlantique_(10e),Loire-Atlantique (10e),Assemblée nationale,11,,,,
stéphane_alaize,Stéphane Alaize,Stéphane Alaize,,,,PS,ps,area/ardèche_(3e),Ardèche (3e),Assemblée nationale,11,,,,
sylvia_bassot,Sylvia Bassot,Sylvia Bassot,,,,DL,dl,area/orne_(3e),Orne (3e),Assemblée nationale,11,,,,
sylvie_andrieux-bacquet,Sylvie Andrieux-Bacquet,Sylvie Andrieux-Bacquet,,,,PS,ps,area/bouches-du-rhône_(7e),Bouches-du-Rhône (7e),Assemblée nationale,11,,,,
thierry_carcenac,Thierry Carcenac,Thierry Carcenac,,,,PS,ps,area/tarn_(2e),Tarn (2e),Assemblée nationale,11,,,,
Q3524375,Thierry Lazaro,"Lazaro, Thierry",,,,RPR,rpr,area/nord_(6e),Nord (6e),Assemblée nationale,11,,,https://upload.wikimedia.org/wikipedia/commons/d/d5/Thierry_Lazaro_&_Louis_de_Bourbon.jpg,male
Q63655,Thierry Mariani,"Mariani, Thierry",,ThierryMARIANI,,RPR,rpr,area/vaucluse_(4e),Vaucluse (4e),Assemblée nationale,11,,,https://upload.wikimedia.org/wikipedia/commons/5/57/Thierry_Mariani.png,male
tony_dreyfus,Tony Dreyfus,Tony Dreyfus,,,,PS,ps,area/paris_(5e),Paris (5e),Assemblée nationale,11,,,,
valéry_giscard_d'estaing,Valéry Giscard d'Estaing,Valéry Giscard d'Estaing,,,,UDF,udf,area/puy-de-dôme_(3e),Puy-de-Dôme (3e),Assemblée nationale,11,,,,
victor_brial,Victor Brial,Victor Brial,,,,RPR,rpr,area/wallis_et_futuna_(1re),Wallis et Futuna (1re),Assemblée nationale,11,,,,
victor_ringeisen,Victor Ringeisen,Victor Ringeisen,,,,RPR,rpr,area/calvados_(2e),Calvados (2e),Assemblée nationale,11,,,,
Q204187,Vincent Burroni,"Burroni, Vincent",,,,PS,ps,area/bouches-du-rhône_(12e),Bouches-du-Rhône (12e),Assemblée nationale,11,,,,male
vincent_peillon,Vincent Peillon,Vincent Peillon,,,,PS,ps,area/somme_(3e),Somme (3e),Assemblée nationale,11,,,,
véronique_neiertz,Véronique Neiertz,Véronique Neiertz,,,,PS,ps,area/seine-saint-denis_(9e),Seine-Saint-Denis (9e),Assemblée nationale,11,,,,
xavier_deniau,Xavier Deniau,Xavier Deniau,,,,RPR,rpr,area/loiret_(4e),Loiret (4e),Assemblée nationale,11,,,,
Q2507343,Yann Galut,"Galut, Yann",,yanngalut,YANN.GALUT.18,PS,ps,area/cher_(3e),Cher (3e),Assemblée nationale,11,,,,male
yves_boisseau,Yves Boisseau,Yves Boisseau,,,,RPR,rpr,area/calvados_(4e),Calvados (4e),Assemblée nationale,11,,,,
yves_bur,Yves Bur,Yves Bur,,,,UDF,udf,area/bas-rhin_(4e),Bas-Rhin (4e),Assemblée nationale,11,,,,
yves_coussain,Yves Coussain,Yves Coussain,,,,UDF,udf,area/cantal_(1re),Cantal (1re),Assemblée nationale,11,,,,
yves_dauge,Yves Dauge,Yves Dauge,,,,PS,ps,area/indre-et-loire_(4e),Indre-et-Loire (4e),Assemblée nationale,11,,,,
yves_deniaud,Yves Deniaud,Yves Deniaud,,,,RPR,rpr,area/orne_(1re),Orne (1re),Assemblée nationale,11,,,,
yves_durand,Yves Durand,"Durand, Yves",,,,PS,ps,area/nord_(11e),Nord (11e),Assemblée nationale,11,,,,
Q2482462,Yves Fromion,"Fromion, Yves",,,,RPR,rpr,area/cher_(1re),Cher (1re),Assemblée nationale,11,,,,male
Q3573878,Yves Nicolin,"Nicolin, Yves",,,,DL,dl,area/loire_(5e),Loire (5e),Assemblée nationale,11,,,https://upload.wikimedia.org/wikipedia/commons/4/40/Yves_Nicolin.JPG,male
yves_rome,Yves Rome,Yves Rome,,,,PS,ps,area/oise_(1re),Oise (1re),Assemblée nationale,11,,,,
yves_tavernier,Yves Tavernier,Yves Tavernier,,,,PS,ps,area/essonne_(3e),Essonne (3e),Assemblée nationale,11,,,,
yvette_benayoun-nakache,Yvette Benayoun-Nakache,Yvette Benayoun-Nakache,,,,PS,ps,area/haute-garonne_(4e),Haute-Garonne (4e),Assemblée nationale,11,,,,
yvette_roudy,Yvette Roudy,Yvette Roudy,,,,PS,ps,area/calvados_(3e),Calvados (3e),Assemblée nationale,11,,,,
yvon_abiven,Yvon Abiven,Yvon Abiven,,,,PS,ps,area/finistère_(4e),Finistère (4e),Assemblée nationale,11,,,,
yvon_montané,Yvon Montané,Yvon Montané,,,,PS,ps,area/gers_(2e),Gers (2e),Assemblée nationale,11,,,,
Édouard_balladur,Édouard Balladur,Édouard Balladur,,,,RPR,rpr,area/paris_(12e),Paris (12e),Assemblée nationale,11,,,,
Édouard_landrain,Édouard Landrain,Édouard Landrain,,,,UDF,udf,area/loire-atlantique_(5e),Loire-Atlantique (5e),Assemblée nationale,11,,,,
Élie_hoarau,Élie Hoarau,Élie Hoarau,,,,RCV,rcv,area/la_réunion_(4e),La Réunion (4e),Assemblée nationale,11,,,,
Émile_blessig,Émile Blessig,Émile Blessig,,,,UDF,udf,area/bas-rhin_(7e),Bas-Rhin (7e),Assemblée nationale,11,,,,
Émile_vernaudon,Émile Vernaudon,Émile Vernaudon,,,,RCV,rcv,area/polynésie_française_(2e),Polynésie française (2e),Assemblée nationale,11,,,,
Éric_besson,Éric Besson,Éric Besson,,,,PS,ps,area/drôme_(2e),Drôme (2e),Assemblée nationale,11,,,,
Éric_doligé,Éric Doligé,Éric Doligé,,,,RPR,rpr,area/loiret_(2e),Loiret (2e),Assemblée nationale,11,,,,
Étienne_pinte,Étienne Pinte,Étienne Pinte,,,,RPR,rpr,area/yvelines_(1re),Yvelines (1re),Assemblée nationale,11,,,,
