id,name,sort_name,email,twitter,facebook,group,group_id,area_id,area,chamber,term,start_date,end_date,image,gender
Q2821393,Abdoulkader Moussa Ali,Abdoulkader Moussa Ali,,,,UD-Ve,ud-ve,area/territoire_français_des_afars_et_des_issas,Territoire français des Afars et des Issas,Assemblée nationale,3,,,,male
Q340241,Achille Peretti,Achille Peretti,,,,UD-Ve,ud-ve,area/hauts-de-seine,Hauts-de-Seine,Assemblée nationale,3,,,,male
Q3511006,Ahmed Mohamed,Ahmed Mohamed,,,,UD-Ve,ud-ve,area/comores,Comores,Assemblée nationale,3,,,,male
Q223955,Aimé Césaire,Aimé Césaire,,,,Non Inscrit,non_inscrit,area/martinique,Martinique,Assemblée nationale,3,,,https://upload.wikimedia.org/wikipedia/commons/f/fd/Panthéon_Aimé_Césaire.JPG,male
Q2828081,Aimé Paquet,Aimé Paquet,,,,RI,ri,area/isère,Isère,Assemblée nationale,3,,,,male
Q2829881,Alain Griotteray,Alain Griotteray,,,,RI,ri,area/val-de-marne,Val-de-Marne,Assemblée nationale,3,,,,male
Q929334,Alain Peyrefitte,Alain Peyrefitte,,,,UD-Ve,ud-ve,area/seine-et-marne,Seine-et-Marne,Assemblée nationale,3,,,https://upload.wikimedia.org/wikipedia/commons/7/79/Alain_Peyrefitte.jpg,male
Q2830315,Alain Terrenoire,Alain Terrenoire,,,,UD-Ve,ud-ve,area/loire,Loire,Assemblée nationale,3,,,,male
Q8310248,Albert Bignon,Albert Bignon,,,,UD-Ve,ud-ve,area/charente-maritime,Charente-Maritime,Assemblée nationale,3,,,,male
Q2831019,Albert Catalifaud,Albert Catalifaud,,,,UD-Ve,ud-ve,area/aisne,Aisne,Assemblée nationale,3,,,,male
Q2831106,Albert Denvers,Albert Denvers,,,,FGDS,fgds,area/nord,Nord,Assemblée nationale,3,,,https://upload.wikimedia.org/wikipedia/commons/c/c2/Albert_Denvers.JPG,male
Q2831144,Albert Ehm,Albert Ehm,,,,UD-Ve,ud-ve,area/bas-rhin,Bas-Rhin,Assemblée nationale,3,,,,male
Q19630026,Albert Fouet,Albert Fouet,,,,FGDS,fgds,area/sarthe,Sarthe,Assemblée nationale,3,,,,male
Q2831629,Albert Voilquin,Albert Voilquin,,,,RI,ri,area/vosges,Vosges,Assemblée nationale,3,,,,male
Q4711884,Albertine Baclet,Albertine Baclet,,,,UD-Ve,ud-ve,area/guadeloupe,Guadeloupe,Assemblée nationale,3,,,,female
Q1193378,Albin Chalandon,Albin Chalandon,,,,UD-Ve,ud-ve,area/hauts-de-seine,Hauts-de-Seine,Assemblée nationale,3,,,,male
Q2834594,Alexis Méhaignerie,Alexis Méhaignerie,,,,PDM,pdm,area/ille-et-vilaine,Ille-et-Vilaine,Assemblée nationale,3,,,,male
Q2835515,Alfred Westphal,Alfred Westphal,,,,UD-Ve,ud-ve,area/bas-rhin,Bas-Rhin,Assemblée nationale,3,,,,male
Q19344594,Alphonse Jenn,Alphonse Jenn,,,,UD-Ve,ud-ve,area/haut-rhin,Haut-Rhin,Assemblée nationale,3,,,,male
Q2847242,André Beauguitte,André Beauguitte,,,,RI,ri,area/meuse,Meuse,Assemblée nationale,3,,,,male
Q517072,André Bettencourt,André Bettencourt,,,,RI,ri,area/seine-maritime,Seine-Maritime,Assemblée nationale,3,,,https://upload.wikimedia.org/wikipedia/commons/a/ab/André_Bettencourt_in_Romania.JPG,male
Q517196,André Bord,André Bord,,,,UD-Ve,ud-ve,area/bas-rhin,Bas-Rhin,Assemblée nationale,3,,,https://upload.wikimedia.org/wikipedia/commons/2/21/Jacques_Chirac_et_André_Bord_par_Claude_Truong-Ngoc_septembre_1980.jpg,male
Q2847355,André Boulloche,André Boulloche,,,,FGDS,fgds,area/doubs,Doubs,Assemblée nationale,3,,,https://upload.wikimedia.org/wikipedia/commons/8/8c/AndreBoullocheMort.jpg,male
Q2847391,André Brugerolle,André Brugerolle,,,,PDM,pdm,area/charente-maritime,Charente-Maritime,Assemblée nationale,3,,,,male
Q674260,André Chandernagor,André Chandernagor,,,,FGDS,fgds,area/creuse,Creuse,Assemblée nationale,3,,,https://upload.wikimedia.org/wikipedia/commons/3/38/CHANDERNAGOR_Andre.jpg,male
Q2847512,André Chazalon,André Chazalon,,,,PDM,pdm,area/loire,Loire,Assemblée nationale,3,,,,male
Q2847627,André Delelis,André Delelis,,,,FGDS,fgds,area/pas-de-calais,Pas-de-Calais,Assemblée nationale,3,,,,male
Q518421,André Duroméa,André Duroméa,,,,PCF,pcf,area/seine-maritime,Seine-Maritime,Assemblée nationale,3,,,"https://upload.wikimedia.org/wikipedia/commons/a/a7/Le_Havre_(France),_plaque_of_mayor_André_Duroméa.JPG",male
Q2847739,André Fanton,André Fanton,,,,UD-Ve,ud-ve,area/paris,Paris,Assemblée nationale,3,,,https://upload.wikimedia.org/wikipedia/commons/1/1b/Andre_FANTON.jpg,male
Q17350630,André Guerlin,André Guerlin,,,,FGDS,fgds,area/hautes-pyrénées,Hautes-Pyrénées,Assemblée nationale,3,,,,male
Q2847989,André Jarrot,André Jarrot,,,,UD-Ve,ud-ve,area/saône-et-loire,Saône-et-Loire,Assemblée nationale,3,,,,male
Q520375,André Labarrère,André Labarrère,,,,FGDS,fgds,area/basses-pyrénées,Basses-Pyrénées,Assemblée nationale,3,,,,male
Q15971900,André Lebon,André Lebon,,,,FGDS,fgds,area/ardennes,Ardennes,Assemblée nationale,3,,,,male
Q2848230,André Mancey,André Mancey,,,,PCF,pcf,area/pas-de-calais,Pas-de-Calais,Assemblée nationale,3,,,,male
Q19629763,André Picquot,André Picquot,,,,RI,ri,area/meurthe-et-moselle,Meurthe-et-Moselle,Assemblée nationale,3,,,,male
Q2848503,André Raust,André Raust,,,,FGDS,fgds,area/tarn,Tarn,Assemblée nationale,3,,,,male
Q17350871,André Rey,André Rey,,,,FGDS,fgds,area/haute-garonne,Haute-Garonne,Assemblée nationale,3,,,,male
Q2848571,André Rossi,André Rossi,,,,PDM,pdm,area/aisne,Aisne,Assemblée nationale,3,,,https://upload.wikimedia.org/wikipedia/commons/7/7c/Chézy-sur-Marne-FR-02-A-08.jpg,male
Q2848573,André Rousselet,André Rousselet,,,,FGDS,fgds,area/haute-garonne,Haute-Garonne,Assemblée nationale,3,,,,male
Q2848602,André Salardaine,André Salardaine,,,,UD-Ve,ud-ve,area/charente-maritime,Charente-Maritime,Assemblée nationale,3,,,,male
Q2848711,André Tourné,André Tourné,,,,PCF,pcf,area/pyrénées-orientales,Pyrénées-Orientales,Assemblée nationale,3,,,,male
Q2847047,André-Georges Voisin,André-Georges Voisin,,,,UD-Ve,ud-ve,area/indre-et-loire,Indre-et-Loire,Assemblée nationale,3,,,,male
Q2853755,Antoine Caill,Antoine Caill,,,,UD-Ve,ud-ve,area/finistère,Finistère,Assemblée nationale,3,,,,male
Q17350999,Antonin Ver,Antonin Ver,,,,FGDS,fgds,area/tarn-et-garonne,Tarn-et-Garonne,Assemblée nationale,3,,,,male
Q2864439,Arsène Boulay,Arsène Boulay,,,,FGDS,fgds,area/puy-de-dôme,Puy-de-Dôme,Assemblée nationale,3,,,,male
Q2865054,Arthur Cornette,Arthur Cornette,,,,FGDS,fgds,area/nord,Nord,Assemblée nationale,3,,,,male
Q2865263,Arthur Musmeaux,Arthur Musmeaux,,,,PCF,pcf,area/nord,Nord,Assemblée nationale,3,,,,male
Q2865270,Arthur Notebart,Arthur Notebart,,,,FGDS,fgds,area/nord,Nord,Assemblée nationale,3,,,,male
Q2865300,Arthur Ramette,Arthur Ramette,,,,PCF,pcf,area/nord,Nord,Assemblée nationale,3,,,https://upload.wikimedia.org/wikipedia/commons/e/e1/Arthur_Ramette_1932.jpg,male
Q2871139,Auguste Damette,Auguste Damette,,,,UD-Ve,ud-ve,area/nord,Nord,Assemblée nationale,3,,,,male
Q2871537,Augustin Bordage,Augustin Bordage,,,,UD-Ve,ud-ve,area/deux-sèvres,Deux-Sèvres,Assemblée nationale,3,,,,male
Q2871547,Augustin Chauvet,Augustin Chauvet,,,,UD-Ve,ud-ve,area/cantal,Cantal,Assemblée nationale,3,,,,male
Q2874910,Aymar Achille-Fould,Aymar Achille-Fould,,,,PDM,pdm,area/gironde,Gironde,Assemblée nationale,3,,,,male
Q810647,Bastien Leccia,Bastien Leccia,,,,FGDS,fgds,area/bouches-du-rhône,Bouches-du-Rhône,Assemblée nationale,3,,,,male
Q817425,Benjamin Brial,Benjamin Brial,,,,UD-Ve,ud-ve,area/wallis-et-futuna,Wallis-et-Futuna,Assemblée nationale,3,,,,male
Q18744850,Benoît Macquet,Benoît Macquet,,,,UD-Ve,ud-ve,area/loire-atlantique,Loire-Atlantique,Assemblée nationale,3,,,,male
Q2897686,Bernard Chochoy,Bernard Chochoy,,,,FGDS,fgds,area/pas-de-calais,Pas-de-Calais,Assemblée nationale,3,,,,male
Q2897714,Bernard Cornut-Gentille,Bernard Cornut-Gentille,,,,Non Inscrit,non_inscrit,area/alpes-maritimes,Alpes-Maritimes,Assemblée nationale,3,,,,male
Q2897794,Bernard Destremau,Bernard Destremau,,,,RI,ri,area/yvelines,Yvelines,Assemblée nationale,3,,,"https://upload.wikimedia.org/wikipedia/commons/6/6b/Davis_Cup,_French_team,_1936.jpg",male
Q2898142,Bernard Lafay,Bernard Lafay,,,,PDM,pdm,area/paris,Paris,Assemblée nationale,3,,,,male
bernard_lepeu,Bernard Lepeu,Bernard Lepeu,,,,UD-Ve,ud-ve,area/paris,Paris,Assemblée nationale,3,,,,
Q2898296,Bernard Marie,Bernard Marie,,,,UD-Ve,ud-ve,area/pyrénées-atlantiques,Pyrénées-Atlantiques,Assemblée nationale,3,,,,male
Q17350848,Bernard Pieds,Bernard Pieds,,,,FGDS,fgds,area/aube,Aube,Assemblée nationale,3,,,,male
Q2898459,Bernard Pons,Bernard Pons,,,,UD-Ve,ud-ve,area/lot,Lot,Assemblée nationale,3,,,,male
Q2899503,Bertrand Denis,Bertrand Denis,,,,RI,ri,area/mayenne,Mayenne,Assemblée nationale,3,,,,male
Q2899529,Bertrand Flornoy,Bertrand Flornoy,,,,UD-Ve,ud-ve,area/seine-et-marne,Seine-et-Marne,Assemblée nationale,3,,,https://upload.wikimedia.org/wikipedia/commons/9/9d/Bertrand_Flornoy.jpg,male
Q2935038,Camille Petit,Camille Petit,,,,UD-Ve,ud-ve,area/martinique,Martinique,Assemblée nationale,3,,,,male
Q2958585,Charles Bosson,Charles Bosson,,,,PDM,pdm,area/haute-savoie,Haute-Savoie,Assemblée nationale,3,,,,male
Q2958879,Charles Deprez,Charles Deprez,,,,RI,ri,area/hauts-de-seine,Hauts-de-Seine,Assemblée nationale,3,,,,male
Q17350714,Charles Lamarque-Cando,Charles Lamarque-Cando,,,,FGDS,fgds,area/landes,Landes,Assemblée nationale,3,,,,male
Q2959891,Charles Naveau,Charles Naveau,,,,FGDS,fgds,area/nord,Nord,Assemblée nationale,3,,,,male
Q16798537,Charles Privat,Charles Privat,,,,FGDS,fgds,area/bouches-du-rhône,Bouches-du-Rhône,Assemblée nationale,3,,,,male
Q2960546,Charles de Chambrun,Charles de Chambrun,,,,UD-Ve,ud-ve,area/lozère,Lozère,Assemblée nationale,3,,,,male
Q16026933,Charles-Émile Loo,Charles-Émile Loo,,,,FGDS,fgds,area/bouches-du-rhône,Bouches-du-Rhône,Assemblée nationale,3,,,,male
Q2965060,Christian Bonnet,Christian Bonnet,,,,RI,ri,area/morbihan,Morbihan,Assemblée nationale,3,,,,male
Q19607208,Christian Chauvel,Christian Chauvel,,,,FGDS,fgds,area/loire-atlantique,Loire-Atlantique,Assemblée nationale,3,,,,male
Q1079532,Christian Fouchet,Christian Fouchet,,,,UD-Ve,ud-ve,area/meurthe-et-moselle,Meurthe-et-Moselle,Assemblée nationale,3,,,,male
Q714774,Christian Poncelet,Christian Poncelet,,,,UD-Ve,ud-ve,area/vosges,Vosges,Assemblée nationale,3,,,https://upload.wikimedia.org/wikipedia/commons/9/97/Christian_Poncelet_par_Claude_Truong-Ngoc_octobre_2013.jpg,male
Q2965727,Christian de La Malène,Christian de La Malène,,,,UD-Ve,ud-ve,area/paris,Paris,Assemblée nationale,3,,,,male
Q2975131,Claire Vergnaud,Claire Vergnaud,,,,PCF,pcf,area/paris,Paris,Assemblée nationale,3,,,,female
Q2977267,Claude Delorme,Claude Delorme,,,,FGDS,fgds,area/basses-alpes,Basses-Alpes,Assemblée nationale,3,,,,male
Q2977355,Claude Estier,Claude Estier,,,,FGDS,fgds,area/paris,Paris,Assemblée nationale,3,,,"https://upload.wikimedia.org/wikipedia/commons/1/1a/Claude_Estier_(19e_Maghreb_des_Livres,_Paris,_16_fév._2013).jpg",male
Q2977627,Claude Labbé,Claude Labbé,,,,UD-Ve,ud-ve,area/hauts-de-seine,Hauts-de-Seine,Assemblée nationale,3,,,,male
Q16540290,Claude Peyret,Claude Peyret,,,,UD-Ve,ud-ve,area/vienne,Vienne,Assemblée nationale,3,,,,male
Q2978097,Claude Roux,Claude Roux,,,,UD-Ve,ud-ve,area/paris,Paris,Assemblée nationale,3,,,,male
Q18744937,Colette Privat,Colette Privat,,,,PCF,pcf,area/seine-maritime,Seine-Maritime,Assemblée nationale,3,,,,female
Q18744707,César Depietri,César Depietri,,,,PCF,pcf,area/moselle,Moselle,Assemblée nationale,3,,,,male
Q3013711,Daniel Benoist,Daniel Benoist,,,,FGDS,fgds,area/nièvre,Nièvre,Assemblée nationale,3,,,,male
Q17350532,Daniel Daviaud,Daniel Daviaud,,,,FGDS,fgds,area/charente-maritime,Charente-Maritime,Assemblée nationale,3,,,,male
Q16250413,Didier Eloy,Didier Eloy,,,,PCF,pcf,area/nord,Nord,Assemblée nationale,3,,,,male
Q3027066,Didier Julia,Didier Julia,,,,UD-Ve,ud-ve,area/seine-et-marne,Seine-et-Marne,Assemblée nationale,3,,,,male
Q327013,Edgar Faure,Edgar Faure,,,,UD-Ve,ud-ve,area/doubs,Doubs,Assemblée nationale,3,,,https://upload.wikimedia.org/wikipedia/commons/a/a4/Edgar_Faure.jpg,male
Q1284283,Edgard Pisani,Edgard Pisani,,,,UD-Ve,ud-ve,area/maine-et-loire,Maine-et-Loire,Assemblée nationale,3,,,https://upload.wikimedia.org/wikipedia/commons/0/00/Edgard_Pisani.jpg,male
Q3047759,Edmond Borocco,Edmond Borocco,,,,UD-Ve,ud-ve,area/haut-rhin,Haut-Rhin,Assemblée nationale,3,,,,male
Q3047765,Edmond Bricout,Edmond Bricout,,,,UD-Ve,ud-ve,area/aisne,Aisne,Assemblée nationale,3,,,,male
Q3047801,Edmond Desouches,Edmond Desouches,,,,FGDS,fgds,area/eure-et-loir,Eure-et-Loir,Assemblée nationale,3,,,,male
Q3047833,Edmond Garcin,Edmond Garcin,,,,PCF,pcf,area/bouches-du-rhône,Bouches-du-Rhône,Assemblée nationale,3,,,,male
Q871444,Edmond Michelet,Edmond Michelet,,,,UD-Ve,ud-ve,area/finistère,Finistère,Assemblée nationale,3,,,,male
Q16631490,Edmond Nessler,Edmond Nessler,,,,UD-Ve,ud-ve,area/oise,Oise,Assemblée nationale,3,,,,male
Q3059775,Eugène Claudius-Petit,Eugène Claudius-Petit,,,,PDM,pdm,area/loire,Loire,Assemblée nationale,3,,,,male
Q3069053,Fernand Berthouin,Fernand Berthouin,,,,FGDS,fgds,area/indre-et-loire,Indre-et-Loire,Assemblée nationale,3,,,,male
Q3069103,Fernand Darchicourt,Fernand Darchicourt,,,,FGDS,fgds,area/pas-de-calais,Pas-de-Calais,Assemblée nationale,3,,,,male
Q3069133,Fernand Dupuy,Fernand Dupuy,,,,PCF,pcf,area/val-de-marne,Val-de-Marne,Assemblée nationale,3,,,,male
Q3069182,Fernand Grenier,Fernand Grenier,,,,PCF,pcf,area/seine-saint-denis,Seine-Saint-Denis,Assemblée nationale,3,,,,male
Q3069258,Fernand Marin,Fernand Marin,,,,PCF,pcf,area/vaucluse,Vaucluse,Assemblée nationale,3,,,,male
Q3069328,Fernand Sauzedde,Fernand Sauzedde,,,,FGDS,fgds,area/puy-de-dôme,Puy-de-Dôme,Assemblée nationale,3,,,,male
Q3081627,Francis Palmero,Francis Palmero,,,,PDM,pdm,area/alpes-maritimes,Alpes-Maritimes,Assemblée nationale,3,,,,male
Q3081680,Francis Sanford,Francis Sanford,,,,RI,ri,area/polynésie_française,Polynésie française,Assemblée nationale,3,,,,male
Q3081722,Francis Vals,Francis Vals,,,,FGDS,fgds,area/aude,Aude,Assemblée nationale,3,,,,male
Q19607007,Franck Cazenave,Franck Cazenave,,,,PDM,pdm,area/gironde,Gironde,Assemblée nationale,3,,,,male
Q543324,François Billoux,François Billoux,,,,PCF,pcf,area/bouches-du-rhône,Bouches-du-Rhône,Assemblée nationale,3,,,,male
Q3084147,François Bénard,François Bénard,,,,UD-Ve,ud-ve,area/oise,Oise,Assemblée nationale,3,,,,male
Q1922541,François Gerbaud,François Gerbaud,,,,UD-Ve,ud-ve,area/indre,Indre,Assemblée nationale,3,,,,male
Q3084787,François Grussenmeyer,François Grussenmeyer,,,,UD-Ve,ud-ve,area/bas-rhin,Bas-Rhin,Assemblée nationale,3,,,,male
Q3085111,François Le Douarec,François Le Douarec,,,,UD-Ve,ud-ve,area/ille-et-vilaine,Ille-et-Vilaine,Assemblée nationale,3,,,,male
Q1278120,François Missoffe,François Missoffe,,,,UD-Ve,ud-ve,area/paris,Paris,Assemblée nationale,3,,,,male
Q2038,François Mitterrand,François Mitterrand,,,,FGDS,fgds,area/nièvre,Nièvre,Assemblée nationale,3,,,https://upload.wikimedia.org/wikipedia/commons/f/f1/Reagan_Mitterrand_1984_(cropped).jpg,male
Q365413,Félix Gaillard,Félix Gaillard,,,,FGDS,fgds,area/charente,Charente,Assemblée nationale,3,,,,male
Q15973916,Gabriel Bouthière,Gabriel Bouthière,,,,FGDS,fgds,area/saône-et-loire,Saône-et-Loire,Assemblée nationale,3,,,,male
Q3093805,Gabriel Kaspereit,Gabriel Kaspereit,,,,UD-Ve,ud-ve,area/paris,Paris,Assemblée nationale,3,,,https://upload.wikimedia.org/wikipedia/commons/6/64/Gabriel_Kaspéreit_1.jpg,male
Q3093842,Gabriel Macé,Gabriel Macé,,,,UD-Ve,ud-ve,area/la_réunion,La Réunion,Assemblée nationale,3,,,,male
Q3093879,Gabriel Miossec,Gabriel Miossec,,,,UD-Ve,ud-ve,area/finistère,Finistère,Assemblée nationale,3,,,,male
Q3093922,Gabriel Péronnet,Gabriel Péronnet,,,,FGDS,fgds,area/allier,Allier,Assemblée nationale,3,,,https://upload.wikimedia.org/wikipedia/commons/3/3f/Mondevert.png,male
Q3094024,Gabriel de Poulpiquet,Gabriel de Poulpiquet,,,,UD-Ve,ud-ve,area/finistère,Finistère,Assemblée nationale,3,,,,male
Q608815,Gaston Defferre,Gaston Defferre,,,,FGDS,fgds,area/bouches-du-rhône,Bouches-du-Rhône,Assemblée nationale,3,,,https://upload.wikimedia.org/wikipedia/commons/4/4d/Gaston_Defferre.jpg,male
Q16638705,Gaston Perrot,Gaston Perrot,,,,UD-Ve,ud-ve,area/yonne,Yonne,Assemblée nationale,3,,,,male
Q1262453,Georges Bonnet,Georges Bonnet,,,,FGDS,fgds,area/dordogne,Dordogne,Assemblée nationale,3,,,https://upload.wikimedia.org/wikipedia/commons/2/23/Georges_Bonnet_1937.jpg,male
Q3102346,Georges Bourgeois,Georges Bourgeois,,,,UD-Ve,ud-ve,area/haut-rhin,Haut-Rhin,Assemblée nationale,3,,,,male
Q3102399,Georges Bustin,Georges Bustin,,,,PCF,pcf,area/nord,Nord,Assemblée nationale,3,,,,male
Q983406,Georges Carpentier,Georges Carpentier,,,,FGDS,fgds,area/loire-atlantique,Loire-Atlantique,Assemblée nationale,3,,,https://upload.wikimedia.org/wikipedia/commons/2/29/Georges_Carpentier_1914.jpg,male
Q3102558,Georges Dayan,Georges Dayan,,,,FGDS,fgds,area/gard,Gard,Assemblée nationale,3,,,,male
Q16259816,Georges Delatre,Georges Delatre,,,,UD-Ve,ud-ve,area/seine-maritime,Seine-Maritime,Assemblée nationale,3,,,,male
Q17177090,Georges Delpech,Georges Delpech,,,,FGDS,fgds,area/haute-garonne,Haute-Garonne,Assemblée nationale,3,,,,male
Q532221,Georges Fillioud,Georges Fillioud,,,,FGDS,fgds,area/drôme,Drôme,Assemblée nationale,3,,,,male
Q3102795,Georges Gorse,Georges Gorse,,,,UD-Ve,ud-ve,area/hauts-de-seine,Hauts-de-Seine,Assemblée nationale,3,,,,male
Q3102791,Georges Gosnat,Georges Gosnat,,,,PCF,pcf,area/val-de-marne,Val-de-Marne,Assemblée nationale,3,,,,male
Q2265163,Georges Guille,Georges Guille,,,,FGDS,fgds,area/aude,Aude,Assemblée nationale,3,,,,male
Q1508990,Georges Lombard,Georges Lombard,,,,PDM,pdm,area/finistère,Finistère,Assemblée nationale,3,,,,male
Q3103332,Georges Pianta,Georges Pianta,,,,RI,ri,area/haute-savoie,Haute-Savoie,Assemblée nationale,3,,,,male
Q2185,Georges Pompidou,Georges Pompidou,,,,UD-Ve,ud-ve,area/cantal,Cantal,Assemblée nationale,3,,,https://upload.wikimedia.org/wikipedia/commons/2/2a/Georges_Pompidou_-_Bundesarchiv_B_145_Bild-F020538-0006.jpg,male
Q3103414,Georges Ritter,Georges Ritter,,,,UD-Ve,ud-ve,area/bas-rhin,Bas-Rhin,Assemblée nationale,3,,,,male
Q1228890,Georges Spénale,Georges Spénale,,,,FGDS,fgds,area/tarn,Tarn,Assemblée nationale,3,,,,male
Q17580182,Georges Thomas,Georges Thomas,,,,UD-Ve,ud-ve,area/moselle,Moselle,Assemblée nationale,3,,,,male
Q17351009,Georges Vinson,Georges Vinson,,,,FGDS,fgds,area/rhône,Rhône,Assemblée nationale,3,,,,male
Q3104145,Germain Sprauer,Germain Sprauer,,,,UD-Ve,ud-ve,area/bas-rhin,Bas-Rhin,Assemblée nationale,3,,,,male
Q17496921,Gilbert Faure,Gilbert Faure,,,,FGDS,fgds,area/ariège,Ariège,Assemblée nationale,3,,,,male
Q3105790,Gilbert Millet,Gilbert Millet,,,,PCF,pcf,area/gard,Gard,Assemblée nationale,3,,,,male
Q3105870,Gilbert Sénès,Gilbert Sénès,,,,FGDS,fgds,area/hérault,Hérault,Assemblée nationale,3,,,,male
Q3121735,Guy Desson,Guy Desson,,,,FGDS,fgds,area/ardennes,Ardennes,Assemblée nationale,3,,,,male
Q3121742,Guy Ducoloné,Guy Ducoloné,,,,PCF,pcf,area/hauts-de-seine,Hauts-de-Seine,Assemblée nationale,3,,,,male
Q314006,Guy Mollet,Guy Mollet,,,,FGDS,fgds,area/pas-de-calais,Pas-de-Calais,Assemblée nationale,3,,,https://upload.wikimedia.org/wikipedia/commons/3/35/Guy_Mollet.jpg,male
Q16027189,Guy Rabourdin,Guy Rabourdin,,,,UD-Ve,ud-ve,area/seine-et-marne,Seine-et-Marne,Assemblée nationale,3,,,,male
Q3122123,Guy Sabatier,Guy Sabatier,,,,UD-Ve,ud-ve,area/aisne,Aisne,Assemblée nationale,3,,,,male
Q3122257,Guy de La Verpillière,Guy de La Verpillière,,,,RI,ri,area/ain,Ain,Assemblée nationale,3,,,,male
Q3122307,Guy Ébrard,Guy Ébrard,,,,FGDS,fgds,area/basses-pyrénées,Basses-Pyrénées,Assemblée nationale,3,,,,male
Q19344571,Gérard Lehn,Gérard Lehn,,,,UD-Ve,ud-ve,area/bas-rhin,Bas-Rhin,Assemblée nationale,3,,,,male
Q3124380,Gérard Yvon,Gérard Yvon,,,,FGDS,fgds,area/loir-et-cher,Loir-et-Cher,Assemblée nationale,3,,,,male
Q3129275,Hector Riviérez,Hector Riviérez,,,,UD-Ve,ud-ve,area/guyane,Guyane,Assemblée nationale,3,,,,male
Q3130637,Henri Baudouin,Henri Baudouin,,,,UD-Ve,ud-ve,area/manche,Manche,Assemblée nationale,3,,,,male
Q3130693,Henri Blary,Henri Blary,,,,UD-Ve,ud-ve,area/nord,Nord,Assemblée nationale,3,,,,male
Q3130375,Henri Buot,Henri Buot,,,,UD-Ve,ud-ve,area/calvados,Calvados,Assemblée nationale,3,,,,male
Q3130913,Henri Darras,Henri Darras,,,,FGDS,fgds,area/pas-de-calais,Pas-de-Calais,Assemblée nationale,3,,,,male
Q3130966,Henri Deschamps,Henri Deschamps,,,,FGDS,fgds,area/gironde,Gironde,Assemblée nationale,3,,,,male
Q3131008,Henri Duffaut,Henri Duffaut,,,,FGDS,fgds,area/vaucluse,Vaucluse,Assemblée nationale,3,,,,male
Q3131030,Henri Duterne,Henri Duterne,,,,UD-Ve,ud-ve,area/nord,Nord,Assemblée nationale,3,,,,male
Q3131034,Henri Duvillard,Henri Duvillard,,,,UD-Ve,ud-ve,area/loiret,Loiret,Assemblée nationale,3,,,https://upload.wikimedia.org/wikipedia/commons/9/99/Henriduvillard.jpeg,male
Q3131084,Henri Fiévez,Henri Fiévez,,,,PCF,pcf,area/nord,Nord,Assemblée nationale,3,,,,male
Q3131134,Henri Fréville,Henri Fréville,,,,PDM,pdm,area/ille-et-vilaine,Ille-et-Vilaine,Assemblée nationale,3,,,,male
Q19630039,Henri Guidet,Henri Guidet,,,,FGDS,fgds,area/pas-de-calais,Pas-de-Calais,Assemblée nationale,3,,,,male
henri_guillermin,Henri Guillermin,Henri Guillermin,,,,UD-Ve,ud-ve,area/rhône,Rhône,Assemblée nationale,3,,,,
Q3131430,Henri Lavielle,Henri Lavielle,,,,FGDS,fgds,area/landes,Landes,Assemblée nationale,3,,,,male
Q16641632,Henry Berger,Henry Berger,,,,UD-Ve,ud-ve,area/côte-d'or,Côte-d'Or,Assemblée nationale,3,,,,male
Q3132671,Henry Canacos,Henry Canacos,,,,PCF,pcf,area/val-d'oise,Val-d'Oise,Assemblée nationale,3,,,,male
Q3133029,Henry Rey,Henry Rey,,,,UD-Ve,ud-ve,area/loire-atlantique,Loire-Atlantique,Assemblée nationale,3,,,,male
Q3134552,Hervé Laudrin,Hervé Laudrin,,,,UD-Ve,ud-ve,area/morbihan,Morbihan,Assemblée nationale,3,,,,male
Q3136053,Hippolyte Ducos,Hippolyte Ducos,,,,FGDS,fgds,area/haute-garonne,Haute-Garonne,Assemblée nationale,3,,,"https://upload.wikimedia.org/wikipedia/commons/d/df/Hippolyte_Ducos,_Henri_Queuille,_1932.jpg",male
Q2364353,Hubert Ruffe,Hubert Ruffe,,,,PCF,pcf,area/lot-et-garonne,Lot-et-Garonne,Assemblée nationale,3,,,,male
Q3155325,Isidore Renouard,Isidore Renouard,,,,RI,ri,area/ille-et-vilaine,Ille-et-Vilaine,Assemblée nationale,3,,,,male
Q3157809,Jacqueline Thome-Patenôtre,Jacqueline Thome-Patenôtre,,,,FGDS,fgds,area/yvelines,Yvelines,Assemblée nationale,3,,,,female
Q455040,Jacques Barrot,Jacques Barrot,,,,PDM,pdm,area/haute-loire,Haute-Loire,Assemblée nationale,3,,,https://upload.wikimedia.org/wikipedia/commons/9/98/Jacques_Barrot.jpg,male
Q1242626,Jacques Baumel,Jacques Baumel,,,,UD-Ve,ud-ve,area/hauts-de-seine,Hauts-de-Seine,Assemblée nationale,3,,,,male
Q662517,Jacques Bordeneuve,Jacques Bordeneuve,,,,FGDS,fgds,area/lot-et-garonne,Lot-et-Garonne,Assemblée nationale,3,,,,male
Q12940,Jacques Chaban-Delmas,Jacques Chaban-Delmas,,,,UD-Ve,ud-ve,area/gironde,Gironde,Assemblée nationale,3,,,https://upload.wikimedia.org/wikipedia/commons/4/43/Jacques_Chaban-Delmas.jpg,male
Q3158488,Jacques Chambaz,Jacques Chambaz,,,,PCF,pcf,area/paris,Paris,Assemblée nationale,3,,,,male
Q2105,Jacques Chirac,Jacques Chirac,,,,UD-Ve,ud-ve,area/corrèze,Corrèze,Assemblée nationale,3,,,https://upload.wikimedia.org/wikipedia/commons/7/73/Jacques_Chirac_2.jpg,male
jacques_delong,Jacques Delong,Jacques Delong,,,,UD-Ve,ud-ve,area/haute-marne,Haute-Marne,Assemblée nationale,3,,,,
Q3158751,Jacques Dominati,Jacques Dominati,,,,RI,ri,area/paris,Paris,Assemblée nationale,3,,,,male
Q3158768,Jacques Douzans,Jacques Douzans,,,,Non Inscrit,non_inscrit,area/haute-garonne,Haute-Garonne,Assemblée nationale,3,,,,male
Q3158801,Jacques Duhamel,Jacques Duhamel,,,,PDM,pdm,area/jura,Jura,Assemblée nationale,3,,,,male
Q3158866,Jacques Faggianelli,Jacques Faggianelli,,,,UD-Ve,ud-ve,area/corse,Corse,Assemblée nationale,3,,,,male
Q3158906,Jacques Fouchier,Jacques Fouchier,,,,PDM,pdm,area/deux-sèvres,Deux-Sèvres,Assemblée nationale,3,,,,male
Q3159132,Jacques Hébert,Jacques Hébert,,,,UD-Ve,ud-ve,area/manche,Manche,Assemblée nationale,3,,,,male
Q3159399,Jacques Limouzy,Jacques Limouzy,,,,UD-Ve,ud-ve,area/tarn,Tarn,Assemblée nationale,3,,,,male
Q3159489,Jacques Marette,Jacques Marette,,,,UD-Ve,ud-ve,area/paris,Paris,Assemblée nationale,3,,,,male
Q3159495,Jacques Maroselli,Jacques Maroselli,,,,FGDS,fgds,area/haute-saône,Haute-Saône,Assemblée nationale,3,,,,male
Q3159523,Jacques Maugein,Jacques Maugein,,,,FGDS,fgds,area/gironde,Gironde,Assemblée nationale,3,,,,male
Q3159629,Jacques Médecin,Jacques Médecin,,,,PDM,pdm,area/alpes-maritimes,Alpes-Maritimes,Assemblée nationale,3,,,,male
Q3159871,Jacques Richard,Jacques Richard,,,,UD-Ve,ud-ve,area/val-d'oise,Val-d'Oise,Assemblée nationale,3,,,,male
Q3160103,Jacques Trorial,Jacques Trorial,,,,UD-Ve,ud-ve,area/meurthe-et-moselle,Meurthe-et-Moselle,Assemblée nationale,3,,,,male
Q3160150,Jacques Vendroux,Jacques Vendroux,,,,UD-Ve,ud-ve,area/pas-de-calais,Pas-de-Calais,Assemblée nationale,3,,,,male
Q3160195,Jacques Weinman,Jacques Weinman,,,,UD-Ve,ud-ve,area/doubs,Doubs,Assemblée nationale,3,,,,male
Q3158052,Jacques-Philippe Vendroux,Jacques-Philippe Vendroux,,,,UD-Ve,ud-ve,area/saint-pierre-et-miquelon,Saint-Pierre-et-Miquelon,Assemblée nationale,3,,,,male
Q3170502,Jean Bailly,Jean Bailly,,,,UD-Ve,ud-ve,area/territoire_de_belfort,Territoire de Belfort,Assemblée nationale,3,,,,male
Q3170754,Jean Bertrand,Jean Bertrand,,,,PCF,pcf,area/meurthe-et-moselle,Meurthe-et-Moselle,Assemblée nationale,3,,,,male
Q19606741,Jean Bichat,Jean Bichat,,,,RI,ri,area/meurthe-et-moselle,Meurthe-et-Moselle,Assemblée nationale,3,,,,male
Q3170818,Jean Boinvilliers,Jean Boinvilliers,,,,UD-Ve,ud-ve,area/cher,Cher,Assemblée nationale,3,,,,male
Q3170974,Jean Bozzi,Jean Bozzi,,,,UD-Ve,ud-ve,area/corse,Corse,Assemblée nationale,3,,,,male
jean_bénard,Jean Bénard,Jean Bénard,,,,PDM,pdm,area/indre,Indre,Assemblée nationale,3,,,,
Q3171209,Jean Chamant,Jean Chamant,,,,RI,ri,area/yonne,Yonne,Assemblée nationale,3,,,,male
Q3171452,Jean Coumaros,Jean Coumaros,,,,UD-Ve,ud-ve,area/moselle,Moselle,Assemblée nationale,3,,,,male
Q17177006,Jean Dardé,Jean Dardé,,,,FGDS,fgds,area/haute-garonne,Haute-Garonne,Assemblée nationale,3,,,,male
Q3171617,Jean Degraeve,Jean Degraeve,,,,UD-Ve,ud-ve,area/marne,Marne,Assemblée nationale,3,,,,male
Q3171625,Jean Delachenal,Jean Delachenal,,,,RI,ri,area/savoie,Savoie,Assemblée nationale,3,,,,male
Q3171655,Jean Delvainquière,Jean Delvainquière,,,,FGDS,fgds,area/nord,Nord,Assemblée nationale,3,,,,male
Q3171967,Jean Falala,Jean Falala,,,,UD-Ve,ud-ve,area/marne,Marne,Assemblée nationale,3,,,,male
Q19057881,Jean Favre,Jean Favre,,,,UD-Ve,ud-ve,area/haute-marne,Haute-Marne,Assemblée nationale,3,,,,male
Q1685524,Jean Foyer,Jean Foyer,,,,UD-Ve,ud-ve,area/maine-et-loire,Maine-et-Loire,Assemblée nationale,3,,,,male
Q19361013,Jean Lainé,Jean Lainé,,,,RI,ri,area/eure,Eure,Assemblée nationale,3,,,,male
Q3173239,Jean Lolive,Jean Lolive,,,,PCF,pcf,area/seine-saint-denis,Seine-Saint-Denis,Assemblée nationale,3,,,,male
Q646344,Jean Masse,Jean Masse,,,,FGDS,fgds,area/bouches-du-rhône,Bouches-du-Rhône,Assemblée nationale,3,,,,male
Q3173583,Jean Montalat,Jean Montalat,,,,FGDS,fgds,area/corrèze,Corrèze,Assemblée nationale,3,,,,male
Q3173625,Jean Moulin,Jean Moulin,,,,PDM,pdm,area/ardèche,Ardèche,Assemblée nationale,3,,,,male
Q3173754,Jean Nègre,Jean Nègre,,,,FGDS,fgds,area/allier,Allier,Assemblée nationale,3,,,,male
Q3174088,Jean Poudevigne,Jean Poudevigne,,,,PDM,pdm,area/gard,Gard,Assemblée nationale,3,,,,male
Q1685804,Jean Royer,Jean Royer,,,,Non Inscrit,non_inscrit,area/indre-et-loire,Indre-et-Loire,Assemblée nationale,3,,,,male
Q3174738,Jean Taittinger,Jean Taittinger,,,,UD-Ve,ud-ve,area/marne,Marne,Assemblée nationale,3,,,https://upload.wikimedia.org/wikipedia/commons/e/e8/Jean_Taittinger_Garde_des_Sceaux.jpg,male
Q17350986,Jean Valentin,Jean Valentin,,,,PDM,pdm,area/charente,Charente,Assemblée nationale,3,,,,male
Q3174934,Jean Valleix,Jean Valleix,,,,UD-Ve,ud-ve,area/gironde,Gironde,Assemblée nationale,3,,,,male
Q3175309,Jean de Broglie,Jean de Broglie,,,,RI,ri,area/eure,Eure,Assemblée nationale,3,,,,male
Q3175531,Jean de Lipkowski,Jean de Lipkowski,,,,UD-Ve,ud-ve,area/charente-maritime,Charente-Maritime,Assemblée nationale,3,,,,male
Q3175651,Jean de Préaumont,Jean de Préaumont,,,,UD-Ve,ud-ve,area/paris,Paris,Assemblée nationale,3,,,,male
Q2380158,Jean-Charles Lepidi,Jean-Charles Lepidi,,,,UD-Ve,ud-ve,area/paris,Paris,Assemblée nationale,3,,,,male
Q18744648,Jean-Louis Massoubre,Jean-Louis Massoubre,,,,UD-Ve,ud-ve,area/somme,Somme,Assemblée nationale,3,,,,male
Q3167613,Jean-Marie Commenay,Jean-Marie Commenay,,,,PDM,pdm,area/landes,Landes,Assemblée nationale,3,,,,male
Q3167778,Jean-Marie Poirier,Jean-Marie Poirier,,,,UD-Ve,ud-ve,area/val-de-marne,Val-de-Marne,Assemblée nationale,3,,,,male
Q3168634,Jean-Paul Palewski,Jean-Paul Palewski,,,,UD-Ve,ud-ve,area/yvelines,Yvelines,Assemblée nationale,3,,,,male
Q3168726,Jean-Paul de Rocca-Serra,Jean-Paul de Rocca-Serra,,,,UD-Ve,ud-ve,area/corse,Corse,Assemblée nationale,3,,,,male
Q3170113,Jean-Yves Chapalain,Jean-Yves Chapalain,,,,UD-Ve,ud-ve,area/sarthe,Sarthe,Assemblée nationale,3,,,,male
Q17350857,Jeannette Prin,Jeannette Prin,,,,PCF,pcf,area/pas-de-calais,Pas-de-Calais,Assemblée nationale,3,,,,female
Q3176268,Jeannil Dumortier,Jeannil Dumortier,,,,FGDS,fgds,area/pas-de-calais,Pas-de-Calais,Assemblée nationale,3,,,,male
Q325235,Joseph Fontanet,Joseph Fontanet,,,,PDM,pdm,area/savoie,Savoie,Assemblée nationale,3,,,,male
Q3184972,Joseph Frys,Joseph Frys,,,,UD-Ve,ud-ve,area/nord,Nord,Assemblée nationale,3,,,,male
Q3185498,Joseph Planeix,Joseph Planeix,,,,FGDS,fgds,area/puy-de-dôme,Puy-de-Dôme,Assemblée nationale,3,,,,male
Q3185581,Joseph Rosselli,Joseph Rosselli,,,,FGDS,fgds,area/rhône,Rhône,Assemblée nationale,3,,,https://upload.wikimedia.org/wikipedia/commons/2/28/Boulevard_Joseph-Rosselli_à_Belleville_(Rhône).JPG,male
Q3185623,Joseph Schaff,Joseph Schaff,,,,PDM,pdm,area/moselle,Moselle,Assemblée nationale,3,,,,male
Q3184299,Joseph-Henri Maujoüan du Gasset,Joseph-Henri Maujoüan du Gasset,,,,RI,ri,area/loire-atlantique,Loire-Atlantique,Assemblée nationale,3,,,,male
Q3187428,Joël Le Tac,Joël Le Tac,,,,UD-Ve,ud-ve,area/paris,Paris,Assemblée nationale,3,,,,male
Q728906,Joël Le Theule,Joël Le Theule,,,,UD-Ve,ud-ve,area/sarthe,Sarthe,Assemblée nationale,3,,,,male
Q3189415,Julien Cazelles,Julien Cazelles,,,,FGDS,fgds,area/var,Var,Assemblée nationale,3,,,,male
Q3189653,Julien Schvartz,Julien Schvartz,,,,UD-Ve,ud-ve,area/moselle,Moselle,Assemblée nationale,3,,,,male
Q3197941,Kléber Loustau,Kléber Loustau,,,,FGDS,fgds,area/loir-et-cher,Loir-et-Cher,Assemblée nationale,3,,,,male
Q15973704,Laurent Bilbeau,Laurent Bilbeau,,,,PCF,pcf,area/cher,Cher,Assemblée nationale,3,,,,male
Q3257407,Liévin Danel,Liévin Danel,,,,UD-Ve,ud-ve,area/nord,Nord,Assemblée nationale,3,,,,male
Q3261158,Louis Baillot,Louis Baillot,,,,PCF,pcf,area/paris,Paris,Assemblée nationale,3,,,,male
Q15973987,Louis Briot,Louis Briot,,,,UD-Ve,ud-ve,area/aube,Aube,Assemblée nationale,3,,,,male
Q3261530,Louis Christiaens,Louis Christiaens,,,,UD-Ve,ud-ve,area/nord,Nord,Assemblée nationale,3,,,,male
Q3261849,Louis Escande,Louis Escande,,,,FGDS,fgds,area/saône-et-loire,Saône-et-Loire,Assemblée nationale,3,,,,male
Q3261917,Louis Fourmond,Louis Fourmond,,,,PDM,pdm,area/mayenne,Mayenne,Assemblée nationale,3,,,,male
Q3262301,Louis Jacquinot,Louis Jacquinot,,,,UD-Ve,ud-ve,area/meuse,Meuse,Assemblée nationale,3,,,,male
Q822594,Louis Joxe,Louis Joxe,,,,UD-Ve,ud-ve,area/rhône,Rhône,Assemblée nationale,3,,,,male
Q19629767,Louis Le Sénéchal,Louis Le Sénéchal,,,,FGDS,fgds,area/pas-de-calais,Pas-de-Calais,Assemblée nationale,3,,,,male
Q3262549,Louis Longequeue,Louis Longequeue,,,,FGDS,fgds,area/haute-vienne,Haute-Vienne,Assemblée nationale,3,,,https://upload.wikimedia.org/wikipedia/commons/2/24/Louis_Longequeue.JPG,male
Q3262594,Louis Maisonnat,Louis Maisonnat,,,,PCF,pcf,area/isère,Isère,Assemblée nationale,3,,,,male
Q976492,Louis Mermaz,Louis Mermaz,,,,FGDS,fgds,area/isère,Isère,Assemblée nationale,3,,,https://upload.wikimedia.org/wikipedia/commons/8/8d/Louis_MERMAZ.jpg,male
Q3262816,Louis Odru,Louis Odru,,,,PCF,pcf,area/seine-saint-denis,Seine-Saint-Denis,Assemblée nationale,3,,,,male
Q3262827,Louis Orvoën,Louis Orvoën,,,,PDM,pdm,area/finistère,Finistère,Assemblée nationale,3,,,,male
Q1871919,Louis Philibert,Louis Philibert,,,,FGDS,fgds,area/bouches-du-rhône,Bouches-du-Rhône,Assemblée nationale,3,,,,male
Q3262923,Louis Pimont,Louis Pimont,,,,FGDS,fgds,area/dordogne,Dordogne,Assemblée nationale,3,,,,male
Q3262973,Louis Périllier,Louis Périllier,,,,FGDS,fgds,area/yonne,Yonne,Assemblée nationale,3,,,,male
Q3263036,Louis Roche-Defrance,Louis Roche-Defrance,,,,Non Inscrit,non_inscrit,area/ardèche,Ardèche,Assemblée nationale,3,,,,male
Q3263088,Louis Sallé,Louis Sallé,,,,UD-Ve,ud-ve,area/loiret,Loiret,Assemblée nationale,3,,,,male
Q1871995,Louis Terrenoire,Louis Terrenoire,,,,UD-Ve,ud-ve,area/orne,Orne,Assemblée nationale,3,,,,male
Q18744704,Louis-Alexis Delmas,Louis-Alexis Delmas,,,,UD-Ve,ud-ve,area/aveyron,Aveyron,Assemblée nationale,3,,,,male
Q19630040,Louis-Jean Delmas,Louis-Jean Delmas,,,,FGDS,fgds,area/tarn-et-garonne,Tarn-et-Garonne,Assemblée nationale,3,,,,male
Q18744878,Lucien Meunier,Lucien Meunier,,,,UD-Ve,ud-ve,area/ardennes,Ardennes,Assemblée nationale,3,,,,male
Q3265640,Lucien Milhau,Lucien Milhau,,,,FGDS,fgds,area/aude,Aude,Assemblée nationale,3,,,,male
Q3265654,Lucien Neuwirth,Lucien Neuwirth,,,,UD-Ve,ud-ve,area/loire,Loire,Assemblée nationale,3,,,https://upload.wikimedia.org/wikipedia/commons/e/e1/Lucienn.jpg,male
Q3265690,Lucien Richard,Lucien Richard,,,,UD-Ve,ud-ve,area/loire-atlantique,Loire-Atlantique,Assemblée nationale,3,,,,male
Q3265736,Lucien Villa,Lucien Villa,,,,PCF,pcf,area/paris,Paris,Assemblée nationale,3,,,,male
Q3270693,Léon Ayme,Léon Ayme,,,,FGDS,fgds,area/vaucluse,Vaucluse,Assemblée nationale,3,,,,male
Q3270958,Léon Feix,Léon Feix,,,,PCF,pcf,area/val-d'oise,Val-d'Oise,Assemblée nationale,3,,,,male
Q3288128,Marc Jacquet,Marc Jacquet,,,,UD-Ve,ud-ve,area/seine-et-marne,Seine-et-Marne,Assemblée nationale,3,,,,male
Q19361020,Marceau Laurent,Marceau Laurent,,,,FGDS,fgds,area/nord,Nord,Assemblée nationale,3,,,,male
Q3288613,Marcel Anthonioz,Marcel Anthonioz,,,,RI,ri,area/ain,Ain,Assemblée nationale,3,,,,male
marcel_beraud,Marcel Beraud,Marcel Beraud,,,,UD-Ve,ud-ve,area/pas-de-calais,Pas-de-Calais,Assemblée nationale,3,,,,
Q3288718,Marcel Bousseau,Marcel Bousseau,,,,UD-Ve,ud-ve,area/vendée,Vendée,Assemblée nationale,3,,,,male
Q3288780,Marcel Cerneau,Marcel Cerneau,,,,UD-Ve,ud-ve,area/la_réunion,La Réunion,Assemblée nationale,3,,,,male
Q160802,Marcel Dassault,Marcel Dassault,,,,UD-Ve,ud-ve,area/oise,Oise,Assemblée nationale,3,,,https://upload.wikimedia.org/wikipedia/commons/a/ac/Dassault_Marcel.jpg,male
Q3289013,Marcel Guyot,Marcel Guyot,,,,PCF,pcf,area/allier,Allier,Assemblée nationale,3,,,,male
Q3289032,Marcel Hoffer,Marcel Hoffer,,,,UD-Ve,ud-ve,area/vosges,Vosges,Assemblée nationale,3,,,,male
Q3289038,Marcel Houël,Marcel Houël,,,,PCF,pcf,area/rhône,Rhône,Assemblée nationale,3,,,,male
Q3289135,Marcel Lemoine,Marcel Lemoine,,,,PCF,pcf,area/indre,Indre,Assemblée nationale,3,,,,male
Q3289210,Marcel Massot,Marcel Massot,,,,FGDS,fgds,area/basses-alpes,Basses-Alpes,Assemblée nationale,3,,,,male
Q3289323,Marcel Restout,Marcel Restout,,,,PDM,pdm,area/calvados,Calvados,Assemblée nationale,3,,,,male
Q3289334,Marcel Rigout,Marcel Rigout,,,,PCF,pcf,area/haute-vienne,Haute-Vienne,Assemblée nationale,3,,,,male
Q274267,Marie-Claude Vaillant-Couturier,Marie-Claude Vaillant-Couturier,,,,PCF,pcf,area/val-de-marne,Val-de-Marne,Assemblée nationale,3,,,,female
Q3292113,Marie-Madeleine Dienesch,Marie-Madeleine Dienesch,,,,UD-Ve,ud-ve,area/côtes-du-nord,Côtes-du-Nord,Assemblée nationale,3,,,,female
Q3292131,Marie-Magdeleine Aymé de La Chevrelière,Marie-Magdeleine Aymé de La Chevrelière,,,,UD-Ve,ud-ve,area/deux-sèvres,Deux-Sèvres,Assemblée nationale,3,,,https://upload.wikimedia.org/wikipedia/commons/9/9a/Marie-Magdeleine_Aymé_de_La_Chevrelière.JPG,female
Q16262911,Maurice Andrieux,Maurice Andrieux,,,,PCF,pcf,area/pas-de-calais,Pas-de-Calais,Assemblée nationale,3,,,,male
Q3300496,Maurice Brugnon,Maurice Brugnon,,,,FGDS,fgds,area/aisne,Aisne,Assemblée nationale,3,,,,male
Q3300532,Maurice Cattin-Bazin,Maurice Cattin-Bazin,,,,RI,ri,area/isère,Isère,Assemblée nationale,3,,,,male
Q3300598,Maurice Cornette,Maurice Cornette,,,,UD-Ve,ud-ve,area/nord,Nord,Assemblée nationale,3,,,,male
Q3300775,Maurice Faure,Maurice Faure,,,,FGDS,fgds,area/lot,Lot,Assemblée nationale,3,,,https://upload.wikimedia.org/wikipedia/commons/c/c4/Maurice_Faure_-_11-11-2007.jpg,male
Q16232083,Maurice Georges,Maurice Georges,,,,UD-Ve,ud-ve,area/seine-maritime,Seine-Maritime,Assemblée nationale,3,,,,male
Q505819,Maurice Herzog,Maurice Herzog,,,,UD-Ve,ud-ve,area/haute-savoie,Haute-Savoie,Assemblée nationale,3,,,,male
Q2447029,Maurice Lemaire,Maurice Lemaire,,,,UD-Ve,ud-ve,area/vosges,Vosges,Assemblée nationale,3,,,,male
Q3301208,Maurice Nilès,Maurice Nilès,,,,PCF,pcf,area/seine-saint-denis,Seine-Saint-Denis,Assemblée nationale,3,,,,male
Q3301260,Maurice Pic,Maurice Pic,,,,FGDS,fgds,area/drôme,Drôme,Assemblée nationale,3,,,,male
Q19359534,Maurice Quettier,Maurice Quettier,,,,PCF,pcf,area/yvelines,Yvelines,Assemblée nationale,3,,,,male
Q19629744,Maurice Schnebelen,Maurice Schnebelen,,,,RI,ri,area/moselle,Moselle,Assemblée nationale,3,,,,male
Q282882,Maurice Schumann,Maurice Schumann,,,,UD-Ve,ud-ve,area/nord,Nord,Assemblée nationale,3,,,https://upload.wikimedia.org/wikipedia/commons/3/33/Maurice_Schumann_(1969).jpg,male
Q3302200,Max Lejeune,Max Lejeune,,,,FGDS,fgds,area/somme,Somme,Assemblée nationale,3,,,,male
Q3309057,Michel Boscher,Michel Boscher,,,,UD-Ve,ud-ve,area/essonne,Essonne,Assemblée nationale,3,,,,male
Q3309301,Michel Cointat,Michel Cointat,,,,UD-Ve,ud-ve,area/ille-et-vilaine,Ille-et-Vilaine,Assemblée nationale,3,,,,male
Q3309331,Michel Couillet,Michel Couillet,,,,PCF,pcf,area/somme,Somme,Assemblée nationale,3,,,,male
Q296386,Michel Debré,Michel Debré,,,,UD-Ve,ud-ve,area/la_réunion,La Réunion,Assemblée nationale,3,,,https://upload.wikimedia.org/wikipedia/commons/8/84/Michel_Debré.jpg,male
Q3309506,Michel Dreyfus-Schmidt,Michel Dreyfus-Schmidt,,,,FGDS,fgds,area/territoire_de_belfort,Territoire de Belfort,Assemblée nationale,3,,,,male
Q691457,Michel Durafour,Michel Durafour,,,,PDM,pdm,area/loire,Loire,Assemblée nationale,3,,,,male
Q3309549,Michel Duval,Michel Duval,,,,RI,ri,area/puy-de-dôme,Puy-de-Dôme,Assemblée nationale,3,,,,male
Q1930751,Michel Habib-Deloncle,Michel Habib-Deloncle,,,,UD-Ve,ud-ve,area/paris,Paris,Assemblée nationale,3,,,https://upload.wikimedia.org/wikipedia/commons/6/66/Michel_Habib-Deloncle_(1965).jpg,male
Q2400794,Michel Hoguet,Michel Hoguet,,,,UD-Ve,ud-ve,area/eure-et-loir,Eure-et-Loir,Assemblée nationale,3,,,,male
Q3309956,Michel Inchauspé,Michel Inchauspé,,,,UD-Ve,ud-ve,area/basses-pyrénées,Basses-Pyrénées,Assemblée nationale,3,,,,male
Q3309972,Michel Jacquet,Michel Jacquet,,,,PDM,pdm,area/loire,Loire,Assemblée nationale,3,,,,male
Q19630047,Michel Jamot,Michel Jamot,,,,UD-Ve,ud-ve,area/yvelines,Yvelines,Assemblée nationale,3,,,,male
Q3310623,Michel Poniatowski,Michel Poniatowski,,,,RI,ri,area/val-d'oise,Val-d'Oise,Assemblée nationale,3,,,,male
Q1521083,Michel d'Aillières,Michel d'Aillières,,,,RI,ri,area/sarthe,Sarthe,Assemblée nationale,3,,,,male
Q1940443,Michel d'Ornano,Michel d'Ornano,,,,RI,ri,area/calvados,Calvados,Assemblée nationale,3,,,https://upload.wikimedia.org/wikipedia/commons/4/4d/Michel_d'Ornano9.JPG,male
Q3311175,Michel de Grailly,Michel de Grailly,,,,UD-Ve,ud-ve,area/paris,Paris,Assemblée nationale,3,,,,male
Q3341143,Nicole de Hauteclocque,Nicole de Hauteclocque,,,,UD-Ve,ud-ve,area/paris,Paris,Assemblée nationale,3,,,,female
Q766194,Olivier Guichard,Olivier Guichard,,,,UD-Ve,ud-ve,area/loire-atlantique,Loire-Atlantique,Assemblée nationale,3,,,https://upload.wikimedia.org/wikipedia/commons/f/f3/Olivier-Guichard.jpg,male
Q370803,Olivier de Pierrebourg,Olivier de Pierrebourg,,,,Non Inscrit,non_inscrit,area/creuse,Creuse,Assemblée nationale,3,,,,male
Q3365038,Parfait Jans,Parfait Jans,,,,PCF,pcf,area/hauts-de-seine,Hauts-de-Seine,Assemblée nationale,3,,,https://upload.wikimedia.org/wikipedia/commons/c/c7/Parfait_Jans.png,male
Q3370440,Paul Alduy,Paul Alduy,,,,FGDS,fgds,area/pyrénées-orientales,Pyrénées-Orientales,Assemblée nationale,3,,,,male
Q3370553,Paul Balmigère,Paul Balmigère,,,,PCF,pcf,area/hérault,Hérault,Assemblée nationale,3,,,,male
Q3370559,Paul Barberot,Paul Barberot,,,,PDM,pdm,area/ain,Ain,Assemblée nationale,3,,,,male
Q3370792,Paul Caillaud,Paul Caillaud,,,,RI,ri,area/vendée,Vendée,Assemblée nationale,3,,,,male
Q8314525,Paul Cermolacce,Paul Cermolacce,,,,PCF,pcf,area/bouches-du-rhône,Bouches-du-Rhône,Assemblée nationale,3,,,,male
Q3370893,Paul Cléricy,Paul Cléricy,,,,FGDS,fgds,area/alpes-maritimes,Alpes-Maritimes,Assemblée nationale,3,,,,male
Q3371082,Paul Dijoud,Paul Dijoud,,,,RI,ri,area/hautes-alpes,Hautes-Alpes,Assemblée nationale,3,,,,male
Q3371142,Paul Duraffour,Paul Duraffour,,,,FGDS,fgds,area/saône-et-loire,Saône-et-Loire,Assemblée nationale,3,,,,male
Q3371355,Paul Granet,Paul Granet,,,,UD-Ve,ud-ve,area/aube,Aube,Assemblée nationale,3,,,,male
Q3371499,Paul Ihuel,Paul Ihuel,,,,PDM,pdm,area/morbihan,Morbihan,Assemblée nationale,3,,,,male
Q3371602,Paul Lacavé,Paul Lacavé,,,,PCF,pcf,area/guadeloupe,Guadeloupe,Assemblée nationale,3,,,,male
Q2060867,Paul Laurent,Paul Laurent,,,,PCF,pcf,area/paris,Paris,Assemblée nationale,3,,,,male
Q19630065,Paul Leloir,Paul Leloir,,,,PCF,pcf,area/nord,Nord,Assemblée nationale,3,,,,male
Q3371748,Paul Mainguy,Paul Mainguy,,,,UD-Ve,ud-ve,area/hauts-de-seine,Hauts-de-Seine,Assemblée nationale,3,,,,male
Q3372103,Paul Rivière,Paul Rivière,,,,UD-Ve,ud-ve,area/loire,Loire,Assemblée nationale,3,,,https://upload.wikimedia.org/wikipedia/commons/f/f4/Paul_Rivière_1969.jpg,male
Q3372333,Paul Valentino,Paul Valentino,,,,UD-Ve,ud-ve,area/guadeloupe,Guadeloupe,Assemblée nationale,3,,,,male
Q17351004,Paul Vignaux,Paul Vignaux,,,,FGDS,fgds,area/gers,Gers,Assemblée nationale,3,,,,male
Q17350094,Philippe Danilo,Philippe Danilo,,,,UD-Ve,ud-ve,area/rhône,Rhône,Assemblée nationale,3,,,,male
Q18578128,Philippe Rivain,Philippe Rivain,,,,UD-Ve,ud-ve,area/maine-et-loire,Maine-et-Loire,Assemblée nationale,3,,,,male
Q2381218,Pierre Abelin,Pierre Abelin,,,,PDM,pdm,area/vienne,Vienne,Assemblée nationale,3,,,,male
Q15455176,Pierre Arraut,Pierre Arraut,,,,PCF,pcf,area/hérault,Hérault,Assemblée nationale,3,,,,male
Q3383888,Pierre Bas,Pierre Bas,,,,UD-Ve,ud-ve,area/paris,Paris,Assemblée nationale,3,,,https://upload.wikimedia.org/wikipedia/commons/c/cd/Pierre_Bas_-_2013.jpg,male
Q2496489,Pierre Billotte,Pierre Billotte,,,,UD-Ve,ud-ve,area/val-de-marne,Val-de-Marne,Assemblée nationale,3,,,https://upload.wikimedia.org/wikipedia/commons/9/9f/General_Pierre_Billotte_-_Israel1957.jpg,male
Q19606828,Pierre Bourdellès,Pierre Bourdellès,,,,PDM,pdm,area/côtes-du-nord,Côtes-du-Nord,Assemblée nationale,3,,,,male
Q3384232,Pierre Buron,Pierre Buron,,,,UD-Ve,ud-ve,area/mayenne,Mayenne,Assemblée nationale,3,,,,male
Q3384367,Pierre Charié,Pierre Charié,,,,UD-Ve,ud-ve,area/loiret,Loiret,Assemblée nationale,3,,,,male
Q16669958,Pierre Charles,Pierre Charles,,,,FGDS,fgds,area/côte-d'or,Côte-d'Or,Assemblée nationale,3,,,,male
Q49452,Pierre Clostermann,Pierre Clostermann,,,,UD-Ve,ud-ve,area/yvelines,Yvelines,Assemblée nationale,3,,,https://upload.wikimedia.org/wikipedia/commons/c/c8/Pierre_Clostermann.jpg,male
Q3384521,Pierre Cornet,Pierre Cornet,,,,UD-Ve,ud-ve,area/ardèche,Ardèche,Assemblée nationale,3,,,,male
Q2274693,Pierre Cot,Pierre Cot,,,,PCF,pcf,area/paris,Paris,Assemblée nationale,3,,,https://upload.wikimedia.org/wikipedia/commons/5/50/Pierre_Cot-1928.jpg,male
Q3384541,Pierre Couderc,Pierre Couderc,,,,RI,ri,area/lozère,Lozère,Assemblée nationale,3,,,,male
Q16798453,Pierre Doize,Pierre Doize,,,,PCF,pcf,area/bouches-du-rhône,Bouches-du-Rhône,Assemblée nationale,3,,,,male
Q3384852,Pierre Dumas,Pierre Dumas,,,,UD-Ve,ud-ve,area/savoie,Savoie,Assemblée nationale,3,,,,male
Q3385027,Pierre Forest,Pierre Forest,,,,FGDS,fgds,area/nord,Nord,Assemblée nationale,3,,,,male
Q3385168,Pierre Gaudin,Pierre Gaudin,,,,FGDS,fgds,area/var,Var,Assemblée nationale,3,,,,male
Q3385254,Pierre Godefroy,Pierre Godefroy,,,,UD-Ve,ud-ve,area/manche,Manche,Assemblée nationale,3,,,,male
Q3385657,Pierre Juquin,Pierre Juquin,,,,PCF,pcf,area/essonne,Essonne,Assemblée nationale,3,,,https://upload.wikimedia.org/wikipedia/commons/c/c5/Juquin.jpg,male
Q3385732,Pierre Lagorce,Pierre Lagorce,,,,FGDS,fgds,area/gironde,Gironde,Assemblée nationale,3,,,,male
Q16670020,Pierre Lepage,Pierre Lepage,,,,UD-Ve,ud-ve,area/indre-et-loire,Indre-et-Loire,Assemblée nationale,3,,,,male
Q3386223,Pierre Mauger,Pierre Mauger,,,,UD-Ve,ud-ve,area/vendée,Vendée,Assemblée nationale,3,,,,male
Q314265,Pierre Mendès France,Pierre Mendès France,,,,FGDS,fgds,area/isère,Isère,Assemblée nationale,3,,,https://upload.wikimedia.org/wikipedia/commons/6/62/Pierre_Mendès-France_1932.jpg,male
Q17350800,Pierre Morison,Pierre Morison,,,,RI,ri,area/rhône,Rhône,Assemblée nationale,3,,,,male
Q3386407,Pierre Métayer,Pierre Métayer,,,,FGDS,fgds,area/yvelines,Yvelines,Assemblée nationale,3,,,,male
Q3386670,Pierre Pouyade,Pierre Pouyade,,,,UD-Ve,ud-ve,area/var,Var,Assemblée nationale,3,,,,male
Q3386887,Pierre Ruais,Pierre Ruais,,,,UD-Ve,ud-ve,area/paris,Paris,Assemblée nationale,3,,,,male
Q771097,Pierre Sudreau,Pierre Sudreau,,,,PDM,pdm,area/loir-et-cher,Loir-et-Cher,Assemblée nationale,3,,,"https://upload.wikimedia.org/wikipedia/commons/9/91/Pierre_Sudreau,_Blois.JPG",male
Q3387266,Pierre Vertadier,Pierre Vertadier,,,,UD-Ve,ud-ve,area/vienne,Vienne,Assemblée nationale,3,,,,male
Q461283,Pierre Villon,Pierre Villon,,,,PCF,pcf,area/allier,Allier,Assemblée nationale,3,,,,male
Q3387320,Pierre Vitter,Pierre Vitter,,,,RI,ri,area/haute-saône,Haute-Saône,Assemblée nationale,3,,,,male
Q16670086,Pierre Weber,Pierre Weber,,,,RI,ri,area/meurthe-et-moselle,Meurthe-et-Moselle,Assemblée nationale,3,,,,male
Q3387378,Pierre Ziller,Pierre Ziller,,,,UD-Ve,ud-ve,area/alpes-maritimes,Alpes-Maritimes,Assemblée nationale,3,,,,male
Q795589,Pierre de Montesquiou,Pierre de Montesquiou,,,,PDM,pdm,area/gers,Gers,Assemblée nationale,3,,,https://upload.wikimedia.org/wikipedia/commons/4/4b/PierreDeMontesquiouComteDArtagnan.jpg,male
Q3382889,Pierre-Bernard Cousté,Pierre-Bernard Cousté,,,,UD-Ve,ud-ve,area/rhône,Rhône,Assemblée nationale,3,,,,male
Q3382922,Pierre-Charles Krieg,Pierre-Charles Krieg,,,,UD-Ve,ud-ve,area/paris,Paris,Assemblée nationale,3,,,,male
Q3383264,Pierre-Louis Bourgoin,Pierre-Louis Bourgoin,,,,UD-Ve,ud-ve,area/paris,Paris,Assemblée nationale,3,,,,male
Q3419126,Raoul Bayou,Raoul Bayou,,,,FGDS,fgds,area/hérault,Hérault,Assemblée nationale,3,,,,male
Q3420655,Raymond Barbet,Raymond Barbet,,,,PCF,pcf,area/hauts-de-seine,Hauts-de-Seine,Assemblée nationale,3,,,,male
Q3420685,Raymond Boisdé,Raymond Boisdé,,,,RI,ri,area/cher,Cher,Assemblée nationale,3,,,,male
Q3420700,Raymond Bousquet,Raymond Bousquet,,,,UD-Ve,ud-ve,area/paris,Paris,Assemblée nationale,3,,,,male
Q3420882,Raymond Gernez,Raymond Gernez,,,,FGDS,fgds,area/nord,Nord,Assemblée nationale,3,,,,male
Q3420899,Raymond Guilbert,Raymond Guilbert,,,,Non Inscrit,non_inscrit,area/manche,Manche,Assemblée nationale,3,,,,male
Q1347314,Raymond Marcellin,Raymond Marcellin,,,,RI,ri,area/morbihan,Morbihan,Assemblée nationale,3,,,https://upload.wikimedia.org/wikipedia/commons/9/98/Raymond_Marcellin.jpg,male
raymond_mondon,Raymond Mondon,Raymond Mondon,,,,RI,ri,area/moselle,Moselle,Assemblée nationale,3,,,,
Q3421075,Raymond Offroy,Raymond Offroy,,,,UD-Ve,ud-ve,area/seine-maritime,Seine-Maritime,Assemblée nationale,3,,,,male
Q3421131,Raymond Réthoré,Raymond Réthoré,,,,UD-Ve,ud-ve,area/charente,Charente,Assemblée nationale,3,,,,male
Q19344712,Raymond Scholer,Raymond Scholer,,,,UD-Ve,ud-ve,area/haut-rhin,Haut-Rhin,Assemblée nationale,3,,,,male
Q2695709,Raymond Triboulet,Raymond Triboulet,,,,UD-Ve,ud-ve,area/calvados,Calvados,Assemblée nationale,3,,,,male
Q3421173,Raymond Tézier,Raymond Tézier,,,,FGDS,fgds,area/isère,Isère,Assemblée nationale,3,,,,male
Q3421177,Raymond Valenet,Raymond Valenet,,,,UD-Ve,ud-ve,area/seine-saint-denis,Seine-Saint-Denis,Assemblée nationale,3,,,,male
Q19344680,Raymond Zimmermann,Raymond Zimmermann,,,,UD-Ve,ud-ve,area/haut-rhin,Haut-Rhin,Assemblée nationale,3,,,,male
Q2676536,René Billères,René Billères,,,,FGDS,fgds,area/hautes-pyrénées,Hautes-Pyrénées,Assemblée nationale,3,,,,male
Q17350489,René Caille,René Caille,,,,UD-Ve,ud-ve,area/rhône,Rhône,Assemblée nationale,3,,,,male
Q481398,René Capitant,René Capitant,,,,UD-Ve,ud-ve,area/paris,Paris,Assemblée nationale,3,,,,male
Q19606986,René Cassagne,René Cassagne,,,,FGDS,fgds,area/gironde,Gironde,Assemblée nationale,3,,,,male
Q3426006,René Chazelle,René Chazelle,,,,FGDS,fgds,area/haute-loire,Haute-Loire,Assemblée nationale,3,,,,male
Q17496906,René Dejean,René Dejean,,,,FGDS,fgds,area/ariège,Ariège,Assemblée nationale,3,,,,male
Q3426191,René Feït,René Feït,,,,RI,ri,area/jura,Jura,Assemblée nationale,3,,,,male
Q3426450,René La Combe,René La Combe,,,,UD-Ve,ud-ve,area/maine-et-loire,Maine-et-Loire,Assemblée nationale,3,,,,male
Q3426463,René Lamps,René Lamps,,,,PCF,pcf,area/somme,Somme,Assemblée nationale,3,,,,male
rené_le_bauld_de_la_morinière,René Le Bauld de la Morinière,René Le Bauld de la Morinière,,,,UD-Ve,ud-ve,area/maine-et-loire,Maine-et-Loire,Assemblée nationale,3,,,,
Q314545,René Pleven,René Pleven,,,,PDM,pdm,area/côtes-du-nord,Côtes-du-Nord,Assemblée nationale,3,,,https://upload.wikimedia.org/wikipedia/commons/a/a4/Rene_Pleven.jpg,male
Q3426788,René Quentier,René Quentier,,,,UD-Ve,ud-ve,area/oise,Oise,Assemblée nationale,3,,,,male
Q3426797,René Radius,René Radius,,,,UD-Ve,ud-ve,area/bas-rhin,Bas-Rhin,Assemblée nationale,3,,,,male
Q3426802,René Regaudie,René Regaudie,,,,FGDS,fgds,area/haute-vienne,Haute-Vienne,Assemblée nationale,3,,,,male
Q3426818,René Ribière,René Ribière,,,,UD-Ve,ud-ve,area/val-d'oise,Val-d'Oise,Assemblée nationale,3,,,,male
Q927552,René Rieubon,René Rieubon,,,,PCF,pcf,area/bouches-du-rhône,Bouches-du-Rhône,Assemblée nationale,3,,,,male
Q3426940,René Tomasini,René Tomasini,,,,UD-Ve,ud-ve,area/eure,Eure,Assemblée nationale,3,,,,male
Q3434496,Robert Ballanger,Robert Ballanger,,,,PCF,pcf,area/seine-saint-denis,Seine-Saint-Denis,Assemblée nationale,3,,,,male
Q3434586,Robert Bisson,Robert Bisson,,,,UD-Ve,ud-ve,area/calvados,Calvados,Assemblée nationale,3,,,,male
Q1278301,Robert Boulin,Robert Boulin,,,,UD-Ve,ud-ve,area/gironde,Gironde,Assemblée nationale,3,,,,male
Q3434648,Robert Brettes,Robert Brettes,,,,FGDS,fgds,area/gironde,Gironde,Assemblée nationale,3,,,,male
Q3435073,Robert Fabre,Robert Fabre,,,,FGDS,fgds,area/aveyron,Aveyron,Assemblée nationale,3,,,,male
Q18744766,Robert Hauret,Robert Hauret,,,,UD-Ve,ud-ve,area/maine-et-loire,Maine-et-Loire,Assemblée nationale,3,,,,male
Q442717,Robert Hersant,Robert Hersant,,,,FGDS,fgds,area/oise,Oise,Assemblée nationale,3,,,,male
Q3435412,Robert Hostier,Robert Hostier,,,,PCF,pcf,area/nièvre,Nièvre,Assemblée nationale,3,,,,male
Q3435624,Robert Lacoste,Robert Lacoste,,,,FGDS,fgds,area/dordogne,Dordogne,Assemblée nationale,3,,,,male
Q16672975,Robert Levol,Robert Levol,,,,PCF,pcf,area/hauts-de-seine,Hauts-de-Seine,Assemblée nationale,3,,,,male
Q19630058,Robert Manceau,Robert Manceau,,,,PCF,pcf,area/sarthe,Sarthe,Assemblée nationale,3,,,,male
Q3435965,Robert Morillon,Robert Morillon,,,,PCF,pcf,area/marne,Marne,Assemblée nationale,3,,,,male
Q16672977,Robert Morlevat,Robert Morlevat,,,,FGDS,fgds,area/côte-d'or,Côte-d'Or,Assemblée nationale,3,,,,male
Q3088070,Robert Poujade,Robert Poujade,,,,UD-Ve,ud-ve,area/côte-d'or,Côte-d'Or,Assemblée nationale,3,,,,male
Q3436497,Robert Vizet,Robert Vizet,,,,PCF,pcf,area/essonne,Essonne,Assemblée nationale,3,,,,male
Q3436518,Robert Wagner,Robert Wagner,,,,UD-Ve,ud-ve,area/yvelines,Yvelines,Assemblée nationale,3,,,,male
Q3434350,Robert-André Vivien,Robert-André Vivien,,,,UD-Ve,ud-ve,area/val-de-marne,Val-de-Marne,Assemblée nationale,3,,,https://upload.wikimedia.org/wikipedia/commons/3/32/Plaque_avenue_Robert-André_Vivien.jpg,male
Q3437780,Roch Pidjot,Roch Pidjot,,,,RI,ri,area/nouvelle-calédonie_et_nouvelles-hébrides,Nouvelle-Calédonie et Nouvelles-Hébrides,Assemblée nationale,3,,,,male
Q3438823,Roger Combrisson,Roger Combrisson,,,,PCF,pcf,area/essonne,Essonne,Assemblée nationale,3,,,,male
Q3438843,Roger Coste,Roger Coste,,,,PCF,pcf,area/isère,Isère,Assemblée nationale,3,,,,male
Q3438925,Roger Dusseaulx,Roger Dusseaulx,,,,UD-Ve,ud-ve,area/seine-maritime,Seine-Maritime,Assemblée nationale,3,,,,male
Q3438971,Roger Fossé,Roger Fossé,,,,UD-Ve,ud-ve,area/seine-maritime,Seine-Maritime,Assemblée nationale,3,,,,male
Q926639,Roger Frey,Roger Frey,,,,UD-Ve,ud-ve,area/paris,Paris,Assemblée nationale,3,,,,male
Q3439036,Roger Gouhier,Roger Gouhier,,,,PCF,pcf,area/seine-saint-denis,Seine-Saint-Denis,Assemblée nationale,3,,,,male
Q3439157,Roger Lagrange,Roger Lagrange,,,,FGDS,fgds,area/saône-et-loire,Saône-et-Loire,Assemblée nationale,3,,,,male
Q16027184,Roger Prat,Roger Prat,,,,FGDS,fgds,area/finistère,Finistère,Assemblée nationale,3,,,,male
Q3439409,Roger Ribadeau-Dumas,Roger Ribadeau-Dumas,,,,UD-Ve,ud-ve,area/drôme,Drôme,Assemblée nationale,3,,,,male
Q3439428,Roger Roucaute,Roger Roucaute,,,,PCF,pcf,area/gard,Gard,Assemblée nationale,3,,,,male
Q3439968,Roland Boscary-Monsservin,Roland Boscary-Monsservin,,,,RI,ri,area/aveyron,Aveyron,Assemblée nationale,3,,,,male
Q16673109,Roland Boudet,Roland Boudet,,,,PDM,pdm,area/orne,Orne,Assemblée nationale,3,,,,male
Q547525,Roland Dumas,Roland Dumas,,,,FGDS,fgds,area/corrèze,Corrèze,Assemblée nationale,3,,,https://upload.wikimedia.org/wikipedia/commons/9/92/Roland_Dumas.jpg,male
Q3440147,Roland Leroy,Roland Leroy,,,,PCF,pcf,area/seine-maritime,Seine-Maritime,Assemblée nationale,3,,,,male
Q931320,Roland Nungesser,Roland Nungesser,,,,UD-Ve,ud-ve,area/val-de-marne,Val-de-Marne,Assemblée nationale,3,,,,male
Q3456166,Rémy Montagne,Rémy Montagne,,,,PDM,pdm,area/eure,Eure,Assemblée nationale,3,,,,male
Q7399901,Said Ibrahim bin Said Ali,Said Ibrahim bin Said Ali,,,,UD-Ve,ud-ve,area/comores,Comores,Assemblée nationale,3,,,,male
Q3479214,Serge Boucheny,Serge Boucheny,,,,PCF,pcf,area/paris,Paris,Assemblée nationale,3,,,,male
Q3506023,Suzanne Ploux,Suzanne Ploux,,,,UD-Ve,ud-ve,area/finistère,Finistère,Assemblée nationale,3,,,,female
Q3531800,Tony Larue,Tony Larue,,,,FGDS,fgds,area/seine-maritime,Seine-Maritime,Assemblée nationale,3,,,,male
Q3535653,Toussaint Merle,Toussaint Merle,,,,PCF,pcf,area/var,Var,Assemblée nationale,3,,,,male
Q2124,Valéry Giscard d'Estaing,Valéry Giscard d'Estaing,,,,RI,ri,area/puy-de-dôme,Puy-de-Dôme,Assemblée nationale,3,,,https://upload.wikimedia.org/wikipedia/commons/4/4d/Valéry_Giscard_d'Estaing_par_Claude_Truong-Ngoc_février_2015.jpg,male
Q3557559,Victor Sablé,Victor Sablé,,,,RI,ri,area/martinique,Martinique,Assemblée nationale,3,,,,male
Q3559456,Vincent Ansquer,Vincent Ansquer,,,,UD-Ve,ud-ve,area/vendée,Vendée,Assemblée nationale,3,,,,male
Q3560609,Virgile Barel,Virgile Barel,,,,PCF,pcf,area/alpes-maritimes,Alpes-Maritimes,Assemblée nationale,3,,,,male
Q3565302,Waldeck L'Huillier,Waldeck L'Huillier,,,,PCF,pcf,area/hauts-de-seine,Hauts-de-Seine,Assemblée nationale,3,,,,male
Q3565308,Waldeck Rochet,Waldeck Rochet,,,,PCF,pcf,area/seine-saint-denis,Seine-Saint-Denis,Assemblée nationale,3,,,https://upload.wikimedia.org/wikipedia/commons/4/41/Waldeck_Rochet.jpg,male
Q19630046,William Jacson,William Jacson,,,,UD-Ve,ud-ve,area/meurthe-et-moselle,Meurthe-et-Moselle,Assemblée nationale,3,,,,male
Q2597807,Xavier Deniau,Xavier Deniau,,,,UD-Ve,ud-ve,area/loiret,Loiret,Assemblée nationale,3,,,,male
Q3570696,Xavier Hunault,Xavier Hunault,,,,Non Inscrit,non_inscrit,area/loire-atlantique,Loire-Atlantique,Assemblée nationale,3,,,,male
Q3573441,Yves Allainmat,Yves Allainmat,,,,FGDS,fgds,area/morbihan,Morbihan,Assemblée nationale,3,,,,male
Q342878,Yves Guéna,Yves Guéna,,,,UD-Ve,ud-ve,area/dordogne,Dordogne,Assemblée nationale,3,,,https://upload.wikimedia.org/wikipedia/commons/a/a2/Yves_Guéna.PNG,male
Q3573772,Yves Le Foll,Yves Le Foll,,,,FGDS,fgds,area/côtes-du-nord,Côtes-du-Nord,Assemblée nationale,3,,,,male
Q3574022,Yves du Halgouët,Yves du Halgouët,,,,RI,ri,area/morbihan,Morbihan,Assemblée nationale,3,,,,male
Q764381,Yvon Bourges,Yvon Bourges,,,,UD-Ve,ud-ve,area/ille-et-vilaine,Ille-et-Vilaine,Assemblée nationale,3,,,https://upload.wikimedia.org/wikipedia/commons/c/c6/Bourges-yvon1.JPG,male
Q3579767,Édouard Carlier,Édouard Carlier,,,,PCF,pcf,area/pas-de-calais,Pas-de-Calais,Assemblée nationale,3,,,,male
Q17350499,Édouard Charret,Édouard Charret,,,,UD-Ve,ud-ve,area/rhône,Rhône,Assemblée nationale,3,,,,male
Édouard_frédéric-dupont,Édouard Frédéric-Dupont,Édouard Frédéric-Dupont,,,,PDM,pdm,area/paris,Paris,Assemblée nationale,3,,,,
Q3579978,Édouard Ollivro,Édouard Ollivro,,,,PDM,pdm,area/côtes-du-nord,Côtes-du-Nord,Assemblée nationale,3,,,,male
Q16798556,Édouard Schloesing,Édouard Schloesing,,,,FGDS,fgds,area/lot-et-garonne,Lot-et-Garonne,Assemblée nationale,3,,,,male
Q3588352,Émile Bizet,Émile Bizet,,,,UD-Ve,ud-ve,area/manche,Manche,Assemblée nationale,3,,,,male
Q3588460,Émile Didier,Émile Didier,,,,FGDS,fgds,area/hautes-alpes,Hautes-Alpes,Assemblée nationale,3,,,,male
Émile_halbout,Émile Halbout,Émile Halbout,,,,PDM,pdm,area/orne,Orne,Assemblée nationale,3,,,,
Q19630061,Émile Luciani,Émile Luciani,,,,UD-Ve,ud-ve,area/somme,Somme,Assemblée nationale,3,,,,male
Q3588724,Émile Roger,Émile Roger,,,,PCF,pcf,area/nord,Nord,Assemblée nationale,3,,,,male
Q2372650,Émile Vivier,Émile Vivier,,,,FGDS,fgds,area/eure-et-loir,Eure-et-Loir,Assemblée nationale,3,,,,male
Q3592156,Étienne Fajon,Étienne Fajon,,,,PCF,pcf,area/seine-saint-denis,Seine-Saint-Denis,Assemblée nationale,3,,,https://upload.wikimedia.org/wikipedia/commons/5/5a/Etienne_Fajon.jpg,male
Q3592195,Étienne Hinsberger,Étienne Hinsberger,,,,UD-Ve,ud-ve,area/moselle,Moselle,Assemblée nationale,3,,,,male
Q17350852,Étienne Ponseillé,Étienne Ponseillé,,,,FGDS,fgds,area/hérault,Hérault,Assemblée nationale,3,,,,male
