id,name,sort_name,email,twitter,facebook,group,group_id,area_id,area,chamber,term,start_date,end_date,image,gender
achille_peretti,Achille Peretti,Achille Peretti,,,,UNR-UDT,unr-udt,area/seine,Seine,Assemblée nationale,2,,,,
ahmed_mohamed,Ahmed Mohamed,Ahmed Mohamed,,,,UNR-UDT,unr-udt,area/comores,Comores,Assemblée nationale,2,,,,
aimé_césaire,Aimé Césaire,Aimé Césaire,,,,Non-Inscrit,non-inscrit,area/martinique,Martinique,Assemblée nationale,2,,,,
aimé_paquet,Aimé Paquet,Aimé Paquet,,,,RI,ri,area/isère,Isère,Assemblée nationale,2,,,,
alain_le_guen,Alain Le Guen,Alain Le Guen,,,,CD,cd,area/côtes-du-nord,Côtes-du-Nord,Assemblée nationale,2,,,,
alain_peyrefitte,Alain Peyrefitte,Alain Peyrefitte,,,,UNR-UDT,unr-udt,area/seine-et-marne,Seine-et-Marne,Assemblée nationale,2,,,,
alban_fagot,Alban Fagot,Alban Fagot,,,,UNR-UDT,unr-udt,area/isère,Isère,Assemblée nationale,2,,,,
albert_bignon,Albert Bignon,Albert Bignon,,,,UNR-UDT,unr-udt,area/charente-maritime,Charente-Maritime,Assemblée nationale,2,,,,
albert_briand,Albert Briand,Albert Briand,,,,Non-Inscrit,non-inscrit,area/saint-pierre-et-miquelon,Saint-Pierre-et-Miquelon,Assemblée nationale,2,,,,
albert_catalifaud,Albert Catalifaud,Albert Catalifaud,,,,UNR-UDT,unr-udt,area/aisne,Aisne,Assemblée nationale,2,,,,
albert_dassié,Albert Dassié,Albert Dassié,,,,UNR-UDT,unr-udt,area/loire-atlantique,Loire-Atlantique,Assemblée nationale,2,,,,
albert_ehm,Albert Ehm,Albert Ehm,,,,UNR-UDT,unr-udt,area/bas-rhin,Bas-Rhin,Assemblée nationale,2,,,,
albert_fouet,Albert Fouet,Albert Fouet,,,,RD,rd,area/sarthe,Sarthe,Assemblée nationale,2,,,,
albert_lalle,Albert Lalle,Albert Lalle,,,,RI,ri,area/côte-d'or,Côte-d'Or,Assemblée nationale,2,,,,
albert_marcenet,Albert Marcenet,Albert Marcenet,,,,UNR-UDT,unr-udt,area/seine,Seine,Assemblée nationale,2,,,,
albert_voilquin,Albert Voilquin,Albert Voilquin,,,,RI,ri,area/vosges,Vosges,Assemblée nationale,2,,,,
alexandre_sanguinetti,Alexandre Sanguinetti,Alexandre Sanguinetti,,,,UNR-UDT,unr-udt,area/seine,Seine,Assemblée nationale,2,,,,
alexandre_de_fraissinette,Alexandre de Fraissinette,Alexandre de Fraissinette,,,,RD,rd,area/loire,Loire,Assemblée nationale,2,,,,
alexis_méhaignerie,Alexis Méhaignerie,Alexis Méhaignerie,,,,CD,cd,area/ille-et-vilaine,Ille-et-Vilaine,Assemblée nationale,2,,,,
alfred_clerget,Alfred Clerget,Alfred Clerget,,,,UNR-UDT,unr-udt,area/haute-saône,Haute-Saône,Assemblée nationale,2,,,,
alfred_westphal,Alfred Westphal,Alfred Westphal,,,,UNR-UDT,unr-udt,area/bas-rhin,Bas-Rhin,Assemblée nationale,2,,,,
alphonse_le_gallo,Alphonse Le Gallo,Alphonse Le Gallo,,,,S,s,area/seine,Seine,Assemblée nationale,2,,,,
ambroise_brugière,Ambroise Brugière,Ambroise Brugière,,,,S,s,area/puy-de-dôme,Puy-de-Dôme,Assemblée nationale,2,,,,
andré_beauguitte,André Beauguitte,André Beauguitte,,,,RI,ri,area/meuse,Meuse,Assemblée nationale,2,,,,
andré_bettencourt,André Bettencourt,André Bettencourt,,,,RI,ri,area/seine-maritime,Seine-Maritime,Assemblée nationale,2,,,,
andré_bord,André Bord,André Bord,,,,UNR-UDT,unr-udt,area/bas-rhin,Bas-Rhin,Assemblée nationale,2,,,,
andré_brugerolle,André Brugerolle,André Brugerolle,,,,CD,cd,area/charente-maritime,Charente-Maritime,Assemblée nationale,2,,,,
andré_chandernagor,André Chandernagor,André Chandernagor,,,,S,s,area/creuse,Creuse,Assemblée nationale,2,,,,
andré_chazalon,André Chazalon,André Chazalon,,,,CD,cd,area/loire,Loire,Assemblée nationale,2,,,,
andré_chérasse,André Chérasse,André Chérasse,,,,UNR-UDT,unr-udt,area/seine-maritime,Seine-Maritime,Assemblée nationale,2,,,,
andré_davoust,André Davoust,André Davoust,,,,CD,cd,area/mayenne,Mayenne,Assemblée nationale,2,,,,
andré_fanton,André Fanton,André Fanton,,,,UNR-UDT,unr-udt,area/seine,Seine,Assemblée nationale,2,,,,
andré_gauthier,André Gauthier,André Gauthier,,,,RD,rd,area/isère,Isère,Assemblée nationale,2,,,,
andré_halbout,André Halbout,André Halbout,,,,UNR-UDT,unr-udt,area/calvados,Calvados,Assemblée nationale,2,,,,
andré_jarrot,André Jarrot,André Jarrot,,,,UNR-UDT,unr-udt,area/saône-et-loire,Saône-et-Loire,Assemblée nationale,2,,,,
andré_moynet,André Moynet,André Moynet,,,,RI,ri,area/saône-et-loire,Saône-et-Loire,Assemblée nationale,2,,,,
andré_picquot,André Picquot,André Picquot,,,,RI,ri,area/meurthe-et-moselle,Meurthe-et-Moselle,Assemblée nationale,2,,,,
andré_raust,André Raust,André Raust,,,,S,s,area/tarn,Tarn,Assemblée nationale,2,,,,
andré_rey,André Rey,André Rey,,,,S,s,area/haute-garonne,Haute-Garonne,Assemblée nationale,2,,,,
andré_rives-henrÿs,André Rives-Henrÿs,André Rives-Henrÿs,,,,UNR-UDT,unr-udt,area/seine,Seine,Assemblée nationale,2,,,,
andré_rossi,André Rossi,André Rossi,,,,RD,rd,area/aisne,Aisne,Assemblée nationale,2,,,,
andré_salardaine,André Salardaine,André Salardaine,,,,UNR-UDT,unr-udt,area/charente-maritime,Charente-Maritime,Assemblée nationale,2,,,,
andré_tourné,André Tourné,André Tourné,,,,C,c,area/pyrénées-orientales,Pyrénées-Orientales,Assemblée nationale,2,,,,
andré-georges_voisin,André-Georges Voisin,André-Georges Voisin,,,,UNR-UDT,unr-udt,area/indre-et-loire,Indre-et-Loire,Assemblée nationale,2,,,,
antoine_caill,Antoine Caill,Antoine Caill,,,,UNR-UDT,unr-udt,area/finistère,Finistère,Assemblée nationale,2,,,,
antoine_sérafini,Antoine Sérafini,Antoine Sérafini,,,,UNR-UDT,unr-udt,area/corse,Corse,Assemblée nationale,2,,,,
antonin_tirefort,Antonin Tirefort,Antonin Tirefort,,,,UNR-UDT,unr-udt,area/tarn,Tarn,Assemblée nationale,2,,,,
antonin_ver,Antonin Ver,Antonin Ver,,,,RD,rd,area/tarn-et-garonne,Tarn-et-Garonne,Assemblée nationale,2,,,,
armand_barniaudy,Armand Barniaudy,Armand Barniaudy,,,,CD,cd,area/hautes-alpes,Hautes-Alpes,Assemblée nationale,2,,,,
armand_cachat,Armand Cachat,Armand Cachat,,,,UNR-UDT,unr-udt,area/seine-et-oise,Seine-et-Oise,Assemblée nationale,2,,,,
arthur_cornette,Arthur Cornette,Arthur Cornette,,,,S,s,area/nord,Nord,Assemblée nationale,2,,,,
arthur_moulin,Arthur Moulin,Arthur Moulin,,,,UNR-UDT,unr-udt,area/nord,Nord,Assemblée nationale,2,,,,
arthur_musmeaux,Arthur Musmeaux,Arthur Musmeaux,,,,C,c,area/nord,Nord,Assemblée nationale,2,,,,
arthur_notebart,Arthur Notebart,Arthur Notebart,,,,S,s,area/nord,Nord,Assemblée nationale,2,,,,
arthur_ramette,Arthur Ramette,Arthur Ramette,,,,C,c,area/nord,Nord,Assemblée nationale,2,,,,
arthur_richards,Arthur Richards,Arthur Richards,,,,UNR-UDT,unr-udt,area/gironde,Gironde,Assemblée nationale,2,,,,
auguste_damette,Auguste Damette,Auguste Damette,,,,UNR-UDT,unr-udt,area/nord,Nord,Assemblée nationale,2,,,,
augustin_bordage,Augustin Bordage,Augustin Bordage,,,,UNR-UDT,unr-udt,area/deux-sèvres,Deux-Sèvres,Assemblée nationale,2,,,,
augustin_chauvet,Augustin Chauvet,Augustin Chauvet,,,,CD,cd,area/cantal,Cantal,Assemblée nationale,2,,,,
aymar_achille-fould,Aymar Achille-Fould,Aymar Achille-Fould,,,,RD,rd,area/gironde,Gironde,Assemblée nationale,2,,,,
benjamin_catry,Benjamin Catry,Benjamin Catry,,,,UNR-UDT,unr-udt,area/nord,Nord,Assemblée nationale,2,,,,
benoît_macquet,Benoît Macquet,Benoît Macquet,,,,UNR-UDT,unr-udt,area/loire-atlantique,Loire-Atlantique,Assemblée nationale,2,,,,
bernard_cornut-gentille,Bernard Cornut-Gentille,Bernard Cornut-Gentille,,,,Non-Inscrit,non-inscrit,area/alpes-maritimes,Alpes-Maritimes,Assemblée nationale,2,,,,
bernard_dupérier,Bernard Dupérier,Bernard Dupérier,,,,UNR-UDT,unr-udt,area/seine,Seine,Assemblée nationale,2,,,,
bernard_lepeu,Bernard Lepeu,Bernard Lepeu,,,,UNR-UDT,unr-udt,area/seine,Seine,Assemblée nationale,2,,,,
bertrand_flornoy,Bertrand Flornoy,Bertrand Flornoy,,,,UNR-UDT,unr-udt,area/seine-et-marne,Seine-et-Marne,Assemblée nationale,2,,,,
camille_dussarthou,Camille Dussarthou,Camille Dussarthou,,,,S,s,area/landes,Landes,Assemblée nationale,2,,,,
camille_max-petit,Camille Max-Petit,Camille Max-Petit,,,,UNR-UDT,unr-udt,area/seine-et-oise,Seine-et-Oise,Assemblée nationale,2,,,,
charles_bosson,Charles Bosson,Charles Bosson,,,,CD,cd,area/haute-savoie,Haute-Savoie,Assemblée nationale,2,,,,
charles_germain,Charles Germain,Charles Germain,,,,CD,cd,area/rhône,Rhône,Assemblée nationale,2,,,,
charles_kroepflé,Charles Kroepflé,Charles Kroepflé,,,,UNR-UDT,unr-udt,area/haut-rhin,Haut-Rhin,Assemblée nationale,2,,,,
charles_lamarque-cando,Charles Lamarque-Cando,Charles Lamarque-Cando,,,,S,s,area/landes,Landes,Assemblée nationale,2,,,,
charles_le_goasguen,Charles Le Goasguen,Charles Le Goasguen,,,,UNR-UDT,unr-udt,area/finistère,Finistère,Assemblée nationale,2,,,,
charles_magne,Charles Magne,Charles Magne,,,,S,s,area/allier,Allier,Assemblée nationale,2,,,,
charles_privat,Charles Privat,Charles Privat,,,,S,s,area/bouches-du-rhône,Bouches-du-Rhône,Assemblée nationale,2,,,,
charles_de_chambrun,Charles de Chambrun,Charles de Chambrun,,,,CD,cd,area/lozère,Lozère,Assemblée nationale,2,,,,
christian_bonnet,Christian Bonnet,Christian Bonnet,,,,CD,cd,area/morbihan,Morbihan,Assemblée nationale,2,,,,
christian_poncelet,Christian Poncelet,Christian Poncelet,,,,UNR-UDT,unr-udt,area/vosges,Vosges,Assemblée nationale,2,,,,
christian_de_la_malène,Christian de La Malène,Christian de La Malène,,,,UNR-UDT,unr-udt,area/seine,Seine,Assemblée nationale,2,,,,
claude_delorme,Claude Delorme,Claude Delorme,,,,S,s,area/basses-alpes,Basses-Alpes,Assemblée nationale,2,,,,
claude_peyret,Claude Peyret,Claude Peyret,,,,UNR-UDT,unr-udt,area/vienne,Vienne,Assemblée nationale,2,,,,
claude_roux,Claude Roux,Claude Roux,,,,UNR-UDT,unr-udt,area/seine,Seine,Assemblée nationale,2,,,,
constant_lepourry,Constant Lepourry,Constant Lepourry,,,,UNR-UDT,unr-udt,area/manche,Manche,Assemblée nationale,2,,,,
daniel_daviaud,Daniel Daviaud,Daniel Daviaud,,,,RD,rd,area/charente-maritime,Charente-Maritime,Assemblée nationale,2,,,,
daniel_matalon,Daniel Matalon,Daniel Matalon,,,,S,s,area/bouches-du-rhône,Bouches-du-Rhône,Assemblée nationale,2,,,,
diomède_catroux,Diomède Catroux,Diomède Catroux,,,,UNR-UDT,unr-udt,area/alpes-maritimes,Alpes-Maritimes,Assemblée nationale,2,,,,
edmond_borocco,Edmond Borocco,Edmond Borocco,,,,UNR-UDT,unr-udt,area/haut-rhin,Haut-Rhin,Assemblée nationale,2,,,,
edmond_bricout,Edmond Bricout,Edmond Bricout,,,,UNR-UDT,unr-udt,area/aisne,Aisne,Assemblée nationale,2,,,,
edmond_duchesne,Edmond Duchesne,Edmond Duchesne,,,,RI,ri,area/calvados,Calvados,Assemblée nationale,2,,,,
edmond_garcin,Edmond Garcin,Edmond Garcin,,,,C,c,area/bouches-du-rhône,Bouches-du-Rhône,Assemblée nationale,2,,,,
edmond_nessler,Edmond Nessler,Edmond Nessler,,,,UNR-UDT,unr-udt,area/oise,Oise,Assemblée nationale,2,,,,
edmond_pezé,Edmond Pezé,Edmond Pezé,,,,UNR-UDT,unr-udt,area/seine,Seine,Assemblée nationale,2,,,,
edmond_thorailler,Edmond Thorailler,Edmond Thorailler,,,,UNR-UDT,unr-udt,area/eure-et-loir,Eure-et-Loir,Assemblée nationale,2,,,,
emmanuel_véry-hermence,Emmanuel Véry-Hermence,Emmanuel Véry-Hermence,,,,S,s,area/martinique,Martinique,Assemblée nationale,2,,,,
ernest_schaffner,Ernest Schaffner,Ernest Schaffner,,,,S,s,area/pas-de-calais,Pas-de-Calais,Assemblée nationale,2,,,,
ernest_voyer,Ernest Voyer,Ernest Voyer,,,,UNR-UDT,unr-udt,area/orne,Orne,Assemblée nationale,2,,,,
eugène_fourvel,Eugène Fourvel,Eugène Fourvel,,,,C,c,area/puy-de-dôme,Puy-de-Dôme,Assemblée nationale,2,,,,
eugène_montel,Eugène Montel,Eugène Montel,,,,S,s,area/haute-garonne,Haute-Garonne,Assemblée nationale,2,,,,
ferdinand_roques,Ferdinand Roques,Ferdinand Roques,,,,UNR-UDT,unr-udt,area/cher,Cher,Assemblée nationale,2,,,,
fernand_berthouin,Fernand Berthouin,Fernand Berthouin,,,,RD,rd,area/indre-et-loire,Indre-et-Loire,Assemblée nationale,2,,,,
fernand_couzinet,Fernand Couzinet,Fernand Couzinet,,,,S,s,area/haute-garonne,Haute-Garonne,Assemblée nationale,2,,,,
fernand_dupuy,Fernand Dupuy,Fernand Dupuy,,,,C,c,area/seine,Seine,Assemblée nationale,2,,,,
fernand_grenier,Fernand Grenier,Fernand Grenier,,,,C,c,area/seine,Seine,Assemblée nationale,2,,,,
fernand_sauzedde,Fernand Sauzedde,Fernand Sauzedde,,,,S,s,area/puy-de-dôme,Puy-de-Dôme,Assemblée nationale,2,,,,
francis_palmero,Francis Palmero,Francis Palmero,,,,NI,ni,area/alpes-maritimes,Alpes-Maritimes,Assemblée nationale,2,,,,
francis_vals,Francis Vals,Francis Vals,,,,S,s,area/aude,Aude,Assemblée nationale,2,,,,
franck_cazenave,Franck Cazenave,Franck Cazenave,,,,RD,rd,area/gironde,Gironde,Assemblée nationale,2,,,,
françois_billoux,François Billoux,François Billoux,,,,C,c,area/bouches-du-rhône,Bouches-du-Rhône,Assemblée nationale,2,,,,
françois_blancho,François Blancho,François Blancho,,,,S,s,area/loire-atlantique,Loire-Atlantique,Assemblée nationale,2,,,,
françois_bénard,François Bénard,François Bénard,,,,UNR-UDT,unr-udt,area/oise,Oise,Assemblée nationale,2,,,,
françois_grussenmeyer,François Grussenmeyer,François Grussenmeyer,,,,UNR-UDT,unr-udt,area/bas-rhin,Bas-Rhin,Assemblée nationale,2,,,,
françois_le_douarec,François Le Douarec,François Le Douarec,,,,UNR-UDT,unr-udt,area/ille-et-vilaine,Ille-et-Vilaine,Assemblée nationale,2,,,,
françois_missoffe,François Missoffe,François Missoffe,,,,UNR-UDT,unr-udt,area/seine,Seine,Assemblée nationale,2,,,,
françois_mitterrand,François Mitterrand,François Mitterrand,,,,RD,rd,area/nièvre,Nièvre,Assemblée nationale,2,,,,
françois_perrin,François Perrin,François Perrin,,,,RI,ri,area/isère,Isère,Assemblée nationale,2,,,,
françois_tanguy-prigent,François Tanguy-Prigent,François Tanguy-Prigent,,,,NI,ni,area/finistère,Finistère,Assemblée nationale,2,,,,
françois_var,François Var,François Var,,,,S,s,area/corrèze,Corrèze,Assemblée nationale,2,,,,
félix_gaillard,Félix Gaillard,Félix Gaillard,,,,RD,rd,area/charente,Charente,Assemblée nationale,2,,,,
félix_kir,Félix Kir,Félix Kir,,,,RD,rd,area/côte-d'or,Côte-d'Or,Assemblée nationale,2,,,,
gabriel_bourgund,Gabriel Bourgund,Gabriel Bourgund,,,,UNR-UDT,unr-udt,area/haute-marne,Haute-Marne,Assemblée nationale,2,,,,
gabriel_bouthière,Gabriel Bouthière,Gabriel Bouthière,,,,RD,rd,area/saône-et-loire,Saône-et-Loire,Assemblée nationale,2,,,,
gabriel_kaspereit,Gabriel Kaspereit,Gabriel Kaspereit,,,,UNR-UDT,unr-udt,area/seine,Seine,Assemblée nationale,2,,,,
gabriel_lapeyrusse,Gabriel Lapeyrusse,Gabriel Lapeyrusse,,,,UNR-UDT,unr-udt,area/lot-et-garonne,Lot-et-Garonne,Assemblée nationale,2,,,,
gabriel_macé,Gabriel Macé,Gabriel Macé,,,,UNR-UDT,unr-udt,area/la_réunion,La Réunion,Assemblée nationale,2,,,,
gabriel_miossec,Gabriel Miossec,Gabriel Miossec,,,,UNR-UDT,unr-udt,area/finistère,Finistère,Assemblée nationale,2,,,,
gabriel_péronnet,Gabriel Péronnet,Gabriel Péronnet,,,,RD,rd,area/allier,Allier,Assemblée nationale,2,,,,
gabriel_de_poulpiquet,Gabriel de Poulpiquet,Gabriel de Poulpiquet,,,,UNR-UDT,unr-udt,area/finistère,Finistère,Assemblée nationale,2,,,,
gaston_aizier,Gaston Aizier,Gaston Aizier,,,,UNR-UDT,unr-udt,area/seine-et-oise,Seine-et-Oise,Assemblée nationale,2,,,,
gaston_defferre,Gaston Defferre,Gaston Defferre,,,,S,s,area/bouches-du-rhône,Bouches-du-Rhône,Assemblée nationale,2,,,,
gaston_feuillard,Gaston Feuillard,Gaston Feuillard,,,,RI,ri,area/guadeloupe,Guadeloupe,Assemblée nationale,2,,,,
gaston_perrot,Gaston Perrot,Gaston Perrot,,,,UNR-UDT,unr-udt,area/yonne,Yonne,Assemblée nationale,2,,,,
georges_becker,Georges Becker,Georges Becker,,,,UNR-UDT,unr-udt,area/doubs,Doubs,Assemblée nationale,2,,,,
georges_bonnet,Georges Bonnet,Georges Bonnet,,,,RD,rd,area/dordogne,Dordogne,Assemblée nationale,2,,,,
georges_bourgeois,Georges Bourgeois,Georges Bourgeois,,,,UNR-UDT,unr-udt,area/haut-rhin,Haut-Rhin,Assemblée nationale,2,,,,
georges_bustin,Georges Bustin,Georges Bustin,,,,C,c,area/nord,Nord,Assemblée nationale,2,,,,
georges_delatre,Georges Delatre,Georges Delatre,,,,UNR-UDT,unr-udt,area/seine-maritime,Seine-Maritime,Assemblée nationale,2,,,,
georges_juskiewenski,Georges Juskiewenski,Georges Juskiewenski,,,,RD,rd,area/lot,Lot,Assemblée nationale,2,,,,
georges_pianta,Georges Pianta,Georges Pianta,,,,RI,ri,area/haute-savoie,Haute-Savoie,Assemblée nationale,2,,,,
georges_ritter,Georges Ritter,Georges Ritter,,,,UNR-UDT,unr-udt,area/bas-rhin,Bas-Rhin,Assemblée nationale,2,,,,
georges_spénale,Georges Spénale,Georges Spénale,,,,S,s,area/tarn,Tarn,Assemblée nationale,2,,,,
gilbert_faure,Gilbert Faure,Gilbert Faure,,,,S,s,area/ariège,Ariège,Assemblée nationale,2,,,,
gilberte_roca,Gilberte Roca,Gilberte Roca,,,,NI,ni,area/gard,Gard,Assemblée nationale,2,,,,
guy_mollet,Guy Mollet,Guy Mollet,,,,S,s,area/pas-de-calais,Pas-de-Calais,Assemblée nationale,2,,,,
guy_rabourdin,Guy Rabourdin,Guy Rabourdin,,,,UNR-UDT,unr-udt,area/seine-et-marne,Seine-et-Marne,Assemblée nationale,2,,,,
guy_sabatier,Guy Sabatier,Guy Sabatier,,,,UNR-UDT,unr-udt,area/aisne,Aisne,Assemblée nationale,2,,,,
guy_Ébrard,Guy Ébrard,Guy Ébrard,,,,RD,rd,area/basses-pyrénées,Basses-Pyrénées,Assemblée nationale,2,,,,
gérard_deliaune,Gérard Deliaune,Gérard Deliaune,,,,UNR-UDT,unr-udt,area/gironde,Gironde,Assemblée nationale,2,,,,
gérard_prioux,Gérard Prioux,Gérard Prioux,,,,UNR-UDT,unr-udt,area/seine-et-oise,Seine-et-Oise,Assemblée nationale,2,,,,
gérard_yvon,Gérard Yvon,Gérard Yvon,,,,S,s,area/loir-et-cher,Loir-et-Cher,Assemblée nationale,2,,,,
henri_baudouin,Henri Baudouin,Henri Baudouin,,,,UNR-UDT,unr-udt,area/manche,Manche,Assemblée nationale,2,,,,
henri_chaze,Henri Chaze,Henri Chaze,,,,C,c,area/ardèche,Ardèche,Assemblée nationale,2,,,,
henri_collette,Henri Collette,Henri Collette,,,,UNR-UDT,unr-udt,area/pas-de-calais,Pas-de-Calais,Assemblée nationale,2,,,,
henri_darras,Henri Darras,Henri Darras,,,,S,s,area/pas-de-calais,Pas-de-Calais,Assemblée nationale,2,,,,
henri_duffaut,Henri Duffaut,Henri Duffaut,,,,S,s,area/vaucluse,Vaucluse,Assemblée nationale,2,,,,
henri_duflot,Henri Duflot,Henri Duflot,,,,UNR-UDT,unr-udt,area/nord,Nord,Assemblée nationale,2,,,,
henri_duterne,Henri Duterne,Henri Duterne,,,,UNR-UDT,unr-udt,area/nord,Nord,Assemblée nationale,2,,,,
henri_duvillard,Henri Duvillard,Henri Duvillard,,,,UNR-UDT,unr-udt,area/loiret,Loiret,Assemblée nationale,2,,,,
henri_fiévez,Henri Fiévez,Henri Fiévez,,,,C,c,area/nord,Nord,Assemblée nationale,2,,,,
henri_fréville,Henri Fréville,Henri Fréville,,,,CD,cd,area/ille-et-vilaine,Ille-et-Vilaine,Assemblée nationale,2,,,,
henri_gorce-franklin,Henri Gorce-Franklin,Henri Gorce-Franklin,,,,UNR-UDT,unr-udt,area/rhône,Rhône,Assemblée nationale,2,,,,
henri_grenet,Henri Grenet,Henri Grenet,,,,RD,rd,area/basses-pyrénées,Basses-Pyrénées,Assemblée nationale,2,,,,
henri_guillermin,Henri Guillermin,Henri Guillermin,,,,UNR-UDT,unr-udt,area/rhône,Rhône,Assemblée nationale,2,,,,
henri_karcher,Henri Karcher,Henri Karcher,,,,UNR-UDT,unr-udt,area/moselle,Moselle,Assemblée nationale,2,,,,
henri_martel,Henri Martel,Henri Martel,,,,C,c,area/nord,Nord,Assemblée nationale,2,,,,
henri_meck,Henri Meck,Henri Meck,,,,CD,cd,area/bas-rhin,Bas-Rhin,Assemblée nationale,2,,,,
henri_terré,Henri Terré,Henri Terré,,,,RI,ri,area/aube,Aube,Assemblée nationale,2,,,,
henri-françois_buot,Henri-François Buot,Henri-François Buot,,,,UNR-UDT,unr-udt,area/calvados,Calvados,Assemblée nationale,2,,,,
henry_berger,Henry Berger,Henry Berger,,,,UNR-UDT,unr-udt,area/côte-d'or,Côte-d'Or,Assemblée nationale,2,,,,
henry_rey,Henry Rey,Henry Rey,,,,UNR-UDT,unr-udt,area/loire-atlantique,Loire-Atlantique,Assemblée nationale,2,,,,
hervé_laudrin,Hervé Laudrin,Hervé Laudrin,,,,UNR-UDT,unr-udt,area/morbihan,Morbihan,Assemblée nationale,2,,,,
hervé_loste,Hervé Loste,Hervé Loste,,,,RI,ri,area/wallis-et-futuna,Wallis-et-Futuna,Assemblée nationale,2,,,,
hippolyte_ducos,Hippolyte Ducos,Hippolyte Ducos,,,,RD,rd,area/haute-garonne,Haute-Garonne,Assemblée nationale,2,,,,
hubert_germain,Hubert Germain,Hubert Germain,,,,UNR-UDT,unr-udt,area/seine,Seine,Assemblée nationale,2,,,,
hubert_martin,Hubert Martin,Hubert Martin,,,,RI,ri,area/meurthe-et-moselle,Meurthe-et-Moselle,Assemblée nationale,2,,,,
hubert_ruffe,Hubert Ruffe,Hubert Ruffe,,,,C,c,area/lot-et-garonne,Lot-et-Garonne,Assemblée nationale,2,,,,
isidore_renouard,Isidore Renouard,Isidore Renouard,,,,RI,ri,area/ille-et-vilaine,Ille-et-Vilaine,Assemblée nationale,2,,,,
jacqueline_thome-patenôtre,Jacqueline Thome-Patenôtre,Jacqueline Thome-Patenôtre,,,,RD,rd,area/seine-et-oise,Seine-et-Oise,Assemblée nationale,2,,,,
jacques_boutard,Jacques Boutard,Jacques Boutard,,,,S,s,area/haute-loire,Haute-Loire,Assemblée nationale,2,,,,
jacques_chaban-delmas,Jacques Chaban-Delmas,Jacques Chaban-Delmas,,,,UNR-UDT,unr-udt,area/gironde,Gironde,Assemblée nationale,2,,,,
jacques_duhamel,Jacques Duhamel,Jacques Duhamel,,,,RD,rd,area/jura,Jura,Assemblée nationale,2,,,,
jacques_fouchier,Jacques Fouchier,Jacques Fouchier,,,,CD,cd,area/deux-sèvres,Deux-Sèvres,Assemblée nationale,2,,,,
jacques_hébert,Jacques Hébert,Jacques Hébert,,,,UNR-UDT,unr-udt,area/manche,Manche,Assemblée nationale,2,,,,
jacques_lavigne,Jacques Lavigne,Jacques Lavigne,,,,UNR-UDT,unr-udt,area/gironde,Gironde,Assemblée nationale,2,,,,
jacques_malleville,Jacques Malleville,Jacques Malleville,,,,UNR-UDT,unr-udt,area/seine,Seine,Assemblée nationale,2,,,,
jacques_marette,Jacques Marette,Jacques Marette,,,,UNR-UDT,unr-udt,area/seine,Seine,Assemblée nationale,2,,,,
jacques_maziol,Jacques Maziol,Jacques Maziol,,,,UNR-UDT,unr-udt,area/haute-garonne,Haute-Garonne,Assemblée nationale,2,,,,
jacques_mer,Jacques Mer,Jacques Mer,,,,UNR-UDT,unr-udt,area/seine,Seine,Assemblée nationale,2,,,,
jacques_millot,Jacques Millot,Jacques Millot,,,,UNR-UDT,unr-udt,area/maine-et-loire,Maine-et-Loire,Assemblée nationale,2,,,,
jacques_sanglier,Jacques Sanglier,Jacques Sanglier,,,,UNR-UDT,unr-udt,area/seine,Seine,Assemblée nationale,2,,,,
jacques_vendroux,Jacques Vendroux,Jacques Vendroux,,,,UNR-UDT,unr-udt,area/pas-de-calais,Pas-de-Calais,Assemblée nationale,2,,,,
jacques_weinman,Jacques Weinman,Jacques Weinman,,,,UNR-UDT,unr-udt,area/doubs,Doubs,Assemblée nationale,2,,,,
jacques-richard_delong,Jacques-Richard Delong,Jacques-Richard Delong,,,,UNR-UDT,unr-udt,area/haute-marne,Haute-Marne,Assemblée nationale,2,,,,
jean_bailly,Jean Bailly,Jean Bailly,,,,UNR-UDT,unr-udt,area/territoire_de_belfort,Territoire de Belfort,Assemblée nationale,2,,,,
jean_bernard,Jean Bernard,Jean Bernard,,,,CD,cd,area/isère,Isère,Assemblée nationale,2,,,,
jean_bernasconi,Jean Bernasconi,Jean Bernasconi,,,,UNR-UDT,unr-udt,area/seine,Seine,Assemblée nationale,2,,,,
jean_boinvilliers,Jean Boinvilliers,Jean Boinvilliers,,,,UNR-UDT,unr-udt,area/cher,Cher,Assemblée nationale,2,,,,
jean_bénard,Jean Bénard,Jean Bénard,,,,CD,cd,area/indre,Indre,Assemblée nationale,2,,,,
jean_bénard-mousseaux,Jean Bénard-Mousseaux,Jean Bénard-Mousseaux,,,,CD,cd,area/mans,Mans,Assemblée nationale,2,,,,
jean_chamant,Jean Chamant,Jean Chamant,,,,RI,ri,area/yonne,Yonne,Assemblée nationale,2,,,,
jean_charbonnel,Jean Charbonnel,Jean Charbonnel,,,,UNR-UDT,unr-udt,area/corrèze,Corrèze,Assemblée nationale,2,,,,
jean_coumaros,Jean Coumaros,Jean Coumaros,,,,UNR-UDT,unr-udt,area/moselle,Moselle,Assemblée nationale,2,,,,
jean_degraeve,Jean Degraeve,Jean Degraeve,,,,UNR-UDT,unr-udt,area/marne,Marne,Assemblée nationale,2,,,,
jean_delachenal,Jean Delachenal,Jean Delachenal,,,,RI,ri,area/savoie,Savoie,Assemblée nationale,2,,,,
jean_drouot-l'hermine,Jean Drouot-L'Hermine,Jean Drouot-L'Hermine,,,,UNR-UDT,unr-udt,area/seine-et-oise,Seine-et-Oise,Assemblée nationale,2,,,,
jean_durlot,Jean Durlot,Jean Durlot,,,,UNR-UDT,unr-udt,area/aube,Aube,Assemblée nationale,2,,,,
jean_foyer,Jean Foyer,Jean Foyer,,,,UNR-UDT,unr-udt,area/maine-et-loire,Maine-et-Loire,Assemblée nationale,2,,,,
jean_lainé,Jean Lainé,Jean Lainé,,,,RI,ri,area/eure,Eure,Assemblée nationale,2,,,,
jean_le_gall,Jean Le Gall,Jean Le Gall,,,,UNR-UDT,unr-udt,area/ardennes,Ardennes,Assemblée nationale,2,,,,
jean_le_lann,Jean Le Lann,Jean Le Lann,,,,CD,cd,area/ille-et-vilaine,Ille-et-Vilaine,Assemblée nationale,2,,,,
jean_lolive,Jean Lolive,Jean Lolive,,,,C,c,area/seine,Seine,Assemblée nationale,2,,,,
jean_masse,Jean Masse,Jean Masse,,,,S,s,area/bouches-du-rhône,Bouches-du-Rhône,Assemblée nationale,2,,,,
jean_montalat,Jean Montalat,Jean Montalat,,,,S,s,area/corrèze,Corrèze,Assemblée nationale,2,,,,
jean_moulin,Jean Moulin,Jean Moulin,,,,CD,cd,area/ardèche,Ardèche,Assemblée nationale,2,,,,
jean_nègre,Jean Nègre,Jean Nègre,,,,S,s,area/allier,Allier,Assemblée nationale,2,,,,
jean_risbourg,Jean Risbourg,Jean Risbourg,,,,UNR-UDT,unr-udt,area/aisne,Aisne,Assemblée nationale,2,,,,
jean_royer,Jean Royer,Jean Royer,,,,NI,ni,area/indre-et-loire,Indre-et-Loire,Assemblée nationale,2,,,,
jean_sagette,Jean Sagette,Jean Sagette,,,,UNR-UDT,unr-udt,area/cantal,Cantal,Assemblée nationale,2,,,,
jean_sainteny,Jean Sainteny,Jean Sainteny,,,,UNR-UDT,unr-udt,area/seine,Seine,Assemblée nationale,2,,,,
jean_sourbet,Jean Sourbet,Jean Sourbet,,,,RD,rd,area/gironde,Gironde,Assemblée nationale,2,,,,
jean_taittinger,Jean Taittinger,Jean Taittinger,,,,UNR-UDT,unr-udt,area/marne,Marne,Assemblée nationale,2,,,,
jean_toury,Jean Toury,Jean Toury,,,,UNR-UDT,unr-udt,area/indre,Indre,Assemblée nationale,2,,,,
jean_valentin,Jean Valentin,Jean Valentin,,,,NI,ni,area/charente,Charente,Assemblée nationale,2,,,,
jean_vanier,Jean Vanier,Jean Vanier,,,,UNR-UDT,unr-udt,area/isère,Isère,Assemblée nationale,2,,,,
jean_zuccarelli,Jean Zuccarelli,Jean Zuccarelli,,,,RD,rd,area/corse,Corse,Assemblée nationale,2,,,,
jean_de_broglie,Jean de Broglie,Jean de Broglie,,,,RI,ri,area/eure,Eure,Assemblée nationale,2,,,,
jean_de_lipkowski,Jean de Lipkowski,Jean de Lipkowski,,,,UNR-UDT,unr-udt,area/charente-maritime,Charente-Maritime,Assemblée nationale,2,,,,
jean_de_préaumont,Jean de Préaumont,Jean de Préaumont,,,,UNR-UDT,unr-udt,area/seine,Seine,Assemblée nationale,2,,,,
jean-charles_lepidi,Jean-Charles Lepidi,Jean-Charles Lepidi,,,,UNR-UDT,unr-udt,area/seine,Seine,Assemblée nationale,2,,,,
jean-louis_gasparini,Jean-Louis Gasparini,Jean-Louis Gasparini,,,,UNR-UDT,unr-udt,area/moselle,Moselle,Assemblée nationale,2,,,,
jean-marie_commenay,Jean-Marie Commenay,Jean-Marie Commenay,,,,CD,cd,area/landes,Landes,Assemblée nationale,2,,,,
jean-marie_morisse,Jean-Marie Morisse,Jean-Marie Morisse,,,,UNR-UDT,unr-udt,area/seine-maritime,Seine-Maritime,Assemblée nationale,2,,,,
jean-marie_poirier,Jean-Marie Poirier,Jean-Marie Poirier,,,,UNR-UDT,unr-udt,area/seine-et-oise,Seine-et-Oise,Assemblée nationale,2,,,,
jean-paul_palewski,Jean-Paul Palewski,Jean-Paul Palewski,,,,UNR-UDT,unr-udt,area/seine-et-oise,Seine-et-Oise,Assemblée nationale,2,,,,
jean-paul_de_rocca_serra,Jean-Paul de Rocca Serra,Jean-Paul de Rocca Serra,,,,NI,ni,area/corse,Corse,Assemblée nationale,2,,,,
jean-yves_chapalain,Jean-Yves Chapalain,Jean-Yves Chapalain,,,,UNR-UDT,unr-udt,area/sarthe,Sarthe,Assemblée nationale,2,,,,
jeannette_prin,Jeannette Prin,Jeannette Prin,,,,C,c,area/pas-de-calais,Pas-de-Calais,Assemblée nationale,2,,,,
jeannil_dumortier,Jeannil Dumortier,Jeannil Dumortier,,,,S,s,area/pas-de-calais,Pas-de-Calais,Assemblée nationale,2,,,,
john_teariki,John Teariki,John Teariki,,,,CD,cd,area/polynésie_française,Polynésie française,Assemblée nationale,2,,,,
joseph_charvet,Joseph Charvet,Joseph Charvet,,,,RI,ri,area/rhône,Rhône,Assemblée nationale,2,,,,
joseph_fontanet,Joseph Fontanet,Joseph Fontanet,,,,CD,cd,area/savoie,Savoie,Assemblée nationale,2,,,,
joseph_frys,Joseph Frys,Joseph Frys,,,,UNR-UDT,unr-udt,area/nord,Nord,Assemblée nationale,2,,,,
joseph_nou,Joseph Nou,Joseph Nou,,,,UNR-UDT,unr-udt,area/meurthe-et-moselle,Meurthe-et-Moselle,Assemblée nationale,2,,,,
joseph_perrin,Joseph Perrin,Joseph Perrin,,,,UNR-UDT,unr-udt,area/haut-rhin,Haut-Rhin,Assemblée nationale,2,,,,
joseph_philippe,Joseph Philippe,Joseph Philippe,,,,CD,cd,area/haute-savoie,Haute-Savoie,Assemblée nationale,2,,,,
joseph_planeix,Joseph Planeix,Joseph Planeix,,,,S,s,area/puy-de-dôme,Puy-de-Dôme,Assemblée nationale,2,,,,
joseph_rivière,Joseph Rivière,Joseph Rivière,,,,CD,cd,area/rhône,Rhône,Assemblée nationale,2,,,,
joseph_schaff,Joseph Schaff,Joseph Schaff,,,,CD,cd,area/moselle,Moselle,Assemblée nationale,2,,,,
joël_le_tac,Joël Le Tac,Joël Le Tac,,,,UNR-UDT,unr-udt,area/seine,Seine,Assemblée nationale,2,,,,
joël_le_theule,Joël Le Theule,Joël Le Theule,,,,UNR-UDT,unr-udt,area/sarthe,Sarthe,Assemblée nationale,2,,,,
jules_fil,Jules Fil,Jules Fil,,,,S,s,area/aude,Aude,Assemblée nationale,2,,,,
jules_houcke,Jules Houcke,Jules Houcke,,,,UNR-UDT,unr-udt,area/nord,Nord,Assemblée nationale,2,,,,
jules_moch,Jules Moch,Jules Moch,,,,S,s,area/hérault,Hérault,Assemblée nationale,2,,,,
julien_schvartz,Julien Schvartz,Julien Schvartz,,,,UNR-UDT,unr-udt,area/moselle,Moselle,Assemblée nationale,2,,,,
kléber_loustau,Kléber Loustau,Kléber Loustau,,,,S,s,area/loir-et-cher,Loir-et-Cher,Assemblée nationale,2,,,,
lionel_de_tinguy_du_pouët,Lionel de Tinguy du Pouët,Lionel de Tinguy du Pouët,,,,CD,cd,area/vendée,Vendée,Assemblée nationale,2,,,,
liévin_danel,Liévin Danel,Liévin Danel,,,,UNR-UDT,unr-udt,area/nord,Nord,Assemblée nationale,2,,,,
louis_boisson,Louis Boisson,Louis Boisson,,,,S,s,area/seine-maritime,Seine-Maritime,Assemblée nationale,2,,,,
louis_briot,Louis Briot,Louis Briot,,,,UNR-UDT,unr-udt,area/aube,Aube,Assemblée nationale,2,,,,
louis_christiaens,Louis Christiaens,Louis Christiaens,,,,UNR-UDT,unr-udt,area/nord,Nord,Assemblée nationale,2,,,,
louis_delmas,Louis Delmas,Louis Delmas,,,,S,s,area/tarn-et-garonne,Tarn-et-Garonne,Assemblée nationale,2,,,,
louis_escande,Louis Escande,Louis Escande,,,,S,s,area/saône-et-loire,Saône-et-Loire,Assemblée nationale,2,,,,
louis_fourmond,Louis Fourmond,Louis Fourmond,,,,CD,cd,area/mayenne,Mayenne,Assemblée nationale,2,,,,
louis_jacquinot,Louis Jacquinot,Louis Jacquinot,,,,UNR-UDT,unr-udt,area/meuse,Meuse,Assemblée nationale,2,,,,
louis_jaillon,Louis Jaillon,Louis Jaillon,,,,CD,cd,area/jura,Jura,Assemblée nationale,2,,,,
louis_longequeue,Louis Longequeue,Louis Longequeue,,,,S,s,area/haute-vienne,Haute-Vienne,Assemblée nationale,2,,,,
louis_maillot,Louis Maillot,Louis Maillot,,,,UNR-UDT,unr-udt,area/doubs,Doubs,Assemblée nationale,2,,,,
louis_michaud,Louis Michaud,Louis Michaud,,,,CD,cd,area/vendée,Vendée,Assemblée nationale,2,,,,
louis_odru,Louis Odru,Louis Odru,,,,C,c,area/seine,Seine,Assemblée nationale,2,,,,
louis_orvoën,Louis Orvoën,Louis Orvoën,,,,CD,cd,area/finistère,Finistère,Assemblée nationale,2,,,,
louis_philibert,Louis Philibert,Louis Philibert,,,,S,s,area/bouches-du-rhône,Bouches-du-Rhône,Assemblée nationale,2,,,,
louis_pimont,Louis Pimont,Louis Pimont,,,,S,s,area/dordogne,Dordogne,Assemblée nationale,2,,,,
louis_roche-defrance,Louis Roche-Defrance,Louis Roche-Defrance,,,,RI,ri,area/ardèche,Ardèche,Assemblée nationale,2,,,,
louis_sallé,Louis Sallé,Louis Sallé,,,,UNR-UDT,unr-udt,area/loiret,Loiret,Assemblée nationale,2,,,,
louis_terrenoire,Louis Terrenoire,Louis Terrenoire,,,,UNR-UDT,unr-udt,area/orne,Orne,Assemblée nationale,2,,,,
louis_vallon,Louis Vallon,Louis Vallon,,,,UNR-UDT,unr-udt,area/seine-et-oise,Seine-et-Oise,Assemblée nationale,2,,,,
lucien_bourgeois,Lucien Bourgeois,Lucien Bourgeois,,,,UNR-UDT,unr-udt,area/var,Var,Assemblée nationale,2,,,,
lucien_meunier,Lucien Meunier,Lucien Meunier,,,,UNR-UDT,unr-udt,area/ardennes,Ardennes,Assemblée nationale,2,,,,
lucien_milhau,Lucien Milhau,Lucien Milhau,,,,S,s,area/aude,Aude,Assemblée nationale,2,,,,
lucien_neuwirth,Lucien Neuwirth,Lucien Neuwirth,,,,UNR-UDT,unr-udt,area/loire,Loire,Assemblée nationale,2,,,,
lucien_richard,Lucien Richard,Lucien Richard,,,,UNR-UDT,unr-udt,area/loire-atlantique,Loire-Atlantique,Assemblée nationale,2,,,,
léon_feix,Léon Feix,Léon Feix,,,,C,c,area/seine-et-oise,Seine-et-Oise,Assemblée nationale,2,,,,
léon_heitz,Léon Heitz,Léon Heitz,,,,UNR-UDT,unr-udt,area/somme,Somme,Assemblée nationale,2,,,,
léon_salagnac,Léon Salagnac,Léon Salagnac,,,,C,c,area/seine,Seine,Assemblée nationale,2,,,,
léopold_héder,Léopold Héder,Léopold Héder,,,,S,s,area/guyane,Guyane,Assemblée nationale,2,,,,
marc_jacquet,Marc Jacquet,Marc Jacquet,,,,UNR-UDT,unr-udt,area/seine-et-marne,Seine-et-Marne,Assemblée nationale,2,,,,
marc_saintout,Marc Saintout,Marc Saintout,,,,UNR-UDT,unr-udt,area/seine,Seine,Assemblée nationale,2,,,,
marceau_laurent,Marceau Laurent,Marceau Laurent,,,,S,s,area/nord,Nord,Assemblée nationale,2,,,,
marcel_anthonioz,Marcel Anthonioz,Marcel Anthonioz,,,,RI,ri,area/ain,Ain,Assemblée nationale,2,,,,
marcel_bayle,Marcel Bayle,Marcel Bayle,,,,UNR-UDT,unr-udt,area/var,Var,Assemblée nationale,2,,,,
marcel_bousseau,Marcel Bousseau,Marcel Bousseau,,,,UNR-UDT,unr-udt,area/vendée,Vendée,Assemblée nationale,2,,,,
marcel_béraud,Marcel Béraud,Marcel Béraud,,,,UNR-UDT,unr-udt,area/nord-pas-de-calais,Nord-Pas-de-Calais,Assemblée nationale,2,,,,
marcel_cerneau,Marcel Cerneau,Marcel Cerneau,,,,CD,cd,area/la_réunion,La Réunion,Assemblée nationale,2,,,,
marcel_dassault,Marcel Dassault,Marcel Dassault,,,,UNR-UDT,unr-udt,area/oise,Oise,Assemblée nationale,2,,,,
marcel_guyot,Marcel Guyot,Marcel Guyot,,,,C,c,area/allier,Allier,Assemblée nationale,2,,,,
marcel_hoffer,Marcel Hoffer,Marcel Hoffer,,,,UNR-UDT,unr-udt,area/vosges,Vosges,Assemblée nationale,2,,,,
marcel_houël,Marcel Houël,Marcel Houël,,,,C,c,area/rhône,Rhône,Assemblée nationale,2,,,,
marcel_massot,Marcel Massot,Marcel Massot,,,,RD,rd,area/basses-alpes,Basses-Alpes,Assemblée nationale,2,,,,
marcel_raffier,Marcel Raffier,Marcel Raffier,,,,UNR-UDT,unr-udt,area/haute-loire,Haute-Loire,Assemblée nationale,2,,,,
marcel_vauthier,Marcel Vauthier,Marcel Vauthier,,,,NI,ni,area/la_réunion,La Réunion,Assemblée nationale,2,,,,
marie_françois-bénard,Marie François-Bénard,Marie François-Bénard,,,,RD,rd,area/hautes-alpes,Hautes-Alpes,Assemblée nationale,2,,,,
marie-claude_vaillant-couturier,Marie-Claude Vaillant-Couturier,Marie-Claude Vaillant-Couturier,,,,C,c,area/seine,Seine,Assemblée nationale,2,,,,
marie-madeleine_dienesch,Marie-Madeleine Dienesch,Marie-Madeleine Dienesch,,,,CD,cd,area/côtes-d'armor,Côtes-d'Armor,Assemblée nationale,2,,,,
marie-magdeleine_aymé_de_la_chevrelière,Marie-Magdeleine Aymé de La Chevrelière,Marie-Magdeleine Aymé de La Chevrelière,,,,CD,cd,area/deux-sèvres,Deux-Sèvres,Assemblée nationale,2,,,,
marius_durbet,Marius Durbet,Marius Durbet,,,,UNR-UDT,unr-udt,area/nièvre,Nièvre,Assemblée nationale,2,,,,
maurice_bardet,Maurice Bardet,Maurice Bardet,,,,UNR-UDT,unr-udt,area/morbihan,Morbihan,Assemblée nationale,2,,,,
maurice_delory,Maurice Delory,Maurice Delory,,,,UNR-UDT,unr-udt,area/pas-de-calais,Pas-de-Calais,Assemblée nationale,2,,,,
maurice_faure,Maurice Faure,Maurice Faure,,,,RD,rd,area/lot,Lot,Assemblée nationale,2,,,,
maurice_georges,Maurice Georges,Maurice Georges,,,,UNR-UDT,unr-udt,area/seine-maritime,Seine-Maritime,Assemblée nationale,2,,,,
maurice_herzog,Maurice Herzog,Maurice Herzog,,,,UNR-UDT,unr-udt,area/rhône,Rhône,Assemblée nationale,2,,,,
maurice_lemaire,Maurice Lemaire,Maurice Lemaire,,,,UNR-UDT,unr-udt,area/vosges,Vosges,Assemblée nationale,2,,,,
maurice_lenormand,Maurice Lenormand,Maurice Lenormand,,,,CD,cd,area/nouvelle-calédonie,Nouvelle-Calédonie,Assemblée nationale,2,,,,
maurice_nilès,Maurice Nilès,Maurice Nilès,,,,C,c,area/seine,Seine,Assemblée nationale,2,,,,
maurice_pic,Maurice Pic,Maurice Pic,,,,S,s,area/drôme,Drôme,Assemblée nationale,2,,,,
maurice_schnebelen,Maurice Schnebelen,Maurice Schnebelen,,,,RI,ri,area/moselle,Moselle,Assemblée nationale,2,,,,
maurice_schumann,Maurice Schumann,Maurice Schumann,,,,CD,cd,area/nord,Nord,Assemblée nationale,2,,,,
maurice_thorez,Maurice Thorez,Maurice Thorez,,,,C,c,area/seine,Seine,Assemblée nationale,2,,,,
max_lejeune,Max Lejeune,Max Lejeune,,,,S,s,area/somme,Somme,Assemblée nationale,2,,,,
michel_boscher,Michel Boscher,Michel Boscher,,,,UNR-UDT,unr-udt,area/seine-et-oise,Seine-et-Oise,Assemblée nationale,2,,,,
michel_couillet,Michel Couillet,Michel Couillet,,,,C,c,area/somme,Somme,Assemblée nationale,2,,,,
michel_habib-deloncle,Michel Habib-Deloncle,Michel Habib-Deloncle,,,,UNR-UDT,unr-udt,area/seine,Seine,Assemblée nationale,2,,,,
michel_hoguet,Michel Hoguet,Michel Hoguet,,,,UNR-UDT,unr-udt,area/eure-et-loir,Eure-et-Loir,Assemblée nationale,2,,,,
michel_jacquet,Michel Jacquet,Michel Jacquet,,,,CD,cd,area/loire,Loire,Assemblée nationale,2,,,,
michel_jamot,Michel Jamot,Michel Jamot,,,,UNR-UDT,unr-udt,area/seine-et-oise,Seine-et-Oise,Assemblée nationale,2,,,,
michel_labéguerie,Michel Labéguerie,Michel Labéguerie,,,,CD,cd,area/basses-pyrénées,Basses-Pyrénées,Assemblée nationale,2,,,,
michel_maurice-bokanowski,Michel Maurice-Bokanowski,Michel Maurice-Bokanowski,,,,UNR-UDT,unr-udt,area/seine,Seine,Assemblée nationale,2,,,,
michel_d'aillières,Michel d'Aillières,Michel d'Aillières,,,,RI,ri,area/sarthe,Sarthe,Assemblée nationale,2,,,,
michel_de_grailly,Michel de Grailly,Michel de Grailly,,,,UNR-UDT,unr-udt,area/paris,Paris,Assemblée nationale,2,,,,
moussa_ahmed_idriss,Moussa Ahmed Idriss,Moussa Ahmed Idriss,,,,UNR-UDT,unr-udt,area/côte_française_des_somalis,Côte française des Somalis,Assemblée nationale,2,,,,
médard_albrand,Médard Albrand,Médard Albrand,,,,UNR-UDT,unr-udt,area/guadeloupe,Guadeloupe,Assemblée nationale,2,,,,
narcisse_pavot,Narcisse Pavot,Narcisse Pavot,,,,S,s,area/nord,Nord,Assemblée nationale,2,,,,
nicole_de_hauteclocque,Nicole de Hauteclocque,Nicole de Hauteclocque,,,,UNR-UDT,unr-udt,area/seine,Seine,Assemblée nationale,2,,,,
noël_barrot,Noël Barrot,Noël Barrot,,,,CD,cd,area/haute-loire,Haute-Loire,Assemblée nationale,2,,,,
noël_chapuis,Noël Chapuis,Noël Chapuis,,,,CD,cd,area/isère,Isère,Assemblée nationale,2,,,,
olivier_de_pierrebourg,Olivier de Pierrebourg,Olivier de Pierrebourg,,,,RD,rd,area/creuse,Creuse,Assemblée nationale,2,,,,
olivier_de_sesmaisons,Olivier de Sesmaisons,Olivier de Sesmaisons,,,,RI,ri,area/loire-atlantique,Loire-Atlantique,Assemblée nationale,2,,,,
paul_alduy,Paul Alduy,Paul Alduy,,,,RD,rd,area/pyrénées-orientales,Pyrénées-Orientales,Assemblée nationale,2,,,,
paul_balmigère,Paul Balmigère,Paul Balmigère,,,,C,c,area/hérault,Hérault,Assemblée nationale,2,,,,
paul_barberot,Paul Barberot,Paul Barberot,,,,CD,cd,area/ain,Ain,Assemblée nationale,2,,,,
paul_béchard,Paul Béchard,Paul Béchard,,,,S,s,area/gard,Gard,Assemblée nationale,2,,,,
paul_bécue,Paul Bécue,Paul Bécue,,,,UNR-UDT,unr-udt,area/nord,Nord,Assemblée nationale,2,,,,
paul_cermolacce,Paul Cermolacce,Paul Cermolacce,,,,C,c,area/bouches-du-rhône,Bouches-du-Rhône,Assemblée nationale,2,,,,
paul_coste-floret,Paul Coste-Floret,Paul Coste-Floret,,,,CD,cd,area/hérault,Hérault,Assemblée nationale,2,,,,
paul_duraffour,Paul Duraffour,Paul Duraffour,,,,RD,rd,area/saône-et-loire,Saône-et-Loire,Assemblée nationale,2,,,,
paul_ihuel,Paul Ihuel,Paul Ihuel,,,,CD,cd,area/morbihan,Morbihan,Assemblée nationale,2,,,,
paul_mainguy,Paul Mainguy,Paul Mainguy,,,,UNR-UDT,unr-udt,area/seine,Seine,Assemblée nationale,2,,,,
paul_pillet,Paul Pillet,Paul Pillet,,,,CD,cd,area/loire,Loire,Assemblée nationale,2,,,,
paul_rivière,Paul Rivière,Paul Rivière,,,,UNR-UDT,unr-udt,area/loire,Loire,Assemblée nationale,2,,,,
paul_séramy,Paul Séramy,Paul Séramy,,,,RD,rd,area/seine-et-marne,Seine-et-Marne,Assemblée nationale,2,,,,
paul_thillard,Paul Thillard,Paul Thillard,,,,UNR-UDT,unr-udt,area/hautes-pyrénées,Hautes-Pyrénées,Assemblée nationale,2,,,,
paul_vignaux,Paul Vignaux,Paul Vignaux,,,,S,s,area/gers,Gers,Assemblée nationale,2,,,,
philippe_danilo,Philippe Danilo,Philippe Danilo,,,,UNR-UDT,unr-udt,area/rhône,Rhône,Assemblée nationale,2,,,,
philippe_rivain,Philippe Rivain,Philippe Rivain,,,,UNR-UDT,unr-udt,area/maine-et-loire,Maine-et-Loire,Assemblée nationale,2,,,,
pierre_abelin,Pierre Abelin,Pierre Abelin,,,,CD,cd,area/vienne,Vienne,Assemblée nationale,2,,,,
pierre_augier,Pierre Augier,Pierre Augier,,,,S,s,area/vaucluse,Vaucluse,Assemblée nationale,2,,,,
pierre_bas,Pierre Bas,Pierre Bas,,,,UNR-UDT,unr-udt,area/paris,Paris,Assemblée nationale,2,,,,
pierre_baudis,Pierre Baudis,Pierre Baudis,,,,CD,cd,area/haute-garonne,Haute-Garonne,Assemblée nationale,2,,,,
pierre_billotte,Pierre Billotte,Pierre Billotte,,,,UNR-UDT,unr-udt,area/seine,Seine,Assemblée nationale,2,,,,
pierre_bourdellès,Pierre Bourdellès,Pierre Bourdellès,,,,CD,cd,area/côtes-du-nord,Côtes-du-Nord,Assemblée nationale,2,,,,
pierre_charié,Pierre Charié,Pierre Charié,,,,UNR-UDT,unr-udt,area/loiret,Loiret,Assemblée nationale,2,,,,
pierre_clostermann,Pierre Clostermann,Pierre Clostermann,,,,UNR-UDT,unr-udt,area/seine-et-oise,Seine-et-Oise,Assemblée nationale,2,,,,
pierre_comte-offenbach,Pierre Comte-Offenbach,Pierre Comte-Offenbach,,,,UNR-UDT,unr-udt,area/seine,Seine,Assemblée nationale,2,,,,
pierre_couderc,Pierre Couderc,Pierre Couderc,,,,RI,ri,area/lozère,Lozère,Assemblée nationale,2,,,,
pierre_dalainzy,Pierre Dalainzy,Pierre Dalainzy,,,,RI,ri,area/meurthe-et-moselle,Meurthe-et-Moselle,Assemblée nationale,2,,,,
pierre_doize,Pierre Doize,Pierre Doize,,,,C,c,area/bouches-du-rhône,Bouches-du-Rhône,Assemblée nationale,2,,,,
pierre_dumas,Pierre Dumas,Pierre Dumas,,,,UNR-UDT,unr-udt,area/savoie,Savoie,Assemblée nationale,2,,,,
pierre_forest,Pierre Forest,Pierre Forest,,,,S,s,area/nord,Nord,Assemblée nationale,2,,,,
pierre_gamel,Pierre Gamel,Pierre Gamel,,,,UNR-UDT,unr-udt,area/gard,Gard,Assemblée nationale,2,,,,
pierre_gaudin,Pierre Gaudin,Pierre Gaudin,,,,S,s,area/var,Var,Assemblée nationale,2,,,,
pierre_godefroy,Pierre Godefroy,Pierre Godefroy,,,,UNR-UDT,unr-udt,area/manche,Manche,Assemblée nationale,2,,,,
pierre_herman,Pierre Herman,Pierre Herman,,,,UNR-UDT,unr-udt,area/nord,Nord,Assemblée nationale,2,,,,
pierre_lemarchand,Pierre Lemarchand,Pierre Lemarchand,,,,UNR-UDT,unr-udt,area/yonne,Yonne,Assemblée nationale,2,,,,
pierre_lepage,Pierre Lepage,Pierre Lepage,,,,UNR-UDT,unr-udt,area/indre-et-loire,Indre-et-Loire,Assemblée nationale,2,,,,
pierre_litoux,Pierre Litoux,Pierre Litoux,,,,UNR-UDT,unr-udt,area/loire-atlantique,Loire-Atlantique,Assemblée nationale,2,,,,
pierre_marquand-gairard,Pierre Marquand-Gairard,Pierre Marquand-Gairard,,,,UNR-UDT,unr-udt,area/bouches-du-rhône,Bouches-du-Rhône,Assemblée nationale,2,,,,
pierre_monnerville,Pierre Monnerville,Pierre Monnerville,,,,S,s,area/guadeloupe,Guadeloupe,Assemblée nationale,2,,,,
pierre_pasquini,Pierre Pasquini,Pierre Pasquini,,,,UNR-UDT,unr-udt,area/alpes-maritimes,Alpes-Maritimes,Assemblée nationale,2,,,,
pierre_pflimlin,Pierre Pflimlin,Pierre Pflimlin,,,,CD,cd,area/bas-rhin,Bas-Rhin,Assemblée nationale,2,,,,
pierre_ruais,Pierre Ruais,Pierre Ruais,,,,UNR-UDT,unr-udt,area/seine,Seine,Assemblée nationale,2,,,,
pierre_sallenave,Pierre Sallenave,Pierre Sallenave,,,,CD,cd,area/basses-pyrénées,Basses-Pyrénées,Assemblée nationale,2,,,,
pierre_vitter,Pierre Vitter,Pierre Vitter,,,,RI,ri,area/haute-saône,Haute-Saône,Assemblée nationale,2,,,,
pierre_weber,Pierre Weber,Pierre Weber,,,,RI,ri,area/meurthe-et-moselle,Meurthe-et-Moselle,Assemblée nationale,2,,,,
pierre_ziller,Pierre Ziller,Pierre Ziller,,,,UNR-UDT,unr-udt,area/alpes-maritimes,Alpes-Maritimes,Assemblée nationale,2,,,,
pierre_de_montesquiou,Pierre de Montesquiou,Pierre de Montesquiou,,,,RD,rd,area/gers,Gers,Assemblée nationale,2,,,,
pierre-charles_krieg,Pierre-Charles Krieg,Pierre-Charles Krieg,,,,UNR-UDT,unr-udt,area/seine,Seine,Assemblée nationale,2,,,,
pierre-louis_bourgoin,Pierre-Louis Bourgoin,Pierre-Louis Bourgoin,,,,UNR-UDT,unr-udt,area/seine,Seine,Assemblée nationale,2,,,,
raoul_bayou,Raoul Bayou,Raoul Bayou,,,,S,s,area/hérault,Hérault,Assemblée nationale,2,,,,
raoul_bleuse,Raoul Bleuse,Raoul Bleuse,,,,Non-Inscrit,non-inscrit,area/seine,Seine,Assemblée nationale,2,,,,
raymond_barbet,Raymond Barbet,Raymond Barbet,,,,C,c,area/paris,Paris,Assemblée nationale,2,,,,
raymond_boisdé,Raymond Boisdé,Raymond Boisdé,,,,RI,ri,area/cher,Cher,Assemblée nationale,2,,,,
raymond_gernez,Raymond Gernez,Raymond Gernez,,,,S,s,area/nord,Nord,Assemblée nationale,2,,,,
raymond_marcellin,Raymond Marcellin,Raymond Marcellin,,,,RI,ri,area/morbihan,Morbihan,Assemblée nationale,2,,,,
raymond_mondon,Raymond Mondon,Raymond Mondon,,,,RI,ri,area/moselle,Moselle,Assemblée nationale,2,,,,
raymond_réthoré,Raymond Réthoré,Raymond Réthoré,,,,UNR-UDT,unr-udt,area/charente,Charente,Assemblée nationale,2,,,,
raymond_schmittlein,Raymond Schmittlein,Raymond Schmittlein,,,,UNR-UDT,unr-udt,area/territoire_de_belfort,Territoire de Belfort,Assemblée nationale,2,,,,
raymond_triboulet,Raymond Triboulet,Raymond Triboulet,,,,UNR-UDT,unr-udt,area/calvados,Calvados,Assemblée nationale,2,,,,
raymond_valenet,Raymond Valenet,Raymond Valenet,,,,UNR-UDT,unr-udt,area/seine-et-oise,Seine-et-Oise,Assemblée nationale,2,,,,
raymond_zimmermann,Raymond Zimmermann,Raymond Zimmermann,,,,UNR-UDT,unr-udt,area/haut-rhin,Haut-Rhin,Assemblée nationale,2,,,,
rené_billères,René Billères,René Billères,,,,RD,rd,area/hautes-pyrénées,Hautes-Pyrénées,Assemblée nationale,2,,,,
rené_caille,René Caille,René Caille,,,,UNR-UDT,unr-udt,area/rhône,Rhône,Assemblée nationale,2,,,,
rené_cance,René Cance,René Cance,,,,C,c,area/seine-maritime,Seine-Maritime,Assemblée nationale,2,,,,
rené_capitant,René Capitant,René Capitant,,,,UNR-UDT,unr-udt,area/seine,Seine,Assemblée nationale,2,,,,
rené_charpentier,René Charpentier,René Charpentier,,,,CD,cd,area/marne,Marne,Assemblée nationale,2,,,,
rené_dejean,René Dejean,René Dejean,,,,S,s,area/ariège,Ariège,Assemblée nationale,2,,,,
rené_la_combe,René La Combe,René La Combe,,,,UNR-UDT,unr-udt,area/maine-et-loire,Maine-et-Loire,Assemblée nationale,2,,,,
rené_lamps,René Lamps,René Lamps,,,,C,c,area/somme,Somme,Assemblée nationale,2,,,,
rené_le_bault_de_la_morinière,René Le Bault de La Morinière,René Le Bault de La Morinière,,,,UNR-UDT,unr-udt,area/maine-et-loire,Maine-et-Loire,Assemblée nationale,2,,,,
rené_lecocq,René Lecocq,René Lecocq,,,,UNR-UDT,unr-udt,area/nord,Nord,Assemblée nationale,2,,,,
rené_leduc,René Leduc,René Leduc,,,,UNR-UDT,unr-udt,area/seine-et-oise,Seine-et-Oise,Assemblée nationale,2,,,,
rené_pleven,René Pleven,René Pleven,,,,CD,cd,area/côtes-du-nord,Côtes-du-Nord,Assemblée nationale,2,,,,
rené_quentier,René Quentier,René Quentier,,,,UNR-UDT,unr-udt,area/oise,Oise,Assemblée nationale,2,,,,
rené_radius,René Radius,René Radius,,,,UNR-UDT,unr-udt,area/bas-rhin,Bas-Rhin,Assemblée nationale,2,,,,
rené_regaudie,René Regaudie,René Regaudie,,,,S,s,area/haute-vienne,Haute-Vienne,Assemblée nationale,2,,,,
rené_ribière,René Ribière,René Ribière,,,,UNR-UDT,unr-udt,area/seine-et-oise,Seine-et-Oise,Assemblée nationale,2,,,,
rené_rieubon,René Rieubon,René Rieubon,,,,C,c,area/bouches-du-rhône,Bouches-du-Rhône,Assemblée nationale,2,,,,
rené_sanson,René Sanson,René Sanson,,,,UNR-UDT,unr-udt,area/seine,Seine,Assemblée nationale,2,,,,
rené_tomasini,René Tomasini,René Tomasini,,,,UNR-UDT,unr-udt,area/eure,Eure,Assemblée nationale,2,,,,
rené-georges_laurin,René-Georges Laurin,René-Georges Laurin,,,,UNR-UDT,unr-udt,area/var,Var,Assemblée nationale,2,,,,
robert_ballanger,Robert Ballanger,Robert Ballanger,,,,C,c,area/seine-et-oise,Seine-et-Oise,Assemblée nationale,2,,,,
robert_bisson,Robert Bisson,Robert Bisson,,,,UNR-UDT,unr-udt,area/calvados,Calvados,Assemblée nationale,2,,,,
robert_boulin,Robert Boulin,Robert Boulin,,,,UNR-UDT,unr-udt,area/gironde,Gironde,Assemblée nationale,2,,,,
robert_brettes,Robert Brettes,Robert Brettes,,,,S,s,area/gironde,Gironde,Assemblée nationale,2,,,,
robert_calméjane,Robert Calméjane,Robert Calméjane,,,,UNR-UDT,unr-udt,area/seine,Seine,Assemblée nationale,2,,,,
robert_fabre,Robert Fabre,Robert Fabre,,,,RD,rd,area/aveyron,Aveyron,Assemblée nationale,2,,,,
robert_hauret,Robert Hauret,Robert Hauret,,,,UNR-UDT,unr-udt,area/maine-et-loire,Maine-et-Loire,Assemblée nationale,2,,,,
robert_hersant,Robert Hersant,Robert Hersant,,,,RD,rd,area/oise,Oise,Assemblée nationale,2,,,,
robert_hostier,Robert Hostier,Robert Hostier,,,,C,c,area/nièvre,Nièvre,Assemblée nationale,2,,,,
robert_lacoste,Robert Lacoste,Robert Lacoste,,,,S,s,area/dordogne,Dordogne,Assemblée nationale,2,,,,
robert_manceau,Robert Manceau,Robert Manceau,,,,C,c,area/sarthe,Sarthe,Assemblée nationale,2,,,,
robert_morlevat,Robert Morlevat,Robert Morlevat,,,,RD,rd,area/côte-d'or,Côte-d'Or,Assemblée nationale,2,,,,
robert_richet,Robert Richet,Robert Richet,,,,UNR-UDT,unr-udt,area/côtes-du-nord,Côtes-du-Nord,Assemblée nationale,2,,,,
robert_wagner,Robert Wagner,Robert Wagner,,,,UNR-UDT,unr-udt,area/seine-et-oise,Seine-et-Oise,Assemblée nationale,2,,,,
robert-andré_vivien,Robert-André Vivien,Robert-André Vivien,,,,UNR-UDT,unr-udt,area/seine,Seine,Assemblée nationale,2,,,,
roger_dusseaulx,Roger Dusseaulx,Roger Dusseaulx,,,,UNR-UDT,unr-udt,area/seine-maritime,Seine-Maritime,Assemblée nationale,2,,,,
roger_fossé,Roger Fossé,Roger Fossé,,,,UNR-UDT,unr-udt,area/seine-maritime,Seine-Maritime,Assemblée nationale,2,,,,
roger_frey,Roger Frey,Roger Frey,,,,UNR-UDT,unr-udt,area/seine,Seine,Assemblée nationale,2,,,,
roger_goemaere,Roger Goemaere,Roger Goemaere,,,,UNR-UDT,unr-udt,area/loir-et-cher,Loir-et-Cher,Assemblée nationale,2,,,,
roger_julien,Roger Julien,Roger Julien,,,,CD,cd,area/aveyron,Aveyron,Assemblée nationale,2,,,,
roger_noiret,Roger Noiret,Roger Noiret,,,,UNR-UDT,unr-udt,area/ardennes,Ardennes,Assemblée nationale,2,,,,
roger_raulet,Roger Raulet,Roger Raulet,,,,UNR-UDT,unr-udt,area/marne,Marne,Assemblée nationale,2,,,,
roger_ribadeau-dumas,Roger Ribadeau-Dumas,Roger Ribadeau-Dumas,,,,UNR-UDT,unr-udt,area/drôme,Drôme,Assemblée nationale,2,,,,
roger_roucaute,Roger Roucaute,Roger Roucaute,,,,C,c,area/gard,Gard,Assemblée nationale,2,,,,
roger_souchal,Roger Souchal,Roger Souchal,,,,UNR-UDT,unr-udt,area/meurthe-et-moselle,Meurthe-et-Moselle,Assemblée nationale,2,,,,
roger_Évrard,Roger Évrard,Roger Évrard,,,,UNR-UDT,unr-udt,area/finistère,Finistère,Assemblée nationale,2,,,,
roland_boscary-monsservin,Roland Boscary-Monsservin,Roland Boscary-Monsservin,,,,RI,ri,area/aveyron,Aveyron,Assemblée nationale,2,,,,
roland_carter,Roland Carter,Roland Carter,,,,UNR-UDT,unr-udt,area/paris,Paris,Assemblée nationale,2,,,,
roland_nungesser,Roland Nungesser,Roland Nungesser,,,,UNR-UDT,unr-udt,area/seine,Seine,Assemblée nationale,2,,,,
rémy_montagne,Rémy Montagne,Rémy Montagne,,,,CD,cd,area/eure,Eure,Assemblée nationale,2,,,,
said_ibrahim_bin_said_ali,Said Ibrahim bin Said Ali,Said Ibrahim bin Said Ali,,,,UNR-UDT,unr-udt,area/comores,Comores,Assemblée nationale,2,,,,
suzanne_ploux,Suzanne Ploux,Suzanne Ploux,,,,UNR-UDT,unr-udt,area/finistère,Finistère,Assemblée nationale,2,,,,
théo_vial-massat,Théo Vial-Massat,Théo Vial-Massat,,,,C,c,area/loire,Loire,Assemblée nationale,2,,,,
tony_larue,Tony Larue,Tony Larue,,,,S,s,area/seine-maritime,Seine-Maritime,Assemblée nationale,2,,,,
valéry_giscard_d'estaing,Valéry Giscard d'Estaing,Valéry Giscard d'Estaing,,,,RI,ri,area/puy_de_dôme,Puy de Dôme,Assemblée nationale,2,,,,
victor_sablé,Victor Sablé,Victor Sablé,,,,RD,rd,area/martinique,Martinique,Assemblée nationale,2,,,,
vincent_ansquer,Vincent Ansquer,Vincent Ansquer,,,,UNR-UDT,unr-udt,area/vendée,Vendée,Assemblée nationale,2,,,,
waldeck_l'huillier,Waldeck L'Huillier,Waldeck L'Huillier,,,,C,c,area/seine,Seine,Assemblée nationale,2,,,,
waldeck_rochet,Waldeck Rochet,Waldeck Rochet,,,,C,c,area/seine,Seine,Assemblée nationale,2,,,,
william_jacson,William Jacson,William Jacson,,,,UNR-UDT,unr-udt,area/meurthe-et-moselle,Meurthe-et-Moselle,Assemblée nationale,2,,,,
xavier_deniau,Xavier Deniau,Xavier Deniau,,,,UNR-UDT,unr-udt,area/loiret,Loiret,Assemblée nationale,2,,,,
xavier_hunault,Xavier Hunault,Xavier Hunault,,,,Non-Inscrit,non-inscrit,area/loire-atlantique,Loire-Atlantique,Assemblée nationale,2,,,,
yves_guéna,Yves Guéna,Yves Guéna,,,,UNR-UDT,unr-udt,area/dordogne,Dordogne,Assemblée nationale,2,,,,
yves_du_halgouët,Yves du Halgouët,Yves du Halgouët,,,,RI,ri,area/morbihan,Morbihan,Assemblée nationale,2,,,,
yvon_bourges,Yvon Bourges,Yvon Bourges,,,,UNR-UDT,unr-udt,area/ille-et-vilaine,Ille-et-Vilaine,Assemblée nationale,2,,,,
Édouard_carlier,Édouard Carlier,Édouard Carlier,,,,C,c,area/pas-de-calais,Pas-de-Calais,Assemblée nationale,2,,,,
Édouard_charret,Édouard Charret,Édouard Charret,,,,UNR-UDT,unr-udt,area/rhône,Rhône,Assemblée nationale,2,,,,
Édouard_corniglion-molinier,Édouard Corniglion-Molinier,Édouard Corniglion-Molinier,,,,UNR-UDT,unr-udt,area/alpes-maritimes,Alpes-Maritimes,Assemblée nationale,2,,,,
Édouard_schlœsing,Édouard Schlœsing,Édouard Schlœsing,,,,RD,rd,area/lot-et-garonne,Lot-et-Garonne,Assemblée nationale,2,,,,
Émile_bizet,Émile Bizet,Émile Bizet,,,,CD,cd,area/manche,Manche,Assemblée nationale,2,,,,
Émile_dubuis,Émile Dubuis,Émile Dubuis,,,,CD,cd,area/ain,Ain,Assemblée nationale,2,,,,
Émile_halbout,Émile Halbout,Émile Halbout,,,,CD,cd,area/orne,Orne,Assemblée nationale,2,,,,
Émile_luciani,Émile Luciani,Émile Luciani,,,,UNR-UDT,unr-udt,area/somme,Somme,Assemblée nationale,2,,,,
Étienne_fajon,Étienne Fajon,Étienne Fajon,,,,C,c,area/seine,Seine,Assemblée nationale,2,,,,
Étienne_hinsberger,Étienne Hinsberger,Étienne Hinsberger,,,,UNR-UDT,unr-udt,area/moselle,Moselle,Assemblée nationale,2,,,,
Étienne_ponseillé,Étienne Ponseillé,Étienne Ponseillé,,,,RD,rd,area/hérault,Hérault,Assemblée nationale,2,,,,
